solid OpenSCAD_Model
  facet normal 0 0 -1
    outer loop
      vertex 5.20001 31.7 0.599999
      vertex 8.05 34.3 0.599999
      vertex 8.05 31.7 0.599999
    endloop
  endfacet
  facet normal -0 0 -1
    outer loop
      vertex 8.05 34.3 0.599999
      vertex 5.20001 31.7 0.599999
      vertex 5.20001 34.3 0.599999
    endloop
  endfacet
  facet normal 0 0 -1
    outer loop
      vertex 8.05 31.7 0.599999
      vertex 21.95 31.7 0.599999
      vertex 21.95 26.05 0.599999
    endloop
  endfacet
  facet normal 0 0 -1
    outer loop
      vertex 21.95 31.7 0.599999
      vertex 8.05 31.7 0.599999
      vertex 21.95 34.3 0.599999
    endloop
  endfacet
  facet normal 0 0 -1
    outer loop
      vertex 8.05 31.7 0.599999
      vertex 21.95 26.05 0.599999
      vertex 8.05 26.05 0.599999
    endloop
  endfacet
  facet normal 0 0 -1
    outer loop
      vertex 8.05 34.3 0.599999
      vertex 21.95 34.3 0.599999
      vertex 8.05 31.7 0.599999
    endloop
  endfacet
  facet normal 0 0 -1
    outer loop
      vertex 21.95 34.3 0.599999
      vertex 8.05 34.3 0.599999
      vertex 21.95 39.95 0.599999
    endloop
  endfacet
  facet normal -0 0 -1
    outer loop
      vertex 21.95 39.95 0.599999
      vertex 8.05 34.3 0.599999
      vertex 8.05 39.95 0.599999
    endloop
  endfacet
  facet normal 0 0 -1
    outer loop
      vertex 21.95 31.7 0.599999
      vertex 26.05 34.3 0.599999
      vertex 26.05 31.7 0.599999
    endloop
  endfacet
  facet normal -0 0 -1
    outer loop
      vertex 26.05 34.3 0.599999
      vertex 21.95 31.7 0.599999
      vertex 21.95 34.3 0.599999
    endloop
  endfacet
  facet normal 0 0 -1
    outer loop
      vertex 26.05 31.7 0.599999
      vertex 39.95 31.7 0.599999
      vertex 39.95 26.05 0.599999
    endloop
  endfacet
  facet normal 0 0 -1
    outer loop
      vertex 39.95 31.7 0.599999
      vertex 26.05 31.7 0.599999
      vertex 39.95 34.3 0.599999
    endloop
  endfacet
  facet normal 0 0 -1
    outer loop
      vertex 26.05 31.7 0.599999
      vertex 39.95 26.05 0.599999
      vertex 26.05 26.05 0.599999
    endloop
  endfacet
  facet normal 0 0 -1
    outer loop
      vertex 26.05 34.3 0.599999
      vertex 39.95 34.3 0.599999
      vertex 26.05 31.7 0.599999
    endloop
  endfacet
  facet normal 0 0 -1
    outer loop
      vertex 39.95 34.3 0.599999
      vertex 26.05 34.3 0.599999
      vertex 39.95 39.95 0.599999
    endloop
  endfacet
  facet normal -0 0 -1
    outer loop
      vertex 39.95 39.95 0.599999
      vertex 26.05 34.3 0.599999
      vertex 26.05 39.95 0.599999
    endloop
  endfacet
  facet normal 0 0 -1
    outer loop
      vertex 39.95 31.7 0.599999
      vertex 44.05 34.3 0.599999
      vertex 44.05 31.7 0.599999
    endloop
  endfacet
  facet normal -0 0 -1
    outer loop
      vertex 44.05 34.3 0.599999
      vertex 39.95 31.7 0.599999
      vertex 39.95 34.3 0.599999
    endloop
  endfacet
  facet normal 0 0 -1
    outer loop
      vertex 44.05 31.7 0.599999
      vertex 57.95 31.7 0.599999
      vertex 57.95 26.05 0.599999
    endloop
  endfacet
  facet normal 0 0 -1
    outer loop
      vertex 57.95 31.7 0.599999
      vertex 44.05 31.7 0.599999
      vertex 57.95 34.3 0.599999
    endloop
  endfacet
  facet normal 0 0 -1
    outer loop
      vertex 44.05 31.7 0.599999
      vertex 57.95 26.05 0.599999
      vertex 44.05 26.05 0.599999
    endloop
  endfacet
  facet normal 0 0 -1
    outer loop
      vertex 44.05 34.3 0.599999
      vertex 57.95 34.3 0.599999
      vertex 44.05 31.7 0.599999
    endloop
  endfacet
  facet normal 0 0 -1
    outer loop
      vertex 57.95 34.3 0.599999
      vertex 44.05 34.3 0.599999
      vertex 57.95 39.95 0.599999
    endloop
  endfacet
  facet normal -0 0 -1
    outer loop
      vertex 57.95 39.95 0.599999
      vertex 44.05 34.3 0.599999
      vertex 44.05 39.95 0.599999
    endloop
  endfacet
  facet normal 0 0 -1
    outer loop
      vertex 57.95 31.7 0.599999
      vertex 62.05 34.3 0.599999
      vertex 62.05 31.7 0.599999
    endloop
  endfacet
  facet normal -0 0 -1
    outer loop
      vertex 62.05 34.3 0.599999
      vertex 57.95 31.7 0.599999
      vertex 57.95 34.3 0.599999
    endloop
  endfacet
  facet normal 0 0 -1
    outer loop
      vertex 62.05 31.7 0.599999
      vertex 75.95 31.7 0.599999
      vertex 75.95 26.05 0.599999
    endloop
  endfacet
  facet normal 0 0 -1
    outer loop
      vertex 75.95 31.7 0.599999
      vertex 62.05 31.7 0.599999
      vertex 75.95 34.3 0.599999
    endloop
  endfacet
  facet normal 0 0 -1
    outer loop
      vertex 62.05 31.7 0.599999
      vertex 75.95 26.05 0.599999
      vertex 62.05 26.05 0.599999
    endloop
  endfacet
  facet normal 0 0 -1
    outer loop
      vertex 62.05 34.3 0.599999
      vertex 75.95 34.3 0.599999
      vertex 62.05 31.7 0.599999
    endloop
  endfacet
  facet normal 0 0 -1
    outer loop
      vertex 75.95 34.3 0.599999
      vertex 62.05 34.3 0.599999
      vertex 75.95 39.95 0.599999
    endloop
  endfacet
  facet normal -0 0 -1
    outer loop
      vertex 75.95 39.95 0.599999
      vertex 62.05 34.3 0.599999
      vertex 62.05 39.95 0.599999
    endloop
  endfacet
  facet normal 0 0 -1
    outer loop
      vertex 75.95 31.7 0.599999
      vertex 80.05 34.3 0.599999
      vertex 80.05 31.7 0.599999
    endloop
  endfacet
  facet normal -0 0 -1
    outer loop
      vertex 80.05 34.3 0.599999
      vertex 75.95 31.7 0.599999
      vertex 75.95 34.3 0.599999
    endloop
  endfacet
  facet normal 0 0 -1
    outer loop
      vertex 80.05 31.7 0.599999
      vertex 93.95 31.7 0.599999
      vertex 93.95 26.05 0.599999
    endloop
  endfacet
  facet normal 0 0 -1
    outer loop
      vertex 93.95 31.7 0.599999
      vertex 80.05 31.7 0.599999
      vertex 93.95 34.3 0.599999
    endloop
  endfacet
  facet normal 0 0 -1
    outer loop
      vertex 80.05 31.7 0.599999
      vertex 93.95 26.05 0.599999
      vertex 80.05 26.05 0.599999
    endloop
  endfacet
  facet normal 0 0 -1
    outer loop
      vertex 80.05 34.3 0.599999
      vertex 93.95 34.3 0.599999
      vertex 80.05 31.7 0.599999
    endloop
  endfacet
  facet normal 0 0 -1
    outer loop
      vertex 93.95 34.3 0.599999
      vertex 80.05 34.3 0.599999
      vertex 93.95 39.95 0.599999
    endloop
  endfacet
  facet normal -0 0 -1
    outer loop
      vertex 93.95 39.95 0.599999
      vertex 80.05 34.3 0.599999
      vertex 80.05 39.95 0.599999
    endloop
  endfacet
  facet normal 0 0 -1
    outer loop
      vertex 93.95 31.7 0.599999
      vertex 96.8 34.3 0.599999
      vertex 96.8 31.7 0.599999
    endloop
  endfacet
  facet normal -0 0 -1
    outer loop
      vertex 96.8 34.3 0.599999
      vertex 93.95 31.7 0.599999
      vertex 93.95 34.3 0.599999
    endloop
  endfacet
  facet normal 0 1 -0
    outer loop
      vertex 80.05 31.7 0
      vertex 75.95 31.7 0.599999
      vertex 80.05 31.7 0.599999
    endloop
  endfacet
  facet normal 0 1 0
    outer loop
      vertex 75.95 31.7 0.599999
      vertex 80.05 31.7 0
      vertex 75.95 31.7 0
    endloop
  endfacet
  facet normal 0 -1 0
    outer loop
      vertex 75.95 34.3 0
      vertex 80.05 34.3 0.599999
      vertex 75.95 34.3 0.599999
    endloop
  endfacet
  facet normal 0 -1 -0
    outer loop
      vertex 80.05 34.3 0.599999
      vertex 75.95 34.3 0
      vertex 80.05 34.3 0
    endloop
  endfacet
  facet normal -1 0 0
    outer loop
      vertex 75.95 34.3 0
      vertex 75.95 39.95 0.599999
      vertex 75.95 39.95 0
    endloop
  endfacet
  facet normal -1 -0 0
    outer loop
      vertex 75.95 39.95 0.599999
      vertex 75.95 34.3 0
      vertex 75.95 34.3 0.599999
    endloop
  endfacet
  facet normal 0 -1 0
    outer loop
      vertex 62.05 39.95 0
      vertex 75.95 39.95 0.599999
      vertex 62.05 39.95 0.599999
    endloop
  endfacet
  facet normal 0 -1 -0
    outer loop
      vertex 75.95 39.95 0.599999
      vertex 62.05 39.95 0
      vertex 75.95 39.95 0
    endloop
  endfacet
  facet normal 1 -0 0
    outer loop
      vertex 62.05 34.3 0.599999
      vertex 62.05 39.95 0
      vertex 62.05 39.95 0.599999
    endloop
  endfacet
  facet normal 1 0 0
    outer loop
      vertex 62.05 39.95 0
      vertex 62.05 34.3 0.599999
      vertex 62.05 34.3 0
    endloop
  endfacet
  facet normal 0 -1 0
    outer loop
      vertex 57.95 34.3 0
      vertex 62.05 34.3 0.599999
      vertex 57.95 34.3 0.599999
    endloop
  endfacet
  facet normal 0 -1 -0
    outer loop
      vertex 62.05 34.3 0.599999
      vertex 57.95 34.3 0
      vertex 62.05 34.3 0
    endloop
  endfacet
  facet normal 0 1 -0
    outer loop
      vertex 62.05 31.7 0
      vertex 57.95 31.7 0.599999
      vertex 62.05 31.7 0.599999
    endloop
  endfacet
  facet normal 0 1 0
    outer loop
      vertex 57.95 31.7 0.599999
      vertex 62.05 31.7 0
      vertex 57.95 31.7 0
    endloop
  endfacet
  facet normal 1 -0 0
    outer loop
      vertex 62.05 26.05 0.599999
      vertex 62.05 31.7 0
      vertex 62.05 31.7 0.599999
    endloop
  endfacet
  facet normal 1 0 0
    outer loop
      vertex 62.05 31.7 0
      vertex 62.05 26.05 0.599999
      vertex 62.05 26.05 0
    endloop
  endfacet
  facet normal 0 1 -0
    outer loop
      vertex 75.95 26.05 0
      vertex 62.05 26.05 0.599999
      vertex 75.95 26.05 0.599999
    endloop
  endfacet
  facet normal 0 1 0
    outer loop
      vertex 62.05 26.05 0.599999
      vertex 75.95 26.05 0
      vertex 62.05 26.05 0
    endloop
  endfacet
  facet normal -1 0 0
    outer loop
      vertex 75.95 26.05 0
      vertex 75.95 31.7 0.599999
      vertex 75.95 31.7 0
    endloop
  endfacet
  facet normal -1 -0 0
    outer loop
      vertex 75.95 31.7 0.599999
      vertex 75.95 26.05 0
      vertex 75.95 26.05 0.599999
    endloop
  endfacet
  facet normal 0 1 -0
    outer loop
      vertex 96.8 31.7 0
      vertex 93.95 31.7 0.599999
      vertex 96.8 31.7 0.599999
    endloop
  endfacet
  facet normal 0 1 0
    outer loop
      vertex 93.95 31.7 0.599999
      vertex 96.8 31.7 0
      vertex 93.95 31.7 0
    endloop
  endfacet
  facet normal -1 0 0
    outer loop
      vertex 96.8 31.7 0
      vertex 96.8 34.3 0.599999
      vertex 96.8 34.3 0
    endloop
  endfacet
  facet normal -1 -0 0
    outer loop
      vertex 96.8 34.3 0.599999
      vertex 96.8 31.7 0
      vertex 96.8 31.7 0.599999
    endloop
  endfacet
  facet normal 0 -1 0
    outer loop
      vertex 93.95 34.3 0
      vertex 96.8 34.3 0.599999
      vertex 93.95 34.3 0.599999
    endloop
  endfacet
  facet normal 0 -1 -0
    outer loop
      vertex 96.8 34.3 0.599999
      vertex 93.95 34.3 0
      vertex 96.8 34.3 0
    endloop
  endfacet
  facet normal -1 0 0
    outer loop
      vertex 93.95 34.3 0
      vertex 93.95 39.95 0.599999
      vertex 93.95 39.95 0
    endloop
  endfacet
  facet normal -1 -0 0
    outer loop
      vertex 93.95 39.95 0.599999
      vertex 93.95 34.3 0
      vertex 93.95 34.3 0.599999
    endloop
  endfacet
  facet normal 0 -1 0
    outer loop
      vertex 80.05 39.95 0
      vertex 93.95 39.95 0.599999
      vertex 80.05 39.95 0.599999
    endloop
  endfacet
  facet normal 0 -1 -0
    outer loop
      vertex 93.95 39.95 0.599999
      vertex 80.05 39.95 0
      vertex 93.95 39.95 0
    endloop
  endfacet
  facet normal 1 -0 0
    outer loop
      vertex 80.05 34.3 0.599999
      vertex 80.05 39.95 0
      vertex 80.05 39.95 0.599999
    endloop
  endfacet
  facet normal 1 0 0
    outer loop
      vertex 80.05 39.95 0
      vertex 80.05 34.3 0.599999
      vertex 80.05 34.3 0
    endloop
  endfacet
  facet normal 1 -0 0
    outer loop
      vertex 80.05 26.05 0.599999
      vertex 80.05 31.7 0
      vertex 80.05 31.7 0.599999
    endloop
  endfacet
  facet normal 1 0 0
    outer loop
      vertex 80.05 31.7 0
      vertex 80.05 26.05 0.599999
      vertex 80.05 26.05 0
    endloop
  endfacet
  facet normal 0 1 -0
    outer loop
      vertex 93.95 26.05 0
      vertex 80.05 26.05 0.599999
      vertex 93.95 26.05 0.599999
    endloop
  endfacet
  facet normal 0 1 0
    outer loop
      vertex 80.05 26.05 0.599999
      vertex 93.95 26.05 0
      vertex 80.05 26.05 0
    endloop
  endfacet
  facet normal -1 0 0
    outer loop
      vertex 93.95 26.05 0
      vertex 93.95 31.7 0.599999
      vertex 93.95 31.7 0
    endloop
  endfacet
  facet normal -1 -0 0
    outer loop
      vertex 93.95 31.7 0.599999
      vertex 93.95 26.05 0
      vertex 93.95 26.05 0.599999
    endloop
  endfacet
  facet normal 0 0 -1
    outer loop
      vertex 5.20001 49.7 0.599999
      vertex 8.05 52.3 0.599999
      vertex 8.05 49.7 0.599999
    endloop
  endfacet
  facet normal -0 0 -1
    outer loop
      vertex 8.05 52.3 0.599999
      vertex 5.20001 49.7 0.599999
      vertex 5.20001 52.3 0.599999
    endloop
  endfacet
  facet normal 0 0 -1
    outer loop
      vertex 8.05 49.7 0.599999
      vertex 21.95 49.7 0.599999
      vertex 21.95 44.05 0.599999
    endloop
  endfacet
  facet normal 0 0 -1
    outer loop
      vertex 21.95 49.7 0.599999
      vertex 8.05 49.7 0.599999
      vertex 21.95 52.3 0.599999
    endloop
  endfacet
  facet normal 0 0 -1
    outer loop
      vertex 8.05 49.7 0.599999
      vertex 21.95 44.05 0.599999
      vertex 8.05 44.05 0.599999
    endloop
  endfacet
  facet normal 0 0 -1
    outer loop
      vertex 8.05 52.3 0.599999
      vertex 21.95 52.3 0.599999
      vertex 8.05 49.7 0.599999
    endloop
  endfacet
  facet normal 0 0 -1
    outer loop
      vertex 21.95 52.3 0.599999
      vertex 8.05 52.3 0.599999
      vertex 21.95 57.95 0.599999
    endloop
  endfacet
  facet normal -0 0 -1
    outer loop
      vertex 21.95 57.95 0.599999
      vertex 8.05 52.3 0.599999
      vertex 8.05 57.95 0.599999
    endloop
  endfacet
  facet normal 0 0 -1
    outer loop
      vertex 21.95 49.7 0.599999
      vertex 24.8 52.3 0.599999
      vertex 24.8 49.7 0.599999
    endloop
  endfacet
  facet normal -0 0 -1
    outer loop
      vertex 24.8 52.3 0.599999
      vertex 21.95 49.7 0.599999
      vertex 21.95 52.3 0.599999
    endloop
  endfacet
  facet normal 0 1 -0
    outer loop
      vertex 24.8 49.7 0
      vertex 21.95 49.7 0.599999
      vertex 24.8 49.7 0.599999
    endloop
  endfacet
  facet normal 0 1 0
    outer loop
      vertex 21.95 49.7 0.599999
      vertex 24.8 49.7 0
      vertex 21.95 49.7 0
    endloop
  endfacet
  facet normal -1 0 0
    outer loop
      vertex 24.8 49.7 0
      vertex 24.8 52.3 0.599999
      vertex 24.8 52.3 0
    endloop
  endfacet
  facet normal -1 -0 0
    outer loop
      vertex 24.8 52.3 0.599999
      vertex 24.8 49.7 0
      vertex 24.8 49.7 0.599999
    endloop
  endfacet
  facet normal 0 -1 0
    outer loop
      vertex 21.95 52.3 0
      vertex 24.8 52.3 0.599999
      vertex 21.95 52.3 0.599999
    endloop
  endfacet
  facet normal 0 -1 -0
    outer loop
      vertex 24.8 52.3 0.599999
      vertex 21.95 52.3 0
      vertex 24.8 52.3 0
    endloop
  endfacet
  facet normal -1 0 0
    outer loop
      vertex 21.95 52.3 0
      vertex 21.95 57.95 0.599999
      vertex 21.95 57.95 0
    endloop
  endfacet
  facet normal -1 -0 0
    outer loop
      vertex 21.95 57.95 0.599999
      vertex 21.95 52.3 0
      vertex 21.95 52.3 0.599999
    endloop
  endfacet
  facet normal 0 -1 0
    outer loop
      vertex 8.05 57.95 0
      vertex 21.95 57.95 0.599999
      vertex 8.05 57.95 0.599999
    endloop
  endfacet
  facet normal 0 -1 -0
    outer loop
      vertex 21.95 57.95 0.599999
      vertex 8.05 57.95 0
      vertex 21.95 57.95 0
    endloop
  endfacet
  facet normal 1 -0 0
    outer loop
      vertex 8.05 52.3 0.599999
      vertex 8.05 57.95 0
      vertex 8.05 57.95 0.599999
    endloop
  endfacet
  facet normal 1 0 0
    outer loop
      vertex 8.05 57.95 0
      vertex 8.05 52.3 0.599999
      vertex 8.05 52.3 0
    endloop
  endfacet
  facet normal 0 -1 0
    outer loop
      vertex 5.20001 52.3 0
      vertex 8.05 52.3 0.599999
      vertex 5.20001 52.3 0.599999
    endloop
  endfacet
  facet normal 0 -1 -0
    outer loop
      vertex 8.05 52.3 0.599999
      vertex 5.20001 52.3 0
      vertex 8.05 52.3 0
    endloop
  endfacet
  facet normal 1 -0 0
    outer loop
      vertex 5.20001 49.7 0.599999
      vertex 5.20001 52.3 0
      vertex 5.20001 52.3 0.599999
    endloop
  endfacet
  facet normal 1 0 0
    outer loop
      vertex 5.20001 52.3 0
      vertex 5.20001 49.7 0.599999
      vertex 5.20001 49.7 0
    endloop
  endfacet
  facet normal 0 1 -0
    outer loop
      vertex 8.05 49.7 0
      vertex 5.20001 49.7 0.599999
      vertex 8.05 49.7 0.599999
    endloop
  endfacet
  facet normal 0 1 0
    outer loop
      vertex 5.20001 49.7 0.599999
      vertex 8.05 49.7 0
      vertex 5.20001 49.7 0
    endloop
  endfacet
  facet normal 1 -0 0
    outer loop
      vertex 8.05 44.05 0.599999
      vertex 8.05 49.7 0
      vertex 8.05 49.7 0.599999
    endloop
  endfacet
  facet normal 1 0 0
    outer loop
      vertex 8.05 49.7 0
      vertex 8.05 44.05 0.599999
      vertex 8.05 44.05 0
    endloop
  endfacet
  facet normal 0 1 -0
    outer loop
      vertex 21.95 44.05 0
      vertex 8.05 44.05 0.599999
      vertex 21.95 44.05 0.599999
    endloop
  endfacet
  facet normal 0 1 0
    outer loop
      vertex 8.05 44.05 0.599999
      vertex 21.95 44.05 0
      vertex 8.05 44.05 0
    endloop
  endfacet
  facet normal -1 0 0
    outer loop
      vertex 21.95 44.05 0
      vertex 21.95 49.7 0.599999
      vertex 21.95 49.7 0
    endloop
  endfacet
  facet normal -1 -0 0
    outer loop
      vertex 21.95 49.7 0.599999
      vertex 21.95 44.05 0
      vertex 21.95 44.05 0.599999
    endloop
  endfacet
  facet normal 0 0 -1
    outer loop
      vertex 32.2 49.7 0.599999
      vertex 35.05 52.3 0.599999
      vertex 35.05 49.7 0.599999
    endloop
  endfacet
  facet normal -0 0 -1
    outer loop
      vertex 35.05 52.3 0.599999
      vertex 32.2 49.7 0.599999
      vertex 32.2 52.3 0.599999
    endloop
  endfacet
  facet normal 0 0 -1
    outer loop
      vertex 35.05 49.7 0.599999
      vertex 48.95 49.7 0.599999
      vertex 48.95 44.05 0.599999
    endloop
  endfacet
  facet normal 0 0 -1
    outer loop
      vertex 48.95 49.7 0.599999
      vertex 35.05 49.7 0.599999
      vertex 48.95 52.3 0.599999
    endloop
  endfacet
  facet normal 0 0 -1
    outer loop
      vertex 35.05 49.7 0.599999
      vertex 48.95 44.05 0.599999
      vertex 35.05 44.05 0.599999
    endloop
  endfacet
  facet normal 0 0 -1
    outer loop
      vertex 35.05 52.3 0.599999
      vertex 48.95 52.3 0.599999
      vertex 35.05 49.7 0.599999
    endloop
  endfacet
  facet normal 0 0 -1
    outer loop
      vertex 48.95 52.3 0.599999
      vertex 35.05 52.3 0.599999
      vertex 48.95 57.95 0.599999
    endloop
  endfacet
  facet normal -0 0 -1
    outer loop
      vertex 48.95 57.95 0.599999
      vertex 35.05 52.3 0.599999
      vertex 35.05 57.95 0.599999
    endloop
  endfacet
  facet normal 0 0 -1
    outer loop
      vertex 48.95 49.7 0.599999
      vertex 51.8 52.3 0.599999
      vertex 51.8 49.7 0.599999
    endloop
  endfacet
  facet normal -0 0 -1
    outer loop
      vertex 51.8 52.3 0.599999
      vertex 48.95 49.7 0.599999
      vertex 48.95 52.3 0.599999
    endloop
  endfacet
  facet normal 0 1 -0
    outer loop
      vertex 51.8 49.7 0
      vertex 48.95 49.7 0.599999
      vertex 51.8 49.7 0.599999
    endloop
  endfacet
  facet normal 0 1 0
    outer loop
      vertex 48.95 49.7 0.599999
      vertex 51.8 49.7 0
      vertex 48.95 49.7 0
    endloop
  endfacet
  facet normal -1 0 0
    outer loop
      vertex 51.8 49.7 0
      vertex 51.8 52.3 0.599999
      vertex 51.8 52.3 0
    endloop
  endfacet
  facet normal -1 -0 0
    outer loop
      vertex 51.8 52.3 0.599999
      vertex 51.8 49.7 0
      vertex 51.8 49.7 0.599999
    endloop
  endfacet
  facet normal 0 -1 0
    outer loop
      vertex 48.95 52.3 0
      vertex 51.8 52.3 0.599999
      vertex 48.95 52.3 0.599999
    endloop
  endfacet
  facet normal 0 -1 -0
    outer loop
      vertex 51.8 52.3 0.599999
      vertex 48.95 52.3 0
      vertex 51.8 52.3 0
    endloop
  endfacet
  facet normal -1 0 0
    outer loop
      vertex 48.95 52.3 0
      vertex 48.95 57.95 0.599999
      vertex 48.95 57.95 0
    endloop
  endfacet
  facet normal -1 -0 0
    outer loop
      vertex 48.95 57.95 0.599999
      vertex 48.95 52.3 0
      vertex 48.95 52.3 0.599999
    endloop
  endfacet
  facet normal 0 -1 0
    outer loop
      vertex 35.05 57.95 0
      vertex 48.95 57.95 0.599999
      vertex 35.05 57.95 0.599999
    endloop
  endfacet
  facet normal 0 -1 -0
    outer loop
      vertex 48.95 57.95 0.599999
      vertex 35.05 57.95 0
      vertex 48.95 57.95 0
    endloop
  endfacet
  facet normal 1 -0 0
    outer loop
      vertex 35.05 52.3 0.599999
      vertex 35.05 57.95 0
      vertex 35.05 57.95 0.599999
    endloop
  endfacet
  facet normal 1 0 0
    outer loop
      vertex 35.05 57.95 0
      vertex 35.05 52.3 0.599999
      vertex 35.05 52.3 0
    endloop
  endfacet
  facet normal 0 -1 0
    outer loop
      vertex 32.2 52.3 0
      vertex 35.05 52.3 0.599999
      vertex 32.2 52.3 0.599999
    endloop
  endfacet
  facet normal 0 -1 -0
    outer loop
      vertex 35.05 52.3 0.599999
      vertex 32.2 52.3 0
      vertex 35.05 52.3 0
    endloop
  endfacet
  facet normal 1 -0 0
    outer loop
      vertex 32.2 49.7 0.599999
      vertex 32.2 52.3 0
      vertex 32.2 52.3 0.599999
    endloop
  endfacet
  facet normal 1 0 0
    outer loop
      vertex 32.2 52.3 0
      vertex 32.2 49.7 0.599999
      vertex 32.2 49.7 0
    endloop
  endfacet
  facet normal 0 1 -0
    outer loop
      vertex 35.05 49.7 0
      vertex 32.2 49.7 0.599999
      vertex 35.05 49.7 0.599999
    endloop
  endfacet
  facet normal 0 1 0
    outer loop
      vertex 32.2 49.7 0.599999
      vertex 35.05 49.7 0
      vertex 32.2 49.7 0
    endloop
  endfacet
  facet normal 1 -0 0
    outer loop
      vertex 35.05 44.05 0.599999
      vertex 35.05 49.7 0
      vertex 35.05 49.7 0.599999
    endloop
  endfacet
  facet normal 1 0 0
    outer loop
      vertex 35.05 49.7 0
      vertex 35.05 44.05 0.599999
      vertex 35.05 44.05 0
    endloop
  endfacet
  facet normal 0 1 -0
    outer loop
      vertex 48.95 44.05 0
      vertex 35.05 44.05 0.599999
      vertex 48.95 44.05 0.599999
    endloop
  endfacet
  facet normal 0 1 0
    outer loop
      vertex 35.05 44.05 0.599999
      vertex 48.95 44.05 0
      vertex 35.05 44.05 0
    endloop
  endfacet
  facet normal -1 0 0
    outer loop
      vertex 48.95 44.05 0
      vertex 48.95 49.7 0.599999
      vertex 48.95 49.7 0
    endloop
  endfacet
  facet normal -1 -0 0
    outer loop
      vertex 48.95 49.7 0.599999
      vertex 48.95 44.05 0
      vertex 48.95 44.05 0.599999
    endloop
  endfacet
  facet normal 0 0 -1
    outer loop
      vertex 59.2 49.7 0.599999
      vertex 62.05 52.3 0.599999
      vertex 62.05 49.7 0.599999
    endloop
  endfacet
  facet normal -0 0 -1
    outer loop
      vertex 62.05 52.3 0.599999
      vertex 59.2 49.7 0.599999
      vertex 59.2 52.3 0.599999
    endloop
  endfacet
  facet normal 0 0 -1
    outer loop
      vertex 62.05 49.7 0.599999
      vertex 75.95 49.7 0.599999
      vertex 75.95 44.05 0.599999
    endloop
  endfacet
  facet normal 0 0 -1
    outer loop
      vertex 75.95 49.7 0.599999
      vertex 62.05 49.7 0.599999
      vertex 75.95 52.3 0.599999
    endloop
  endfacet
  facet normal 0 0 -1
    outer loop
      vertex 62.05 49.7 0.599999
      vertex 75.95 44.05 0.599999
      vertex 62.05 44.05 0.599999
    endloop
  endfacet
  facet normal 0 0 -1
    outer loop
      vertex 62.05 52.3 0.599999
      vertex 75.95 52.3 0.599999
      vertex 62.05 49.7 0.599999
    endloop
  endfacet
  facet normal 0 0 -1
    outer loop
      vertex 75.95 52.3 0.599999
      vertex 62.05 52.3 0.599999
      vertex 75.95 57.95 0.599999
    endloop
  endfacet
  facet normal -0 0 -1
    outer loop
      vertex 75.95 57.95 0.599999
      vertex 62.05 52.3 0.599999
      vertex 62.05 57.95 0.599999
    endloop
  endfacet
  facet normal 0 0 -1
    outer loop
      vertex 75.95 49.7 0.599999
      vertex 80.05 52.3 0.599999
      vertex 80.05 49.7 0.599999
    endloop
  endfacet
  facet normal -0 0 -1
    outer loop
      vertex 80.05 52.3 0.599999
      vertex 75.95 49.7 0.599999
      vertex 75.95 52.3 0.599999
    endloop
  endfacet
  facet normal 0 0 -1
    outer loop
      vertex 80.05 49.7 0.599999
      vertex 93.95 49.7 0.599999
      vertex 93.95 44.05 0.599999
    endloop
  endfacet
  facet normal 0 0 -1
    outer loop
      vertex 93.95 49.7 0.599999
      vertex 80.05 49.7 0.599999
      vertex 93.95 52.3 0.599999
    endloop
  endfacet
  facet normal 0 0 -1
    outer loop
      vertex 80.05 49.7 0.599999
      vertex 93.95 44.05 0.599999
      vertex 80.05 44.05 0.599999
    endloop
  endfacet
  facet normal 0 0 -1
    outer loop
      vertex 80.05 52.3 0.599999
      vertex 93.95 52.3 0.599999
      vertex 80.05 49.7 0.599999
    endloop
  endfacet
  facet normal 0 0 -1
    outer loop
      vertex 93.95 52.3 0.599999
      vertex 80.05 52.3 0.599999
      vertex 93.95 57.95 0.599999
    endloop
  endfacet
  facet normal -0 0 -1
    outer loop
      vertex 93.95 57.95 0.599999
      vertex 80.05 52.3 0.599999
      vertex 80.05 57.95 0.599999
    endloop
  endfacet
  facet normal 0 0 -1
    outer loop
      vertex 93.95 49.7 0.599999
      vertex 96.8 52.3 0.599999
      vertex 96.8 49.7 0.599999
    endloop
  endfacet
  facet normal -0 0 -1
    outer loop
      vertex 96.8 52.3 0.599999
      vertex 93.95 49.7 0.599999
      vertex 93.95 52.3 0.599999
    endloop
  endfacet
  facet normal 0 1 -0
    outer loop
      vertex 80.05 49.7 0
      vertex 75.95 49.7 0.599999
      vertex 80.05 49.7 0.599999
    endloop
  endfacet
  facet normal 0 1 0
    outer loop
      vertex 75.95 49.7 0.599999
      vertex 80.05 49.7 0
      vertex 75.95 49.7 0
    endloop
  endfacet
  facet normal 0 -1 0
    outer loop
      vertex 75.95 52.3 0
      vertex 80.05 52.3 0.599999
      vertex 75.95 52.3 0.599999
    endloop
  endfacet
  facet normal 0 -1 -0
    outer loop
      vertex 80.05 52.3 0.599999
      vertex 75.95 52.3 0
      vertex 80.05 52.3 0
    endloop
  endfacet
  facet normal -1 0 0
    outer loop
      vertex 75.95 52.3 0
      vertex 75.95 57.95 0.599999
      vertex 75.95 57.95 0
    endloop
  endfacet
  facet normal -1 -0 0
    outer loop
      vertex 75.95 57.95 0.599999
      vertex 75.95 52.3 0
      vertex 75.95 52.3 0.599999
    endloop
  endfacet
  facet normal 0 -1 0
    outer loop
      vertex 62.05 57.95 0
      vertex 75.95 57.95 0.599999
      vertex 62.05 57.95 0.599999
    endloop
  endfacet
  facet normal 0 -1 -0
    outer loop
      vertex 75.95 57.95 0.599999
      vertex 62.05 57.95 0
      vertex 75.95 57.95 0
    endloop
  endfacet
  facet normal 1 -0 0
    outer loop
      vertex 62.05 52.3 0.599999
      vertex 62.05 57.95 0
      vertex 62.05 57.95 0.599999
    endloop
  endfacet
  facet normal 1 0 0
    outer loop
      vertex 62.05 57.95 0
      vertex 62.05 52.3 0.599999
      vertex 62.05 52.3 0
    endloop
  endfacet
  facet normal 0 -1 0
    outer loop
      vertex 59.2 52.3 0
      vertex 62.05 52.3 0.599999
      vertex 59.2 52.3 0.599999
    endloop
  endfacet
  facet normal 0 -1 -0
    outer loop
      vertex 62.05 52.3 0.599999
      vertex 59.2 52.3 0
      vertex 62.05 52.3 0
    endloop
  endfacet
  facet normal 1 -0 0
    outer loop
      vertex 59.2 49.7 0.599999
      vertex 59.2 52.3 0
      vertex 59.2 52.3 0.599999
    endloop
  endfacet
  facet normal 1 0 0
    outer loop
      vertex 59.2 52.3 0
      vertex 59.2 49.7 0.599999
      vertex 59.2 49.7 0
    endloop
  endfacet
  facet normal 0 1 -0
    outer loop
      vertex 62.05 49.7 0
      vertex 59.2 49.7 0.599999
      vertex 62.05 49.7 0.599999
    endloop
  endfacet
  facet normal 0 1 0
    outer loop
      vertex 59.2 49.7 0.599999
      vertex 62.05 49.7 0
      vertex 59.2 49.7 0
    endloop
  endfacet
  facet normal 1 -0 0
    outer loop
      vertex 62.05 44.05 0.599999
      vertex 62.05 49.7 0
      vertex 62.05 49.7 0.599999
    endloop
  endfacet
  facet normal 1 0 0
    outer loop
      vertex 62.05 49.7 0
      vertex 62.05 44.05 0.599999
      vertex 62.05 44.05 0
    endloop
  endfacet
  facet normal 0 1 -0
    outer loop
      vertex 75.95 44.05 0
      vertex 62.05 44.05 0.599999
      vertex 75.95 44.05 0.599999
    endloop
  endfacet
  facet normal 0 1 0
    outer loop
      vertex 62.05 44.05 0.599999
      vertex 75.95 44.05 0
      vertex 62.05 44.05 0
    endloop
  endfacet
  facet normal -1 0 0
    outer loop
      vertex 75.95 44.05 0
      vertex 75.95 49.7 0.599999
      vertex 75.95 49.7 0
    endloop
  endfacet
  facet normal -1 -0 0
    outer loop
      vertex 75.95 49.7 0.599999
      vertex 75.95 44.05 0
      vertex 75.95 44.05 0.599999
    endloop
  endfacet
  facet normal 0 0 -1
    outer loop
      vertex 5.20001 13.7 0.599999
      vertex 8.05 16.3 0.599999
      vertex 8.05 13.7 0.599999
    endloop
  endfacet
  facet normal -0 0 -1
    outer loop
      vertex 8.05 16.3 0.599999
      vertex 5.20001 13.7 0.599999
      vertex 5.20001 16.3 0.599999
    endloop
  endfacet
  facet normal 0 0 -1
    outer loop
      vertex 8.05 13.7 0.599999
      vertex 21.95 13.7 0.599999
      vertex 21.95 8.05 0.599999
    endloop
  endfacet
  facet normal 0 0 -1
    outer loop
      vertex 21.95 13.7 0.599999
      vertex 8.05 13.7 0.599999
      vertex 21.95 16.3 0.599999
    endloop
  endfacet
  facet normal 0 0 -1
    outer loop
      vertex 8.05 13.7 0.599999
      vertex 21.95 8.05 0.599999
      vertex 8.05 8.05 0.599999
    endloop
  endfacet
  facet normal 0 0 -1
    outer loop
      vertex 8.05 16.3 0.599999
      vertex 21.95 16.3 0.599999
      vertex 8.05 13.7 0.599999
    endloop
  endfacet
  facet normal 0 0 -1
    outer loop
      vertex 21.95 16.3 0.599999
      vertex 8.05 16.3 0.599999
      vertex 21.95 21.95 0.599999
    endloop
  endfacet
  facet normal -0 0 -1
    outer loop
      vertex 21.95 21.95 0.599999
      vertex 8.05 16.3 0.599999
      vertex 8.05 21.95 0.599999
    endloop
  endfacet
  facet normal 0 0 -1
    outer loop
      vertex 21.95 13.7 0.599999
      vertex 26.05 16.3 0.599999
      vertex 26.05 13.7 0.599999
    endloop
  endfacet
  facet normal -0 0 -1
    outer loop
      vertex 26.05 16.3 0.599999
      vertex 21.95 13.7 0.599999
      vertex 21.95 16.3 0.599999
    endloop
  endfacet
  facet normal 0 0 -1
    outer loop
      vertex 26.05 13.7 0.599999
      vertex 39.95 13.7 0.599999
      vertex 39.95 8.05 0.599999
    endloop
  endfacet
  facet normal 0 0 -1
    outer loop
      vertex 39.95 13.7 0.599999
      vertex 26.05 13.7 0.599999
      vertex 39.95 16.3 0.599999
    endloop
  endfacet
  facet normal 0 0 -1
    outer loop
      vertex 26.05 13.7 0.599999
      vertex 39.95 8.05 0.599999
      vertex 26.05 8.05 0.599999
    endloop
  endfacet
  facet normal 0 0 -1
    outer loop
      vertex 26.05 16.3 0.599999
      vertex 39.95 16.3 0.599999
      vertex 26.05 13.7 0.599999
    endloop
  endfacet
  facet normal 0 0 -1
    outer loop
      vertex 39.95 16.3 0.599999
      vertex 26.05 16.3 0.599999
      vertex 39.95 21.95 0.599999
    endloop
  endfacet
  facet normal -0 0 -1
    outer loop
      vertex 39.95 21.95 0.599999
      vertex 26.05 16.3 0.599999
      vertex 26.05 21.95 0.599999
    endloop
  endfacet
  facet normal 0 0 -1
    outer loop
      vertex 39.95 13.7 0.599999
      vertex 44.05 16.3 0.599999
      vertex 44.05 13.7 0.599999
    endloop
  endfacet
  facet normal -0 0 -1
    outer loop
      vertex 44.05 16.3 0.599999
      vertex 39.95 13.7 0.599999
      vertex 39.95 16.3 0.599999
    endloop
  endfacet
  facet normal 0 0 -1
    outer loop
      vertex 44.05 13.7 0.599999
      vertex 57.95 13.7 0.599999
      vertex 57.95 8.05 0.599999
    endloop
  endfacet
  facet normal 0 0 -1
    outer loop
      vertex 57.95 13.7 0.599999
      vertex 44.05 13.7 0.599999
      vertex 57.95 16.3 0.599999
    endloop
  endfacet
  facet normal 0 0 -1
    outer loop
      vertex 44.05 13.7 0.599999
      vertex 57.95 8.05 0.599999
      vertex 44.05 8.05 0.599999
    endloop
  endfacet
  facet normal 0 0 -1
    outer loop
      vertex 44.05 16.3 0.599999
      vertex 57.95 16.3 0.599999
      vertex 44.05 13.7 0.599999
    endloop
  endfacet
  facet normal 0 0 -1
    outer loop
      vertex 57.95 16.3 0.599999
      vertex 44.05 16.3 0.599999
      vertex 57.95 21.95 0.599999
    endloop
  endfacet
  facet normal -0 0 -1
    outer loop
      vertex 57.95 21.95 0.599999
      vertex 44.05 16.3 0.599999
      vertex 44.05 21.95 0.599999
    endloop
  endfacet
  facet normal 0 0 -1
    outer loop
      vertex 57.95 13.7 0.599999
      vertex 62.05 16.3 0.599999
      vertex 62.05 13.7 0.599999
    endloop
  endfacet
  facet normal -0 0 -1
    outer loop
      vertex 62.05 16.3 0.599999
      vertex 57.95 13.7 0.599999
      vertex 57.95 16.3 0.599999
    endloop
  endfacet
  facet normal 0 0 -1
    outer loop
      vertex 62.05 13.7 0.599999
      vertex 75.95 13.7 0.599999
      vertex 75.95 8.05 0.599999
    endloop
  endfacet
  facet normal 0 0 -1
    outer loop
      vertex 75.95 13.7 0.599999
      vertex 62.05 13.7 0.599999
      vertex 75.95 16.3 0.599999
    endloop
  endfacet
  facet normal 0 0 -1
    outer loop
      vertex 62.05 13.7 0.599999
      vertex 75.95 8.05 0.599999
      vertex 62.05 8.05 0.599999
    endloop
  endfacet
  facet normal 0 0 -1
    outer loop
      vertex 62.05 16.3 0.599999
      vertex 75.95 16.3 0.599999
      vertex 62.05 13.7 0.599999
    endloop
  endfacet
  facet normal 0 0 -1
    outer loop
      vertex 75.95 16.3 0.599999
      vertex 62.05 16.3 0.599999
      vertex 75.95 21.95 0.599999
    endloop
  endfacet
  facet normal -0 0 -1
    outer loop
      vertex 75.95 21.95 0.599999
      vertex 62.05 16.3 0.599999
      vertex 62.05 21.95 0.599999
    endloop
  endfacet
  facet normal 0 0 -1
    outer loop
      vertex 75.95 13.7 0.599999
      vertex 80.05 16.3 0.599999
      vertex 80.05 13.7 0.599999
    endloop
  endfacet
  facet normal -0 0 -1
    outer loop
      vertex 80.05 16.3 0.599999
      vertex 75.95 13.7 0.599999
      vertex 75.95 16.3 0.599999
    endloop
  endfacet
  facet normal 0 0 -1
    outer loop
      vertex 80.05 13.7 0.599999
      vertex 93.95 13.7 0.599999
      vertex 93.95 8.05 0.599999
    endloop
  endfacet
  facet normal 0 0 -1
    outer loop
      vertex 93.95 13.7 0.599999
      vertex 80.05 13.7 0.599999
      vertex 93.95 16.3 0.599999
    endloop
  endfacet
  facet normal 0 0 -1
    outer loop
      vertex 80.05 13.7 0.599999
      vertex 93.95 8.05 0.599999
      vertex 80.05 8.05 0.599999
    endloop
  endfacet
  facet normal 0 0 -1
    outer loop
      vertex 80.05 16.3 0.599999
      vertex 93.95 16.3 0.599999
      vertex 80.05 13.7 0.599999
    endloop
  endfacet
  facet normal 0 0 -1
    outer loop
      vertex 93.95 16.3 0.599999
      vertex 80.05 16.3 0.599999
      vertex 93.95 21.95 0.599999
    endloop
  endfacet
  facet normal -0 0 -1
    outer loop
      vertex 93.95 21.95 0.599999
      vertex 80.05 16.3 0.599999
      vertex 80.05 21.95 0.599999
    endloop
  endfacet
  facet normal 0 0 -1
    outer loop
      vertex 93.95 13.7 0.599999
      vertex 96.8 16.3 0.599999
      vertex 96.8 13.7 0.599999
    endloop
  endfacet
  facet normal -0 0 -1
    outer loop
      vertex 96.8 16.3 0.599999
      vertex 93.95 13.7 0.599999
      vertex 93.95 16.3 0.599999
    endloop
  endfacet
  facet normal 0 1 -0
    outer loop
      vertex 26.05 13.7 0
      vertex 21.95 13.7 0.599999
      vertex 26.05 13.7 0.599999
    endloop
  endfacet
  facet normal 0 1 0
    outer loop
      vertex 21.95 13.7 0.599999
      vertex 26.05 13.7 0
      vertex 21.95 13.7 0
    endloop
  endfacet
  facet normal 0 -1 0
    outer loop
      vertex 21.95 16.3 0
      vertex 26.05 16.3 0.599999
      vertex 21.95 16.3 0.599999
    endloop
  endfacet
  facet normal 0 -1 -0
    outer loop
      vertex 26.05 16.3 0.599999
      vertex 21.95 16.3 0
      vertex 26.05 16.3 0
    endloop
  endfacet
  facet normal -1 0 0
    outer loop
      vertex 21.95 16.3 0
      vertex 21.95 21.95 0.599999
      vertex 21.95 21.95 0
    endloop
  endfacet
  facet normal -1 -0 0
    outer loop
      vertex 21.95 21.95 0.599999
      vertex 21.95 16.3 0
      vertex 21.95 16.3 0.599999
    endloop
  endfacet
  facet normal 0 -1 0
    outer loop
      vertex 8.05 21.95 0
      vertex 21.95 21.95 0.599999
      vertex 8.05 21.95 0.599999
    endloop
  endfacet
  facet normal 0 -1 -0
    outer loop
      vertex 21.95 21.95 0.599999
      vertex 8.05 21.95 0
      vertex 21.95 21.95 0
    endloop
  endfacet
  facet normal 1 -0 0
    outer loop
      vertex 8.05 16.3 0.599999
      vertex 8.05 21.95 0
      vertex 8.05 21.95 0.599999
    endloop
  endfacet
  facet normal 1 0 0
    outer loop
      vertex 8.05 21.95 0
      vertex 8.05 16.3 0.599999
      vertex 8.05 16.3 0
    endloop
  endfacet
  facet normal 0 -1 0
    outer loop
      vertex 5.20001 16.3 0
      vertex 8.05 16.3 0.599999
      vertex 5.20001 16.3 0.599999
    endloop
  endfacet
  facet normal 0 -1 -0
    outer loop
      vertex 8.05 16.3 0.599999
      vertex 5.20001 16.3 0
      vertex 8.05 16.3 0
    endloop
  endfacet
  facet normal 1 -0 0
    outer loop
      vertex 5.20001 13.7 0.599999
      vertex 5.20001 16.3 0
      vertex 5.20001 16.3 0.599999
    endloop
  endfacet
  facet normal 1 0 0
    outer loop
      vertex 5.20001 16.3 0
      vertex 5.20001 13.7 0.599999
      vertex 5.20001 13.7 0
    endloop
  endfacet
  facet normal 0 1 -0
    outer loop
      vertex 8.05 13.7 0
      vertex 5.20001 13.7 0.599999
      vertex 8.05 13.7 0.599999
    endloop
  endfacet
  facet normal 0 1 0
    outer loop
      vertex 5.20001 13.7 0.599999
      vertex 8.05 13.7 0
      vertex 5.20001 13.7 0
    endloop
  endfacet
  facet normal 1 -0 0
    outer loop
      vertex 8.05 8.05 0.599999
      vertex 8.05 13.7 0
      vertex 8.05 13.7 0.599999
    endloop
  endfacet
  facet normal 1 0 0
    outer loop
      vertex 8.05 13.7 0
      vertex 8.05 8.05 0.599999
      vertex 8.05 8.05 0
    endloop
  endfacet
  facet normal 0 1 -0
    outer loop
      vertex 21.95 8.05 0
      vertex 8.05 8.05 0.599999
      vertex 21.95 8.05 0.599999
    endloop
  endfacet
  facet normal 0 1 0
    outer loop
      vertex 8.05 8.05 0.599999
      vertex 21.95 8.05 0
      vertex 8.05 8.05 0
    endloop
  endfacet
  facet normal -1 0 0
    outer loop
      vertex 21.95 8.05 0
      vertex 21.95 13.7 0.599999
      vertex 21.95 13.7 0
    endloop
  endfacet
  facet normal -1 -0 0
    outer loop
      vertex 21.95 13.7 0.599999
      vertex 21.95 8.05 0
      vertex 21.95 8.05 0.599999
    endloop
  endfacet
  facet normal 0 1 -0
    outer loop
      vertex 44.05 13.7 0
      vertex 39.95 13.7 0.599999
      vertex 44.05 13.7 0.599999
    endloop
  endfacet
  facet normal 0 1 0
    outer loop
      vertex 39.95 13.7 0.599999
      vertex 44.05 13.7 0
      vertex 39.95 13.7 0
    endloop
  endfacet
  facet normal 0 -1 0
    outer loop
      vertex 39.95 16.3 0
      vertex 44.05 16.3 0.599999
      vertex 39.95 16.3 0.599999
    endloop
  endfacet
  facet normal 0 -1 -0
    outer loop
      vertex 44.05 16.3 0.599999
      vertex 39.95 16.3 0
      vertex 44.05 16.3 0
    endloop
  endfacet
  facet normal -1 0 0
    outer loop
      vertex 39.95 16.3 0
      vertex 39.95 21.95 0.599999
      vertex 39.95 21.95 0
    endloop
  endfacet
  facet normal -1 -0 0
    outer loop
      vertex 39.95 21.95 0.599999
      vertex 39.95 16.3 0
      vertex 39.95 16.3 0.599999
    endloop
  endfacet
  facet normal 0 -1 0
    outer loop
      vertex 26.05 21.95 0
      vertex 39.95 21.95 0.599999
      vertex 26.05 21.95 0.599999
    endloop
  endfacet
  facet normal 0 -1 -0
    outer loop
      vertex 39.95 21.95 0.599999
      vertex 26.05 21.95 0
      vertex 39.95 21.95 0
    endloop
  endfacet
  facet normal 1 -0 0
    outer loop
      vertex 26.05 16.3 0.599999
      vertex 26.05 21.95 0
      vertex 26.05 21.95 0.599999
    endloop
  endfacet
  facet normal 1 0 0
    outer loop
      vertex 26.05 21.95 0
      vertex 26.05 16.3 0.599999
      vertex 26.05 16.3 0
    endloop
  endfacet
  facet normal 1 -0 0
    outer loop
      vertex 26.05 8.05 0.599999
      vertex 26.05 13.7 0
      vertex 26.05 13.7 0.599999
    endloop
  endfacet
  facet normal 1 0 0
    outer loop
      vertex 26.05 13.7 0
      vertex 26.05 8.05 0.599999
      vertex 26.05 8.05 0
    endloop
  endfacet
  facet normal 0 1 -0
    outer loop
      vertex 39.95 8.05 0
      vertex 26.05 8.05 0.599999
      vertex 39.95 8.05 0.599999
    endloop
  endfacet
  facet normal 0 1 0
    outer loop
      vertex 26.05 8.05 0.599999
      vertex 39.95 8.05 0
      vertex 26.05 8.05 0
    endloop
  endfacet
  facet normal -1 0 0
    outer loop
      vertex 39.95 8.05 0
      vertex 39.95 13.7 0.599999
      vertex 39.95 13.7 0
    endloop
  endfacet
  facet normal -1 -0 0
    outer loop
      vertex 39.95 13.7 0.599999
      vertex 39.95 8.05 0
      vertex 39.95 8.05 0.599999
    endloop
  endfacet
  facet normal 0 1 -0
    outer loop
      vertex 62.05 13.7 0
      vertex 57.95 13.7 0.599999
      vertex 62.05 13.7 0.599999
    endloop
  endfacet
  facet normal 0 1 0
    outer loop
      vertex 57.95 13.7 0.599999
      vertex 62.05 13.7 0
      vertex 57.95 13.7 0
    endloop
  endfacet
  facet normal 0 -1 0
    outer loop
      vertex 57.95 16.3 0
      vertex 62.05 16.3 0.599999
      vertex 57.95 16.3 0.599999
    endloop
  endfacet
  facet normal 0 -1 -0
    outer loop
      vertex 62.05 16.3 0.599999
      vertex 57.95 16.3 0
      vertex 62.05 16.3 0
    endloop
  endfacet
  facet normal -1 0 0
    outer loop
      vertex 57.95 16.3 0
      vertex 57.95 21.95 0.599999
      vertex 57.95 21.95 0
    endloop
  endfacet
  facet normal -1 -0 0
    outer loop
      vertex 57.95 21.95 0.599999
      vertex 57.95 16.3 0
      vertex 57.95 16.3 0.599999
    endloop
  endfacet
  facet normal 0 -1 0
    outer loop
      vertex 44.05 21.95 0
      vertex 57.95 21.95 0.599999
      vertex 44.05 21.95 0.599999
    endloop
  endfacet
  facet normal 0 -1 -0
    outer loop
      vertex 57.95 21.95 0.599999
      vertex 44.05 21.95 0
      vertex 57.95 21.95 0
    endloop
  endfacet
  facet normal 1 -0 0
    outer loop
      vertex 44.05 16.3 0.599999
      vertex 44.05 21.95 0
      vertex 44.05 21.95 0.599999
    endloop
  endfacet
  facet normal 1 0 0
    outer loop
      vertex 44.05 21.95 0
      vertex 44.05 16.3 0.599999
      vertex 44.05 16.3 0
    endloop
  endfacet
  facet normal 1 -0 0
    outer loop
      vertex 44.05 8.05 0.599999
      vertex 44.05 13.7 0
      vertex 44.05 13.7 0.599999
    endloop
  endfacet
  facet normal 1 0 0
    outer loop
      vertex 44.05 13.7 0
      vertex 44.05 8.05 0.599999
      vertex 44.05 8.05 0
    endloop
  endfacet
  facet normal 0 1 -0
    outer loop
      vertex 57.95 8.05 0
      vertex 44.05 8.05 0.599999
      vertex 57.95 8.05 0.599999
    endloop
  endfacet
  facet normal 0 1 0
    outer loop
      vertex 44.05 8.05 0.599999
      vertex 57.95 8.05 0
      vertex 44.05 8.05 0
    endloop
  endfacet
  facet normal -1 0 0
    outer loop
      vertex 57.95 8.05 0
      vertex 57.95 13.7 0.599999
      vertex 57.95 13.7 0
    endloop
  endfacet
  facet normal -1 -0 0
    outer loop
      vertex 57.95 13.7 0.599999
      vertex 57.95 8.05 0
      vertex 57.95 8.05 0.599999
    endloop
  endfacet
  facet normal 0 1 -0
    outer loop
      vertex 80.05 13.7 0
      vertex 75.95 13.7 0.599999
      vertex 80.05 13.7 0.599999
    endloop
  endfacet
  facet normal 0 1 0
    outer loop
      vertex 75.95 13.7 0.599999
      vertex 80.05 13.7 0
      vertex 75.95 13.7 0
    endloop
  endfacet
  facet normal 0 -1 0
    outer loop
      vertex 75.95 16.3 0
      vertex 80.05 16.3 0.599999
      vertex 75.95 16.3 0.599999
    endloop
  endfacet
  facet normal 0 -1 -0
    outer loop
      vertex 80.05 16.3 0.599999
      vertex 75.95 16.3 0
      vertex 80.05 16.3 0
    endloop
  endfacet
  facet normal -1 0 0
    outer loop
      vertex 75.95 16.3 0
      vertex 75.95 21.95 0.599999
      vertex 75.95 21.95 0
    endloop
  endfacet
  facet normal -1 -0 0
    outer loop
      vertex 75.95 21.95 0.599999
      vertex 75.95 16.3 0
      vertex 75.95 16.3 0.599999
    endloop
  endfacet
  facet normal 0 -1 0
    outer loop
      vertex 62.05 21.95 0
      vertex 75.95 21.95 0.599999
      vertex 62.05 21.95 0.599999
    endloop
  endfacet
  facet normal 0 -1 -0
    outer loop
      vertex 75.95 21.95 0.599999
      vertex 62.05 21.95 0
      vertex 75.95 21.95 0
    endloop
  endfacet
  facet normal 1 -0 0
    outer loop
      vertex 62.05 16.3 0.599999
      vertex 62.05 21.95 0
      vertex 62.05 21.95 0.599999
    endloop
  endfacet
  facet normal 1 0 0
    outer loop
      vertex 62.05 21.95 0
      vertex 62.05 16.3 0.599999
      vertex 62.05 16.3 0
    endloop
  endfacet
  facet normal 1 -0 0
    outer loop
      vertex 62.05 8.05 0.599999
      vertex 62.05 13.7 0
      vertex 62.05 13.7 0.599999
    endloop
  endfacet
  facet normal 1 0 0
    outer loop
      vertex 62.05 13.7 0
      vertex 62.05 8.05 0.599999
      vertex 62.05 8.05 0
    endloop
  endfacet
  facet normal 0 1 -0
    outer loop
      vertex 75.95 8.05 0
      vertex 62.05 8.05 0.599999
      vertex 75.95 8.05 0.599999
    endloop
  endfacet
  facet normal 0 1 0
    outer loop
      vertex 62.05 8.05 0.599999
      vertex 75.95 8.05 0
      vertex 62.05 8.05 0
    endloop
  endfacet
  facet normal -1 0 0
    outer loop
      vertex 75.95 8.05 0
      vertex 75.95 13.7 0.599999
      vertex 75.95 13.7 0
    endloop
  endfacet
  facet normal -1 -0 0
    outer loop
      vertex 75.95 13.7 0.599999
      vertex 75.95 8.05 0
      vertex 75.95 8.05 0.599999
    endloop
  endfacet
  facet normal 0 1 -0
    outer loop
      vertex 96.8 13.7 0
      vertex 93.95 13.7 0.599999
      vertex 96.8 13.7 0.599999
    endloop
  endfacet
  facet normal 0 1 0
    outer loop
      vertex 93.95 13.7 0.599999
      vertex 96.8 13.7 0
      vertex 93.95 13.7 0
    endloop
  endfacet
  facet normal -1 0 0
    outer loop
      vertex 96.8 13.7 0
      vertex 96.8 16.3 0.599999
      vertex 96.8 16.3 0
    endloop
  endfacet
  facet normal -1 -0 0
    outer loop
      vertex 96.8 16.3 0.599999
      vertex 96.8 13.7 0
      vertex 96.8 13.7 0.599999
    endloop
  endfacet
  facet normal 0 -1 0
    outer loop
      vertex 93.95 16.3 0
      vertex 96.8 16.3 0.599999
      vertex 93.95 16.3 0.599999
    endloop
  endfacet
  facet normal 0 -1 -0
    outer loop
      vertex 96.8 16.3 0.599999
      vertex 93.95 16.3 0
      vertex 96.8 16.3 0
    endloop
  endfacet
  facet normal -1 0 0
    outer loop
      vertex 93.95 16.3 0
      vertex 93.95 21.95 0.599999
      vertex 93.95 21.95 0
    endloop
  endfacet
  facet normal -1 -0 0
    outer loop
      vertex 93.95 21.95 0.599999
      vertex 93.95 16.3 0
      vertex 93.95 16.3 0.599999
    endloop
  endfacet
  facet normal 0 -1 0
    outer loop
      vertex 80.05 21.95 0
      vertex 93.95 21.95 0.599999
      vertex 80.05 21.95 0.599999
    endloop
  endfacet
  facet normal 0 -1 -0
    outer loop
      vertex 93.95 21.95 0.599999
      vertex 80.05 21.95 0
      vertex 93.95 21.95 0
    endloop
  endfacet
  facet normal 1 -0 0
    outer loop
      vertex 80.05 16.3 0.599999
      vertex 80.05 21.95 0
      vertex 80.05 21.95 0.599999
    endloop
  endfacet
  facet normal 1 0 0
    outer loop
      vertex 80.05 21.95 0
      vertex 80.05 16.3 0.599999
      vertex 80.05 16.3 0
    endloop
  endfacet
  facet normal 1 -0 0
    outer loop
      vertex 80.05 8.05 0.599999
      vertex 80.05 13.7 0
      vertex 80.05 13.7 0.599999
    endloop
  endfacet
  facet normal 1 0 0
    outer loop
      vertex 80.05 13.7 0
      vertex 80.05 8.05 0.599999
      vertex 80.05 8.05 0
    endloop
  endfacet
  facet normal 0 1 -0
    outer loop
      vertex 93.95 8.05 0
      vertex 80.05 8.05 0.599999
      vertex 93.95 8.05 0.599999
    endloop
  endfacet
  facet normal 0 1 0
    outer loop
      vertex 80.05 8.05 0.599999
      vertex 93.95 8.05 0
      vertex 80.05 8.05 0
    endloop
  endfacet
  facet normal -1 0 0
    outer loop
      vertex 93.95 8.05 0
      vertex 93.95 13.7 0.599999
      vertex 93.95 13.7 0
    endloop
  endfacet
  facet normal -1 -0 0
    outer loop
      vertex 93.95 13.7 0.599999
      vertex 93.95 8.05 0
      vertex 93.95 8.05 0.599999
    endloop
  endfacet
  facet normal 0 1 -0
    outer loop
      vertex 26.05 31.7 0
      vertex 21.95 31.7 0.599999
      vertex 26.05 31.7 0.599999
    endloop
  endfacet
  facet normal 0 1 0
    outer loop
      vertex 21.95 31.7 0.599999
      vertex 26.05 31.7 0
      vertex 21.95 31.7 0
    endloop
  endfacet
  facet normal 0 -1 0
    outer loop
      vertex 21.95 34.3 0
      vertex 26.05 34.3 0.599999
      vertex 21.95 34.3 0.599999
    endloop
  endfacet
  facet normal 0 -1 -0
    outer loop
      vertex 26.05 34.3 0.599999
      vertex 21.95 34.3 0
      vertex 26.05 34.3 0
    endloop
  endfacet
  facet normal -1 0 0
    outer loop
      vertex 21.95 34.3 0
      vertex 21.95 39.95 0.599999
      vertex 21.95 39.95 0
    endloop
  endfacet
  facet normal -1 -0 0
    outer loop
      vertex 21.95 39.95 0.599999
      vertex 21.95 34.3 0
      vertex 21.95 34.3 0.599999
    endloop
  endfacet
  facet normal 0 -1 0
    outer loop
      vertex 8.05 39.95 0
      vertex 21.95 39.95 0.599999
      vertex 8.05 39.95 0.599999
    endloop
  endfacet
  facet normal 0 -1 -0
    outer loop
      vertex 21.95 39.95 0.599999
      vertex 8.05 39.95 0
      vertex 21.95 39.95 0
    endloop
  endfacet
  facet normal 1 -0 0
    outer loop
      vertex 8.05 34.3 0.599999
      vertex 8.05 39.95 0
      vertex 8.05 39.95 0.599999
    endloop
  endfacet
  facet normal 1 0 0
    outer loop
      vertex 8.05 39.95 0
      vertex 8.05 34.3 0.599999
      vertex 8.05 34.3 0
    endloop
  endfacet
  facet normal 0 -1 0
    outer loop
      vertex 5.20001 34.3 0
      vertex 8.05 34.3 0.599999
      vertex 5.20001 34.3 0.599999
    endloop
  endfacet
  facet normal 0 -1 -0
    outer loop
      vertex 8.05 34.3 0.599999
      vertex 5.20001 34.3 0
      vertex 8.05 34.3 0
    endloop
  endfacet
  facet normal 1 -0 0
    outer loop
      vertex 5.20001 31.7 0.599999
      vertex 5.20001 34.3 0
      vertex 5.20001 34.3 0.599999
    endloop
  endfacet
  facet normal 1 0 0
    outer loop
      vertex 5.20001 34.3 0
      vertex 5.20001 31.7 0.599999
      vertex 5.20001 31.7 0
    endloop
  endfacet
  facet normal 0 1 -0
    outer loop
      vertex 8.05 31.7 0
      vertex 5.20001 31.7 0.599999
      vertex 8.05 31.7 0.599999
    endloop
  endfacet
  facet normal 0 1 0
    outer loop
      vertex 5.20001 31.7 0.599999
      vertex 8.05 31.7 0
      vertex 5.20001 31.7 0
    endloop
  endfacet
  facet normal 1 -0 0
    outer loop
      vertex 8.05 26.05 0.599999
      vertex 8.05 31.7 0
      vertex 8.05 31.7 0.599999
    endloop
  endfacet
  facet normal 1 0 0
    outer loop
      vertex 8.05 31.7 0
      vertex 8.05 26.05 0.599999
      vertex 8.05 26.05 0
    endloop
  endfacet
  facet normal 0 1 -0
    outer loop
      vertex 21.95 26.05 0
      vertex 8.05 26.05 0.599999
      vertex 21.95 26.05 0.599999
    endloop
  endfacet
  facet normal 0 1 0
    outer loop
      vertex 8.05 26.05 0.599999
      vertex 21.95 26.05 0
      vertex 8.05 26.05 0
    endloop
  endfacet
  facet normal -1 0 0
    outer loop
      vertex 21.95 26.05 0
      vertex 21.95 31.7 0.599999
      vertex 21.95 31.7 0
    endloop
  endfacet
  facet normal -1 -0 0
    outer loop
      vertex 21.95 31.7 0.599999
      vertex 21.95 26.05 0
      vertex 21.95 26.05 0.599999
    endloop
  endfacet
  facet normal 0 1 -0
    outer loop
      vertex 44.05 31.7 0
      vertex 39.95 31.7 0.599999
      vertex 44.05 31.7 0.599999
    endloop
  endfacet
  facet normal 0 1 0
    outer loop
      vertex 39.95 31.7 0.599999
      vertex 44.05 31.7 0
      vertex 39.95 31.7 0
    endloop
  endfacet
  facet normal 0 -1 0
    outer loop
      vertex 39.95 34.3 0
      vertex 44.05 34.3 0.599999
      vertex 39.95 34.3 0.599999
    endloop
  endfacet
  facet normal 0 -1 -0
    outer loop
      vertex 44.05 34.3 0.599999
      vertex 39.95 34.3 0
      vertex 44.05 34.3 0
    endloop
  endfacet
  facet normal -1 0 0
    outer loop
      vertex 39.95 34.3 0
      vertex 39.95 39.95 0.599999
      vertex 39.95 39.95 0
    endloop
  endfacet
  facet normal -1 -0 0
    outer loop
      vertex 39.95 39.95 0.599999
      vertex 39.95 34.3 0
      vertex 39.95 34.3 0.599999
    endloop
  endfacet
  facet normal 0 -1 0
    outer loop
      vertex 26.05 39.95 0
      vertex 39.95 39.95 0.599999
      vertex 26.05 39.95 0.599999
    endloop
  endfacet
  facet normal 0 -1 -0
    outer loop
      vertex 39.95 39.95 0.599999
      vertex 26.05 39.95 0
      vertex 39.95 39.95 0
    endloop
  endfacet
  facet normal 1 -0 0
    outer loop
      vertex 26.05 34.3 0.599999
      vertex 26.05 39.95 0
      vertex 26.05 39.95 0.599999
    endloop
  endfacet
  facet normal 1 0 0
    outer loop
      vertex 26.05 39.95 0
      vertex 26.05 34.3 0.599999
      vertex 26.05 34.3 0
    endloop
  endfacet
  facet normal 1 -0 0
    outer loop
      vertex 26.05 26.05 0.599999
      vertex 26.05 31.7 0
      vertex 26.05 31.7 0.599999
    endloop
  endfacet
  facet normal 1 0 0
    outer loop
      vertex 26.05 31.7 0
      vertex 26.05 26.05 0.599999
      vertex 26.05 26.05 0
    endloop
  endfacet
  facet normal 0 1 -0
    outer loop
      vertex 39.95 26.05 0
      vertex 26.05 26.05 0.599999
      vertex 39.95 26.05 0.599999
    endloop
  endfacet
  facet normal 0 1 0
    outer loop
      vertex 26.05 26.05 0.599999
      vertex 39.95 26.05 0
      vertex 26.05 26.05 0
    endloop
  endfacet
  facet normal -1 0 0
    outer loop
      vertex 39.95 26.05 0
      vertex 39.95 31.7 0.599999
      vertex 39.95 31.7 0
    endloop
  endfacet
  facet normal -1 -0 0
    outer loop
      vertex 39.95 31.7 0.599999
      vertex 39.95 26.05 0
      vertex 39.95 26.05 0.599999
    endloop
  endfacet
  facet normal -1 0 0
    outer loop
      vertex 57.95 34.3 0
      vertex 57.95 39.95 0.599999
      vertex 57.95 39.95 0
    endloop
  endfacet
  facet normal -1 -0 0
    outer loop
      vertex 57.95 39.95 0.599999
      vertex 57.95 34.3 0
      vertex 57.95 34.3 0.599999
    endloop
  endfacet
  facet normal 0 -1 0
    outer loop
      vertex 44.05 39.95 0
      vertex 57.95 39.95 0.599999
      vertex 44.05 39.95 0.599999
    endloop
  endfacet
  facet normal 0 -1 -0
    outer loop
      vertex 57.95 39.95 0.599999
      vertex 44.05 39.95 0
      vertex 57.95 39.95 0
    endloop
  endfacet
  facet normal 1 -0 0
    outer loop
      vertex 44.05 34.3 0.599999
      vertex 44.05 39.95 0
      vertex 44.05 39.95 0.599999
    endloop
  endfacet
  facet normal 1 0 0
    outer loop
      vertex 44.05 39.95 0
      vertex 44.05 34.3 0.599999
      vertex 44.05 34.3 0
    endloop
  endfacet
  facet normal 1 -0 0
    outer loop
      vertex 44.05 26.05 0.599999
      vertex 44.05 31.7 0
      vertex 44.05 31.7 0.599999
    endloop
  endfacet
  facet normal 1 0 0
    outer loop
      vertex 44.05 31.7 0
      vertex 44.05 26.05 0.599999
      vertex 44.05 26.05 0
    endloop
  endfacet
  facet normal 0 1 -0
    outer loop
      vertex 57.95 26.05 0
      vertex 44.05 26.05 0.599999
      vertex 57.95 26.05 0.599999
    endloop
  endfacet
  facet normal 0 1 0
    outer loop
      vertex 44.05 26.05 0.599999
      vertex 57.95 26.05 0
      vertex 44.05 26.05 0
    endloop
  endfacet
  facet normal -1 0 0
    outer loop
      vertex 57.95 26.05 0
      vertex 57.95 31.7 0.599999
      vertex 57.95 31.7 0
    endloop
  endfacet
  facet normal -1 -0 0
    outer loop
      vertex 57.95 31.7 0.599999
      vertex 57.95 26.05 0
      vertex 57.95 26.05 0.599999
    endloop
  endfacet
  facet normal 0 1 -0
    outer loop
      vertex 96.8 49.7 0
      vertex 93.95 49.7 0.599999
      vertex 96.8 49.7 0.599999
    endloop
  endfacet
  facet normal 0 1 0
    outer loop
      vertex 93.95 49.7 0.599999
      vertex 96.8 49.7 0
      vertex 93.95 49.7 0
    endloop
  endfacet
  facet normal -1 0 0
    outer loop
      vertex 96.8 49.7 0
      vertex 96.8 52.3 0.599999
      vertex 96.8 52.3 0
    endloop
  endfacet
  facet normal -1 -0 0
    outer loop
      vertex 96.8 52.3 0.599999
      vertex 96.8 49.7 0
      vertex 96.8 49.7 0.599999
    endloop
  endfacet
  facet normal 0 -1 0
    outer loop
      vertex 93.95 52.3 0
      vertex 96.8 52.3 0.599999
      vertex 93.95 52.3 0.599999
    endloop
  endfacet
  facet normal 0 -1 -0
    outer loop
      vertex 96.8 52.3 0.599999
      vertex 93.95 52.3 0
      vertex 96.8 52.3 0
    endloop
  endfacet
  facet normal -1 0 0
    outer loop
      vertex 93.95 52.3 0
      vertex 93.95 57.95 0.599999
      vertex 93.95 57.95 0
    endloop
  endfacet
  facet normal -1 -0 0
    outer loop
      vertex 93.95 57.95 0.599999
      vertex 93.95 52.3 0
      vertex 93.95 52.3 0.599999
    endloop
  endfacet
  facet normal 0 -1 0
    outer loop
      vertex 80.05 57.95 0
      vertex 93.95 57.95 0.599999
      vertex 80.05 57.95 0.599999
    endloop
  endfacet
  facet normal 0 -1 -0
    outer loop
      vertex 93.95 57.95 0.599999
      vertex 80.05 57.95 0
      vertex 93.95 57.95 0
    endloop
  endfacet
  facet normal 1 -0 0
    outer loop
      vertex 80.05 52.3 0.599999
      vertex 80.05 57.95 0
      vertex 80.05 57.95 0.599999
    endloop
  endfacet
  facet normal 1 0 0
    outer loop
      vertex 80.05 57.95 0
      vertex 80.05 52.3 0.599999
      vertex 80.05 52.3 0
    endloop
  endfacet
  facet normal 1 -0 0
    outer loop
      vertex 80.05 44.05 0.599999
      vertex 80.05 49.7 0
      vertex 80.05 49.7 0.599999
    endloop
  endfacet
  facet normal 1 0 0
    outer loop
      vertex 80.05 49.7 0
      vertex 80.05 44.05 0.599999
      vertex 80.05 44.05 0
    endloop
  endfacet
  facet normal 0 1 -0
    outer loop
      vertex 93.95 44.05 0
      vertex 80.05 44.05 0.599999
      vertex 93.95 44.05 0.599999
    endloop
  endfacet
  facet normal 0 1 0
    outer loop
      vertex 80.05 44.05 0.599999
      vertex 93.95 44.05 0
      vertex 80.05 44.05 0
    endloop
  endfacet
  facet normal -1 0 0
    outer loop
      vertex 93.95 44.05 0
      vertex 93.95 49.7 0.599999
      vertex 93.95 49.7 0
    endloop
  endfacet
  facet normal -1 -0 0
    outer loop
      vertex 93.95 49.7 0.599999
      vertex 93.95 44.05 0
      vertex 93.95 44.05 0.599999
    endloop
  endfacet
  facet normal -0.857727 -0.514105 0
    outer loop
      vertex 5.01421 4.54211 0
      vertex 4.95619 4.63891 1.2
      vertex 4.95619 4.63891 0
    endloop
  endfacet
  facet normal -0.857727 -0.514105 0
    outer loop
      vertex 4.95619 4.63891 1.2
      vertex 5.01421 4.54211 0
      vertex 5.01421 4.54211 1.2
    endloop
  endfacet
  facet normal -0.336886 -0.941545 0
    outer loop
      vertex 4.33383 5.10048 0
      vertex 4.44009 5.06246 1.2
      vertex 4.33383 5.10048 1.2
    endloop
  endfacet
  facet normal -0.336886 -0.941545 -0
    outer loop
      vertex 4.44009 5.06246 1.2
      vertex 4.33383 5.10048 0
      vertex 4.44009 5.06246 0
    endloop
  endfacet
  facet normal 0.427542 -0.903996 0
    outer loop
      vertex 3.45789 5.01421 0
      vertex 3.55991 5.06246 1.2
      vertex 3.45789 5.01421 1.2
    endloop
  endfacet
  facet normal 0.427542 -0.903996 0
    outer loop
      vertex 3.55991 5.06246 1.2
      vertex 3.45789 5.01421 0
      vertex 3.55991 5.06246 0
    endloop
  endfacet
  facet normal 0.941545 -0.336886 0
    outer loop
      vertex 2.89952 4.33383 1.2
      vertex 2.93754 4.44009 0
      vertex 2.93754 4.44009 1.2
    endloop
  endfacet
  facet normal 0.941545 -0.336886 0
    outer loop
      vertex 2.93754 4.44009 0
      vertex 2.89952 4.33383 1.2
      vertex 2.89952 4.33383 0
    endloop
  endfacet
  facet normal 0.998794 0.0490891 0
    outer loop
      vertex 2.85554 3.88728 1.2
      vertex 2.85 4 0
      vertex 2.85 4 1.2
    endloop
  endfacet
  facet normal 0.998794 0.0490891 0
    outer loop
      vertex 2.85 4 0
      vertex 2.85554 3.88728 1.2
      vertex 2.85554 3.88728 0
    endloop
  endfacet
  facet normal 0.671565 -0.740946 0
    outer loop
      vertex 3.18683 4.81317 0
      vertex 3.27045 4.88896 1.2
      vertex 3.18683 4.81317 1.2
    endloop
  endfacet
  facet normal 0.671565 -0.740946 0
    outer loop
      vertex 3.27045 4.88896 1.2
      vertex 3.18683 4.81317 0
      vertex 3.27045 4.88896 0
    endloop
  endfacet
  facet normal 0.0490891 0.998794 -0
    outer loop
      vertex 4 2.85 0
      vertex 3.88728 2.85554 1.2
      vertex 4 2.85 1.2
    endloop
  endfacet
  facet normal 0.0490891 0.998794 0
    outer loop
      vertex 3.88728 2.85554 1.2
      vertex 4 2.85 0
      vertex 3.88728 2.85554 0
    endloop
  endfacet
  facet normal -0.242953 0.970038 0
    outer loop
      vertex 4.33383 2.89952 0
      vertex 4.22435 2.8721 1.2
      vertex 4.33383 2.89952 1.2
    endloop
  endfacet
  facet normal -0.242953 0.970038 0
    outer loop
      vertex 4.22435 2.8721 1.2
      vertex 4.33383 2.89952 0
      vertex 4.22435 2.8721 0
    endloop
  endfacet
  facet normal -0.989175 -0.146741 0
    outer loop
      vertex 5.14446 4.11272 0
      vertex 5.1279 4.22435 1.2
      vertex 5.1279 4.22435 0
    endloop
  endfacet
  facet normal -0.989175 -0.146741 0
    outer loop
      vertex 5.1279 4.22435 1.2
      vertex 5.14446 4.11272 0
      vertex 5.14446 4.11272 1.2
    endloop
  endfacet
  facet normal -0.803179 -0.595738 0
    outer loop
      vertex 4.95619 4.63891 0
      vertex 4.88896 4.72955 1.2
      vertex 4.88896 4.72955 0
    endloop
  endfacet
  facet normal -0.803179 -0.595738 0
    outer loop
      vertex 4.88896 4.72955 1.2
      vertex 4.95619 4.63891 0
      vertex 4.95619 4.63891 1.2
    endloop
  endfacet
  facet normal -0.671565 -0.740946 0
    outer loop
      vertex 4.72955 4.88896 0
      vertex 4.81317 4.81317 1.2
      vertex 4.72955 4.88896 1.2
    endloop
  endfacet
  facet normal -0.671565 -0.740946 -0
    outer loop
      vertex 4.81317 4.81317 1.2
      vertex 4.72955 4.88896 0
      vertex 4.81317 4.81317 0
    endloop
  endfacet
  facet normal 0.0490891 -0.998794 0
    outer loop
      vertex 3.88728 5.14446 0
      vertex 4 5.15 1.2
      vertex 3.88728 5.14446 1.2
    endloop
  endfacet
  facet normal 0.0490891 -0.998794 0
    outer loop
      vertex 4 5.15 1.2
      vertex 3.88728 5.14446 0
      vertex 4 5.15 0
    endloop
  endfacet
  facet normal -0.146741 -0.989175 0
    outer loop
      vertex 4.11272 5.14446 0
      vertex 4.22435 5.1279 1.2
      vertex 4.11272 5.14446 1.2
    endloop
  endfacet
  facet normal -0.146741 -0.989175 -0
    outer loop
      vertex 4.22435 5.1279 1.2
      vertex 4.11272 5.14446 0
      vertex 4.22435 5.1279 0
    endloop
  endfacet
  facet normal -0.595738 -0.803179 0
    outer loop
      vertex 4.63891 4.95619 0
      vertex 4.72955 4.88896 1.2
      vertex 4.63891 4.95619 1.2
    endloop
  endfacet
  facet normal -0.595738 -0.803179 -0
    outer loop
      vertex 4.72955 4.88896 1.2
      vertex 4.63891 4.95619 0
      vertex 4.72955 4.88896 0
    endloop
  endfacet
  facet normal -0.514105 -0.857727 0
    outer loop
      vertex 4.54211 5.01421 0
      vertex 4.63891 4.95619 1.2
      vertex 4.54211 5.01421 1.2
    endloop
  endfacet
  facet normal -0.514105 -0.857727 -0
    outer loop
      vertex 4.63891 4.95619 1.2
      vertex 4.54211 5.01421 0
      vertex 4.63891 4.95619 0
    endloop
  endfacet
  facet normal 0.970038 -0.242953 0
    outer loop
      vertex 2.8721 4.22435 1.2
      vertex 2.89952 4.33383 0
      vertex 2.89952 4.33383 1.2
    endloop
  endfacet
  facet normal 0.970038 -0.242953 0
    outer loop
      vertex 2.89952 4.33383 0
      vertex 2.8721 4.22435 1.2
      vertex 2.8721 4.22435 0
    endloop
  endfacet
  facet normal 0.989175 -0.146741 0
    outer loop
      vertex 2.85554 4.11272 1.2
      vertex 2.8721 4.22435 0
      vertex 2.8721 4.22435 1.2
    endloop
  endfacet
  facet normal 0.989175 -0.146741 0
    outer loop
      vertex 2.8721 4.22435 0
      vertex 2.85554 4.11272 1.2
      vertex 2.85554 4.11272 0
    endloop
  endfacet
  facet normal 0.803179 -0.595738 0
    outer loop
      vertex 3.04381 4.63891 1.2
      vertex 3.11104 4.72955 0
      vertex 3.11104 4.72955 1.2
    endloop
  endfacet
  facet normal 0.803179 -0.595738 0
    outer loop
      vertex 3.11104 4.72955 0
      vertex 3.04381 4.63891 1.2
      vertex 3.04381 4.63891 0
    endloop
  endfacet
  facet normal 0.903996 -0.427542 0
    outer loop
      vertex 2.93754 4.44009 1.2
      vertex 2.98579 4.54211 0
      vertex 2.98579 4.54211 1.2
    endloop
  endfacet
  facet normal 0.903996 -0.427542 0
    outer loop
      vertex 2.98579 4.54211 0
      vertex 2.93754 4.44009 1.2
      vertex 2.93754 4.44009 0
    endloop
  endfacet
  facet normal 0.857727 -0.514105 0
    outer loop
      vertex 2.98579 4.54211 1.2
      vertex 3.04381 4.63891 0
      vertex 3.04381 4.63891 1.2
    endloop
  endfacet
  facet normal 0.857727 -0.514105 0
    outer loop
      vertex 3.04381 4.63891 0
      vertex 2.98579 4.54211 1.2
      vertex 2.98579 4.54211 0
    endloop
  endfacet
  facet normal 0.146741 -0.989175 0
    outer loop
      vertex 3.77565 5.1279 0
      vertex 3.88728 5.14446 1.2
      vertex 3.77565 5.1279 1.2
    endloop
  endfacet
  facet normal 0.146741 -0.989175 0
    outer loop
      vertex 3.88728 5.14446 1.2
      vertex 3.77565 5.1279 0
      vertex 3.88728 5.14446 0
    endloop
  endfacet
  facet normal 0.336886 -0.941545 0
    outer loop
      vertex 3.55991 5.06246 0
      vertex 3.66617 5.10048 1.2
      vertex 3.55991 5.06246 1.2
    endloop
  endfacet
  facet normal 0.336886 -0.941545 0
    outer loop
      vertex 3.66617 5.10048 1.2
      vertex 3.55991 5.06246 0
      vertex 3.66617 5.10048 0
    endloop
  endfacet
  facet normal 0.242953 -0.970038 0
    outer loop
      vertex 3.66617 5.10048 0
      vertex 3.77565 5.1279 1.2
      vertex 3.66617 5.10048 1.2
    endloop
  endfacet
  facet normal 0.242953 -0.970038 0
    outer loop
      vertex 3.77565 5.1279 1.2
      vertex 3.66617 5.10048 0
      vertex 3.77565 5.1279 0
    endloop
  endfacet
  facet normal 0.514105 -0.857727 0
    outer loop
      vertex 3.36109 4.95619 0
      vertex 3.45789 5.01421 1.2
      vertex 3.36109 4.95619 1.2
    endloop
  endfacet
  facet normal 0.514105 -0.857727 0
    outer loop
      vertex 3.45789 5.01421 1.2
      vertex 3.36109 4.95619 0
      vertex 3.45789 5.01421 0
    endloop
  endfacet
  facet normal 0.595738 -0.803179 0
    outer loop
      vertex 3.27045 4.88896 0
      vertex 3.36109 4.95619 1.2
      vertex 3.27045 4.88896 1.2
    endloop
  endfacet
  facet normal 0.595738 -0.803179 0
    outer loop
      vertex 3.36109 4.95619 1.2
      vertex 3.27045 4.88896 0
      vertex 3.36109 4.95619 0
    endloop
  endfacet
  facet normal 0.740946 -0.671565 0
    outer loop
      vertex 3.11104 4.72955 1.2
      vertex 3.18683 4.81317 0
      vertex 3.18683 4.81317 1.2
    endloop
  endfacet
  facet normal 0.740946 -0.671565 0
    outer loop
      vertex 3.18683 4.81317 0
      vertex 3.11104 4.72955 1.2
      vertex 3.11104 4.72955 0
    endloop
  endfacet
  facet normal -0.998794 -0.0490891 0
    outer loop
      vertex 5.15 4 0
      vertex 5.14446 4.11272 1.2
      vertex 5.14446 4.11272 0
    endloop
  endfacet
  facet normal -0.998794 -0.0490891 0
    outer loop
      vertex 5.14446 4.11272 1.2
      vertex 5.15 4 0
      vertex 5.15 4 1.2
    endloop
  endfacet
  facet normal -0.803179 0.595738 0
    outer loop
      vertex 4.88896 3.27045 0
      vertex 4.95619 3.36109 1.2
      vertex 4.95619 3.36109 0
    endloop
  endfacet
  facet normal -0.803179 0.595738 0
    outer loop
      vertex 4.95619 3.36109 1.2
      vertex 4.88896 3.27045 0
      vertex 4.88896 3.27045 1.2
    endloop
  endfacet
  facet normal -0.146741 0.989175 0
    outer loop
      vertex 4.22435 2.8721 0
      vertex 4.11272 2.85554 1.2
      vertex 4.22435 2.8721 1.2
    endloop
  endfacet
  facet normal -0.146741 0.989175 0
    outer loop
      vertex 4.11272 2.85554 1.2
      vertex 4.22435 2.8721 0
      vertex 4.11272 2.85554 0
    endloop
  endfacet
  facet normal -0.336886 0.941545 0
    outer loop
      vertex 4.44009 2.93754 0
      vertex 4.33383 2.89952 1.2
      vertex 4.44009 2.93754 1.2
    endloop
  endfacet
  facet normal -0.336886 0.941545 0
    outer loop
      vertex 4.33383 2.89952 1.2
      vertex 4.44009 2.93754 0
      vertex 4.33383 2.89952 0
    endloop
  endfacet
  facet normal -0.903996 -0.427542 0
    outer loop
      vertex 5.06246 4.44009 0
      vertex 5.01421 4.54211 1.2
      vertex 5.01421 4.54211 0
    endloop
  endfacet
  facet normal -0.903996 -0.427542 0
    outer loop
      vertex 5.01421 4.54211 1.2
      vertex 5.06246 4.44009 0
      vertex 5.06246 4.44009 1.2
    endloop
  endfacet
  facet normal -0.941545 -0.336886 0
    outer loop
      vertex 5.10048 4.33383 0
      vertex 5.06246 4.44009 1.2
      vertex 5.06246 4.44009 0
    endloop
  endfacet
  facet normal -0.941545 -0.336886 0
    outer loop
      vertex 5.06246 4.44009 1.2
      vertex 5.10048 4.33383 0
      vertex 5.10048 4.33383 1.2
    endloop
  endfacet
  facet normal -0.970038 -0.242953 0
    outer loop
      vertex 5.1279 4.22435 0
      vertex 5.10048 4.33383 1.2
      vertex 5.10048 4.33383 0
    endloop
  endfacet
  facet normal -0.970038 -0.242953 0
    outer loop
      vertex 5.10048 4.33383 1.2
      vertex 5.1279 4.22435 0
      vertex 5.1279 4.22435 1.2
    endloop
  endfacet
  facet normal -0.740946 -0.671565 0
    outer loop
      vertex 4.88896 4.72955 0
      vertex 4.81317 4.81317 1.2
      vertex 4.81317 4.81317 0
    endloop
  endfacet
  facet normal -0.740946 -0.671565 0
    outer loop
      vertex 4.81317 4.81317 1.2
      vertex 4.88896 4.72955 0
      vertex 4.88896 4.72955 1.2
    endloop
  endfacet
  facet normal -0.0490891 -0.998794 0
    outer loop
      vertex 4 5.15 0
      vertex 4.11272 5.14446 1.2
      vertex 4 5.15 1.2
    endloop
  endfacet
  facet normal -0.0490891 -0.998794 -0
    outer loop
      vertex 4.11272 5.14446 1.2
      vertex 4 5.15 0
      vertex 4.11272 5.14446 0
    endloop
  endfacet
  facet normal -0.242953 -0.970038 0
    outer loop
      vertex 4.22435 5.1279 0
      vertex 4.33383 5.10048 1.2
      vertex 4.22435 5.1279 1.2
    endloop
  endfacet
  facet normal -0.242953 -0.970038 -0
    outer loop
      vertex 4.33383 5.10048 1.2
      vertex 4.22435 5.1279 0
      vertex 4.33383 5.10048 0
    endloop
  endfacet
  facet normal -0.427542 -0.903996 0
    outer loop
      vertex 4.44009 5.06246 0
      vertex 4.54211 5.01421 1.2
      vertex 4.44009 5.06246 1.2
    endloop
  endfacet
  facet normal -0.427542 -0.903996 -0
    outer loop
      vertex 4.54211 5.01421 1.2
      vertex 4.44009 5.06246 0
      vertex 4.54211 5.01421 0
    endloop
  endfacet
  facet normal 0.998794 -0.0490891 0
    outer loop
      vertex 2.85 4 1.2
      vertex 2.85554 4.11272 0
      vertex 2.85554 4.11272 1.2
    endloop
  endfacet
  facet normal 0.998794 -0.0490891 0
    outer loop
      vertex 2.85554 4.11272 0
      vertex 2.85 4 1.2
      vertex 2.85 4 0
    endloop
  endfacet
  facet normal -0.989175 0.146741 0
    outer loop
      vertex 5.1279 3.77565 0
      vertex 5.14446 3.88728 1.2
      vertex 5.14446 3.88728 0
    endloop
  endfacet
  facet normal -0.989175 0.146741 0
    outer loop
      vertex 5.14446 3.88728 1.2
      vertex 5.1279 3.77565 0
      vertex 5.1279 3.77565 1.2
    endloop
  endfacet
  facet normal -0.998794 0.0490891 0
    outer loop
      vertex 5.14446 3.88728 0
      vertex 5.15 4 1.2
      vertex 5.15 4 0
    endloop
  endfacet
  facet normal -0.998794 0.0490891 0
    outer loop
      vertex 5.15 4 1.2
      vertex 5.14446 3.88728 0
      vertex 5.14446 3.88728 1.2
    endloop
  endfacet
  facet normal -0.903996 0.427542 0
    outer loop
      vertex 5.01421 3.45789 0
      vertex 5.06246 3.55991 1.2
      vertex 5.06246 3.55991 0
    endloop
  endfacet
  facet normal -0.903996 0.427542 0
    outer loop
      vertex 5.06246 3.55991 1.2
      vertex 5.01421 3.45789 0
      vertex 5.01421 3.45789 1.2
    endloop
  endfacet
  facet normal -0.970038 0.242953 0
    outer loop
      vertex 5.10048 3.66617 0
      vertex 5.1279 3.77565 1.2
      vertex 5.1279 3.77565 0
    endloop
  endfacet
  facet normal -0.970038 0.242953 0
    outer loop
      vertex 5.1279 3.77565 1.2
      vertex 5.10048 3.66617 0
      vertex 5.10048 3.66617 1.2
    endloop
  endfacet
  facet normal 0.427542 0.903996 -0
    outer loop
      vertex 3.55991 2.93754 0
      vertex 3.45789 2.98579 1.2
      vertex 3.55991 2.93754 1.2
    endloop
  endfacet
  facet normal 0.427542 0.903996 0
    outer loop
      vertex 3.45789 2.98579 1.2
      vertex 3.55991 2.93754 0
      vertex 3.45789 2.98579 0
    endloop
  endfacet
  facet normal 0.989175 0.146741 0
    outer loop
      vertex 2.8721 3.77565 1.2
      vertex 2.85554 3.88728 0
      vertex 2.85554 3.88728 1.2
    endloop
  endfacet
  facet normal 0.989175 0.146741 0
    outer loop
      vertex 2.85554 3.88728 0
      vertex 2.8721 3.77565 1.2
      vertex 2.8721 3.77565 0
    endloop
  endfacet
  facet normal 0.941545 0.336886 0
    outer loop
      vertex 2.93754 3.55991 1.2
      vertex 2.89952 3.66617 0
      vertex 2.89952 3.66617 1.2
    endloop
  endfacet
  facet normal 0.941545 0.336886 0
    outer loop
      vertex 2.89952 3.66617 0
      vertex 2.93754 3.55991 1.2
      vertex 2.93754 3.55991 0
    endloop
  endfacet
  facet normal 0.740946 0.671565 0
    outer loop
      vertex 3.18683 3.18683 1.2
      vertex 3.11104 3.27045 0
      vertex 3.11104 3.27045 1.2
    endloop
  endfacet
  facet normal 0.740946 0.671565 0
    outer loop
      vertex 3.11104 3.27045 0
      vertex 3.18683 3.18683 1.2
      vertex 3.18683 3.18683 0
    endloop
  endfacet
  facet normal 0.857727 0.514105 0
    outer loop
      vertex 3.04381 3.36109 1.2
      vertex 2.98579 3.45789 0
      vertex 2.98579 3.45789 1.2
    endloop
  endfacet
  facet normal 0.857727 0.514105 0
    outer loop
      vertex 2.98579 3.45789 0
      vertex 3.04381 3.36109 1.2
      vertex 3.04381 3.36109 0
    endloop
  endfacet
  facet normal 0.803179 0.595738 0
    outer loop
      vertex 3.11104 3.27045 1.2
      vertex 3.04381 3.36109 0
      vertex 3.04381 3.36109 1.2
    endloop
  endfacet
  facet normal 0.803179 0.595738 0
    outer loop
      vertex 3.04381 3.36109 0
      vertex 3.11104 3.27045 1.2
      vertex 3.11104 3.27045 0
    endloop
  endfacet
  facet normal -0.514105 0.857727 0
    outer loop
      vertex 4.63891 3.04381 0
      vertex 4.54211 2.98579 1.2
      vertex 4.63891 3.04381 1.2
    endloop
  endfacet
  facet normal -0.514105 0.857727 0
    outer loop
      vertex 4.54211 2.98579 1.2
      vertex 4.63891 3.04381 0
      vertex 4.54211 2.98579 0
    endloop
  endfacet
  facet normal -0.671565 0.740946 0
    outer loop
      vertex 4.81317 3.18683 0
      vertex 4.72955 3.11104 1.2
      vertex 4.81317 3.18683 1.2
    endloop
  endfacet
  facet normal -0.671565 0.740946 0
    outer loop
      vertex 4.72955 3.11104 1.2
      vertex 4.81317 3.18683 0
      vertex 4.72955 3.11104 0
    endloop
  endfacet
  facet normal -0.941545 0.336886 0
    outer loop
      vertex 5.06246 3.55991 0
      vertex 5.10048 3.66617 1.2
      vertex 5.10048 3.66617 0
    endloop
  endfacet
  facet normal -0.941545 0.336886 0
    outer loop
      vertex 5.10048 3.66617 1.2
      vertex 5.06246 3.55991 0
      vertex 5.06246 3.55991 1.2
    endloop
  endfacet
  facet normal -0.857727 0.514105 0
    outer loop
      vertex 4.95619 3.36109 0
      vertex 5.01421 3.45789 1.2
      vertex 5.01421 3.45789 0
    endloop
  endfacet
  facet normal -0.857727 0.514105 0
    outer loop
      vertex 5.01421 3.45789 1.2
      vertex 4.95619 3.36109 0
      vertex 4.95619 3.36109 1.2
    endloop
  endfacet
  facet normal 0.595738 0.803179 -0
    outer loop
      vertex 3.36109 3.04381 0
      vertex 3.27045 3.11104 1.2
      vertex 3.36109 3.04381 1.2
    endloop
  endfacet
  facet normal 0.595738 0.803179 0
    outer loop
      vertex 3.27045 3.11104 1.2
      vertex 3.36109 3.04381 0
      vertex 3.27045 3.11104 0
    endloop
  endfacet
  facet normal -0.0490891 0.998794 0
    outer loop
      vertex 4.11272 2.85554 0
      vertex 4 2.85 1.2
      vertex 4.11272 2.85554 1.2
    endloop
  endfacet
  facet normal -0.0490891 0.998794 0
    outer loop
      vertex 4 2.85 1.2
      vertex 4.11272 2.85554 0
      vertex 4 2.85 0
    endloop
  endfacet
  facet normal 0.336886 0.941545 -0
    outer loop
      vertex 3.66617 2.89952 0
      vertex 3.55991 2.93754 1.2
      vertex 3.66617 2.89952 1.2
    endloop
  endfacet
  facet normal 0.336886 0.941545 0
    outer loop
      vertex 3.55991 2.93754 1.2
      vertex 3.66617 2.89952 0
      vertex 3.55991 2.93754 0
    endloop
  endfacet
  facet normal 0.242953 0.970038 -0
    outer loop
      vertex 3.77565 2.8721 0
      vertex 3.66617 2.89952 1.2
      vertex 3.77565 2.8721 1.2
    endloop
  endfacet
  facet normal 0.242953 0.970038 0
    outer loop
      vertex 3.66617 2.89952 1.2
      vertex 3.77565 2.8721 0
      vertex 3.66617 2.89952 0
    endloop
  endfacet
  facet normal 0.514105 0.857727 -0
    outer loop
      vertex 3.45789 2.98579 0
      vertex 3.36109 3.04381 1.2
      vertex 3.45789 2.98579 1.2
    endloop
  endfacet
  facet normal 0.514105 0.857727 0
    outer loop
      vertex 3.36109 3.04381 1.2
      vertex 3.45789 2.98579 0
      vertex 3.36109 3.04381 0
    endloop
  endfacet
  facet normal 0.970038 0.242953 0
    outer loop
      vertex 2.89952 3.66617 1.2
      vertex 2.8721 3.77565 0
      vertex 2.8721 3.77565 1.2
    endloop
  endfacet
  facet normal 0.970038 0.242953 0
    outer loop
      vertex 2.8721 3.77565 0
      vertex 2.89952 3.66617 1.2
      vertex 2.89952 3.66617 0
    endloop
  endfacet
  facet normal 0.903996 0.427542 0
    outer loop
      vertex 2.98579 3.45789 1.2
      vertex 2.93754 3.55991 0
      vertex 2.93754 3.55991 1.2
    endloop
  endfacet
  facet normal 0.903996 0.427542 0
    outer loop
      vertex 2.93754 3.55991 0
      vertex 2.98579 3.45789 1.2
      vertex 2.98579 3.45789 0
    endloop
  endfacet
  facet normal 0.671565 0.740946 -0
    outer loop
      vertex 3.27045 3.11104 0
      vertex 3.18683 3.18683 1.2
      vertex 3.27045 3.11104 1.2
    endloop
  endfacet
  facet normal 0.671565 0.740946 0
    outer loop
      vertex 3.18683 3.18683 1.2
      vertex 3.27045 3.11104 0
      vertex 3.18683 3.18683 0
    endloop
  endfacet
  facet normal -0.427542 0.903996 0
    outer loop
      vertex 4.54211 2.98579 0
      vertex 4.44009 2.93754 1.2
      vertex 4.54211 2.98579 1.2
    endloop
  endfacet
  facet normal -0.427542 0.903996 0
    outer loop
      vertex 4.44009 2.93754 1.2
      vertex 4.54211 2.98579 0
      vertex 4.44009 2.93754 0
    endloop
  endfacet
  facet normal -0.595738 0.803179 0
    outer loop
      vertex 4.72955 3.11104 0
      vertex 4.63891 3.04381 1.2
      vertex 4.72955 3.11104 1.2
    endloop
  endfacet
  facet normal -0.595738 0.803179 0
    outer loop
      vertex 4.63891 3.04381 1.2
      vertex 4.72955 3.11104 0
      vertex 4.63891 3.04381 0
    endloop
  endfacet
  facet normal -0.740946 0.671565 0
    outer loop
      vertex 4.81317 3.18683 0
      vertex 4.88896 3.27045 1.2
      vertex 4.88896 3.27045 0
    endloop
  endfacet
  facet normal -0.740946 0.671565 0
    outer loop
      vertex 4.88896 3.27045 1.2
      vertex 4.81317 3.18683 0
      vertex 4.81317 3.18683 1.2
    endloop
  endfacet
  facet normal 0.146741 0.989175 -0
    outer loop
      vertex 3.88728 2.85554 0
      vertex 3.77565 2.8721 1.2
      vertex 3.88728 2.85554 1.2
    endloop
  endfacet
  facet normal 0.146741 0.989175 0
    outer loop
      vertex 3.77565 2.8721 1.2
      vertex 3.88728 2.85554 0
      vertex 3.77565 2.8721 0
    endloop
  endfacet
  facet normal -0.857727 -0.514105 0
    outer loop
      vertex 5.01421 62.5421 0
      vertex 4.95619 62.6389 1.2
      vertex 4.95619 62.6389 0
    endloop
  endfacet
  facet normal -0.857727 -0.514105 0
    outer loop
      vertex 4.95619 62.6389 1.2
      vertex 5.01421 62.5421 0
      vertex 5.01421 62.5421 1.2
    endloop
  endfacet
  facet normal -0.336729 -0.941601 0
    outer loop
      vertex 4.33383 63.1005 0
      vertex 4.44009 63.0625 1.2
      vertex 4.33383 63.1005 1.2
    endloop
  endfacet
  facet normal -0.336729 -0.941601 -0
    outer loop
      vertex 4.44009 63.0625 1.2
      vertex 4.33383 63.1005 0
      vertex 4.44009 63.0625 0
    endloop
  endfacet
  facet normal 0.427904 -0.903824 0
    outer loop
      vertex 3.45789 63.0142 0
      vertex 3.55991 63.0625 1.2
      vertex 3.45789 63.0142 1.2
    endloop
  endfacet
  facet normal 0.427904 -0.903824 0
    outer loop
      vertex 3.55991 63.0625 1.2
      vertex 3.45789 63.0142 0
      vertex 3.55991 63.0625 0
    endloop
  endfacet
  facet normal 0.941585 -0.336774 0
    outer loop
      vertex 2.89952 62.3338 1.2
      vertex 2.93754 62.4401 0
      vertex 2.93754 62.4401 1.2
    endloop
  endfacet
  facet normal 0.941585 -0.336774 0
    outer loop
      vertex 2.93754 62.4401 0
      vertex 2.89952 62.3338 1.2
      vertex 2.89952 62.3338 0
    endloop
  endfacet
  facet normal -0.998794 0.0490978 0
    outer loop
      vertex 5.14446 61.8873 0
      vertex 5.15 62 1.2
      vertex 5.15 62 0
    endloop
  endfacet
  facet normal -0.998794 0.0490978 0
    outer loop
      vertex 5.15 62 1.2
      vertex 5.14446 61.8873 0
      vertex 5.14446 61.8873 1.2
    endloop
  endfacet
  facet normal -0.513974 -0.857806 0
    outer loop
      vertex 4.54211 63.0142 0
      vertex 4.63891 62.9562 1.2
      vertex 4.54211 63.0142 1.2
    endloop
  endfacet
  facet normal -0.513974 -0.857806 -0
    outer loop
      vertex 4.63891 62.9562 1.2
      vertex 4.54211 63.0142 0
      vertex 4.63891 62.9562 0
    endloop
  endfacet
  facet normal 0.803367 -0.595484 0
    outer loop
      vertex 3.04381 62.6389 1.2
      vertex 3.11104 62.7296 0
      vertex 3.11104 62.7296 1.2
    endloop
  endfacet
  facet normal 0.803367 -0.595484 0
    outer loop
      vertex 3.11104 62.7296 0
      vertex 3.04381 62.6389 1.2
      vertex 3.04381 62.6389 0
    endloop
  endfacet
  facet normal 0.242786 -0.97008 0
    outer loop
      vertex 3.66617 63.1005 0
      vertex 3.77565 63.1279 1.2
      vertex 3.66617 63.1005 1.2
    endloop
  endfacet
  facet normal 0.242786 -0.97008 0
    outer loop
      vertex 3.77565 63.1279 1.2
      vertex 3.66617 63.1005 0
      vertex 3.77565 63.1279 0
    endloop
  endfacet
  facet normal -0.513974 0.857806 0
    outer loop
      vertex 4.63891 61.0438 0
      vertex 4.54211 60.9858 1.2
      vertex 4.63891 61.0438 1.2
    endloop
  endfacet
  facet normal -0.513974 0.857806 0
    outer loop
      vertex 4.54211 60.9858 1.2
      vertex 4.63891 61.0438 0
      vertex 4.54211 60.9858 0
    endloop
  endfacet
  facet normal 0.595567 0.803306 -0
    outer loop
      vertex 3.36109 61.0438 0
      vertex 3.27045 61.111 1.2
      vertex 3.36109 61.0438 1.2
    endloop
  endfacet
  facet normal 0.595567 0.803306 0
    outer loop
      vertex 3.27045 61.111 1.2
      vertex 3.36109 61.0438 0
      vertex 3.27045 61.111 0
    endloop
  endfacet
  facet normal 0.857727 0.514105 0
    outer loop
      vertex 3.04381 61.3611 1.2
      vertex 2.98579 61.4579 0
      vertex 2.98579 61.4579 1.2
    endloop
  endfacet
  facet normal 0.857727 0.514105 0
    outer loop
      vertex 2.98579 61.4579 0
      vertex 3.04381 61.3611 1.2
      vertex 3.04381 61.3611 0
    endloop
  endfacet
  facet normal -0.989188 -0.146651 0
    outer loop
      vertex 5.14446 62.1127 0
      vertex 5.1279 62.2244 1.2
      vertex 5.1279 62.2244 0
    endloop
  endfacet
  facet normal -0.989188 -0.146651 0
    outer loop
      vertex 5.1279 62.2244 1.2
      vertex 5.14446 62.1127 0
      vertex 5.14446 62.1127 1.2
    endloop
  endfacet
  facet normal -0.803367 -0.595484 0
    outer loop
      vertex 4.95619 62.6389 0
      vertex 4.88896 62.7296 1.2
      vertex 4.88896 62.7296 0
    endloop
  endfacet
  facet normal -0.803367 -0.595484 0
    outer loop
      vertex 4.88896 62.7296 1.2
      vertex 4.95619 62.6389 0
      vertex 4.95619 62.6389 1.2
    endloop
  endfacet
  facet normal -0.671614 -0.740902 0
    outer loop
      vertex 4.72955 62.889 0
      vertex 4.81317 62.8132 1.2
      vertex 4.72955 62.889 1.2
    endloop
  endfacet
  facet normal -0.671614 -0.740902 -0
    outer loop
      vertex 4.81317 62.8132 1.2
      vertex 4.72955 62.889 0
      vertex 4.81317 62.8132 0
    endloop
  endfacet
  facet normal 0.0487355 -0.998812 0
    outer loop
      vertex 3.88728 63.1445 0
      vertex 4 63.15 1.2
      vertex 3.88728 63.1445 1.2
    endloop
  endfacet
  facet normal 0.0487355 -0.998812 0
    outer loop
      vertex 4 63.15 1.2
      vertex 3.88728 63.1445 0
      vertex 4 63.15 0
    endloop
  endfacet
  facet normal -0.242786 -0.97008 0
    outer loop
      vertex 4.22435 63.1279 0
      vertex 4.33383 63.1005 1.2
      vertex 4.22435 63.1279 1.2
    endloop
  endfacet
  facet normal -0.242786 -0.97008 -0
    outer loop
      vertex 4.33383 63.1005 1.2
      vertex 4.22435 63.1279 0
      vertex 4.33383 63.1005 0
    endloop
  endfacet
  facet normal -0.147088 -0.989123 0
    outer loop
      vertex 4.11272 63.1445 0
      vertex 4.22435 63.1279 1.2
      vertex 4.11272 63.1445 1.2
    endloop
  endfacet
  facet normal -0.147088 -0.989123 -0
    outer loop
      vertex 4.22435 63.1279 1.2
      vertex 4.11272 63.1445 0
      vertex 4.22435 63.1279 0
    endloop
  endfacet
  facet normal -0.427904 -0.903824 0
    outer loop
      vertex 4.44009 63.0625 0
      vertex 4.54211 63.0142 1.2
      vertex 4.44009 63.0625 1.2
    endloop
  endfacet
  facet normal -0.427904 -0.903824 -0
    outer loop
      vertex 4.54211 63.0142 1.2
      vertex 4.44009 63.0625 0
      vertex 4.54211 63.0142 0
    endloop
  endfacet
  facet normal -0.595567 -0.803306 0
    outer loop
      vertex 4.63891 62.9562 0
      vertex 4.72955 62.889 1.2
      vertex 4.63891 62.9562 1.2
    endloop
  endfacet
  facet normal -0.595567 -0.803306 -0
    outer loop
      vertex 4.72955 62.889 1.2
      vertex 4.63891 62.9562 0
      vertex 4.72955 62.889 0
    endloop
  endfacet
  facet normal 0.998794 0.0490978 0
    outer loop
      vertex 2.85554 61.8873 1.2
      vertex 2.85 62 0
      vertex 2.85 62 1.2
    endloop
  endfacet
  facet normal 0.998794 0.0490978 0
    outer loop
      vertex 2.85 62 0
      vertex 2.85554 61.8873 1.2
      vertex 2.85554 61.8873 0
    endloop
  endfacet
  facet normal 0.969996 -0.24312 0
    outer loop
      vertex 2.8721 62.2244 1.2
      vertex 2.89952 62.3338 0
      vertex 2.89952 62.3338 1.2
    endloop
  endfacet
  facet normal 0.969996 -0.24312 0
    outer loop
      vertex 2.89952 62.3338 0
      vertex 2.8721 62.2244 1.2
      vertex 2.8721 62.2244 0
    endloop
  endfacet
  facet normal 0.989188 -0.146651 0
    outer loop
      vertex 2.85554 62.1127 1.2
      vertex 2.8721 62.2244 0
      vertex 2.8721 62.2244 1.2
    endloop
  endfacet
  facet normal 0.989188 -0.146651 0
    outer loop
      vertex 2.8721 62.2244 0
      vertex 2.85554 62.1127 1.2
      vertex 2.85554 62.1127 0
    endloop
  endfacet
  facet normal 0.903963 -0.42761 0
    outer loop
      vertex 2.93754 62.4401 1.2
      vertex 2.98579 62.5421 0
      vertex 2.98579 62.5421 1.2
    endloop
  endfacet
  facet normal 0.903963 -0.42761 0
    outer loop
      vertex 2.98579 62.5421 0
      vertex 2.93754 62.4401 1.2
      vertex 2.93754 62.4401 0
    endloop
  endfacet
  facet normal 0.857727 -0.514105 0
    outer loop
      vertex 2.98579 62.5421 1.2
      vertex 3.04381 62.6389 0
      vertex 3.04381 62.6389 1.2
    endloop
  endfacet
  facet normal 0.857727 -0.514105 0
    outer loop
      vertex 3.04381 62.6389 0
      vertex 2.98579 62.5421 1.2
      vertex 2.98579 62.5421 0
    endloop
  endfacet
  facet normal 0.336729 -0.941601 0
    outer loop
      vertex 3.55991 63.0625 0
      vertex 3.66617 63.1005 1.2
      vertex 3.55991 63.0625 1.2
    endloop
  endfacet
  facet normal 0.336729 -0.941601 0
    outer loop
      vertex 3.66617 63.1005 1.2
      vertex 3.55991 63.0625 0
      vertex 3.66617 63.1005 0
    endloop
  endfacet
  facet normal 0.147088 -0.989123 0
    outer loop
      vertex 3.77565 63.1279 0
      vertex 3.88728 63.1445 1.2
      vertex 3.77565 63.1279 1.2
    endloop
  endfacet
  facet normal 0.147088 -0.989123 0
    outer loop
      vertex 3.88728 63.1445 1.2
      vertex 3.77565 63.1279 0
      vertex 3.88728 63.1445 0
    endloop
  endfacet
  facet normal 0.595567 -0.803306 0
    outer loop
      vertex 3.27045 62.889 0
      vertex 3.36109 62.9562 1.2
      vertex 3.27045 62.889 1.2
    endloop
  endfacet
  facet normal 0.595567 -0.803306 0
    outer loop
      vertex 3.36109 62.9562 1.2
      vertex 3.27045 62.889 0
      vertex 3.36109 62.9562 0
    endloop
  endfacet
  facet normal 0.671614 -0.740902 0
    outer loop
      vertex 3.18683 62.8132 0
      vertex 3.27045 62.889 1.2
      vertex 3.18683 62.8132 1.2
    endloop
  endfacet
  facet normal 0.671614 -0.740902 0
    outer loop
      vertex 3.27045 62.889 1.2
      vertex 3.18683 62.8132 0
      vertex 3.27045 62.889 0
    endloop
  endfacet
  facet normal 0.513974 -0.857806 0
    outer loop
      vertex 3.36109 62.9562 0
      vertex 3.45789 63.0142 1.2
      vertex 3.36109 62.9562 1.2
    endloop
  endfacet
  facet normal 0.513974 -0.857806 0
    outer loop
      vertex 3.45789 63.0142 1.2
      vertex 3.36109 62.9562 0
      vertex 3.45789 63.0142 0
    endloop
  endfacet
  facet normal 0.740866 -0.671653 0
    outer loop
      vertex 3.11104 62.7296 1.2
      vertex 3.18683 62.8132 0
      vertex 3.18683 62.8132 1.2
    endloop
  endfacet
  facet normal 0.740866 -0.671653 0
    outer loop
      vertex 3.18683 62.8132 0
      vertex 3.11104 62.7296 1.2
      vertex 3.11104 62.7296 0
    endloop
  endfacet
  facet normal -0.998794 -0.0490978 0
    outer loop
      vertex 5.15 62 0
      vertex 5.14446 62.1127 1.2
      vertex 5.14446 62.1127 0
    endloop
  endfacet
  facet normal -0.998794 -0.0490978 0
    outer loop
      vertex 5.14446 62.1127 1.2
      vertex 5.15 62 0
      vertex 5.15 62 1.2
    endloop
  endfacet
  facet normal -0.969996 0.24312 0
    outer loop
      vertex 5.10048 61.6662 0
      vertex 5.1279 61.7756 1.2
      vertex 5.1279 61.7756 0
    endloop
  endfacet
  facet normal -0.969996 0.24312 0
    outer loop
      vertex 5.1279 61.7756 1.2
      vertex 5.10048 61.6662 0
      vertex 5.10048 61.6662 1.2
    endloop
  endfacet
  facet normal 0.740866 0.671653 0
    outer loop
      vertex 3.18683 61.1868 1.2
      vertex 3.11104 61.2704 0
      vertex 3.11104 61.2704 1.2
    endloop
  endfacet
  facet normal 0.740866 0.671653 0
    outer loop
      vertex 3.11104 61.2704 0
      vertex 3.18683 61.1868 1.2
      vertex 3.18683 61.1868 0
    endloop
  endfacet
  facet normal -0.147088 0.989123 0
    outer loop
      vertex 4.22435 60.8721 0
      vertex 4.11272 60.8555 1.2
      vertex 4.22435 60.8721 1.2
    endloop
  endfacet
  facet normal -0.147088 0.989123 0
    outer loop
      vertex 4.11272 60.8555 1.2
      vertex 4.22435 60.8721 0
      vertex 4.11272 60.8555 0
    endloop
  endfacet
  facet normal -0.903963 -0.42761 0
    outer loop
      vertex 5.06246 62.4401 0
      vertex 5.01421 62.5421 1.2
      vertex 5.01421 62.5421 0
    endloop
  endfacet
  facet normal -0.903963 -0.42761 0
    outer loop
      vertex 5.01421 62.5421 1.2
      vertex 5.06246 62.4401 0
      vertex 5.06246 62.4401 1.2
    endloop
  endfacet
  facet normal -0.941585 -0.336774 0
    outer loop
      vertex 5.10048 62.3338 0
      vertex 5.06246 62.4401 1.2
      vertex 5.06246 62.4401 0
    endloop
  endfacet
  facet normal -0.941585 -0.336774 0
    outer loop
      vertex 5.06246 62.4401 1.2
      vertex 5.10048 62.3338 0
      vertex 5.10048 62.3338 1.2
    endloop
  endfacet
  facet normal -0.740866 -0.671653 0
    outer loop
      vertex 4.88896 62.7296 0
      vertex 4.81317 62.8132 1.2
      vertex 4.81317 62.8132 0
    endloop
  endfacet
  facet normal -0.740866 -0.671653 0
    outer loop
      vertex 4.81317 62.8132 1.2
      vertex 4.88896 62.7296 0
      vertex 4.88896 62.7296 1.2
    endloop
  endfacet
  facet normal -0.0487355 -0.998812 0
    outer loop
      vertex 4 63.15 0
      vertex 4.11272 63.1445 1.2
      vertex 4 63.15 1.2
    endloop
  endfacet
  facet normal -0.0487355 -0.998812 -0
    outer loop
      vertex 4.11272 63.1445 1.2
      vertex 4 63.15 0
      vertex 4.11272 63.1445 0
    endloop
  endfacet
  facet normal 0.998794 -0.0490978 0
    outer loop
      vertex 2.85 62 1.2
      vertex 2.85554 62.1127 0
      vertex 2.85554 62.1127 1.2
    endloop
  endfacet
  facet normal 0.998794 -0.0490978 0
    outer loop
      vertex 2.85554 62.1127 0
      vertex 2.85 62 1.2
      vertex 2.85 62 0
    endloop
  endfacet
  facet normal -0.989188 0.146651 0
    outer loop
      vertex 5.1279 61.7756 0
      vertex 5.14446 61.8873 1.2
      vertex 5.14446 61.8873 0
    endloop
  endfacet
  facet normal -0.989188 0.146651 0
    outer loop
      vertex 5.14446 61.8873 1.2
      vertex 5.1279 61.7756 0
      vertex 5.1279 61.7756 1.2
    endloop
  endfacet
  facet normal -0.803367 0.595484 0
    outer loop
      vertex 4.88896 61.2704 0
      vertex 4.95619 61.3611 1.2
      vertex 4.95619 61.3611 0
    endloop
  endfacet
  facet normal -0.803367 0.595484 0
    outer loop
      vertex 4.95619 61.3611 1.2
      vertex 4.88896 61.2704 0
      vertex 4.88896 61.2704 1.2
    endloop
  endfacet
  facet normal -0.903963 0.42761 0
    outer loop
      vertex 5.01421 61.4579 0
      vertex 5.06246 61.5599 1.2
      vertex 5.06246 61.5599 0
    endloop
  endfacet
  facet normal -0.903963 0.42761 0
    outer loop
      vertex 5.06246 61.5599 1.2
      vertex 5.01421 61.4579 0
      vertex 5.01421 61.4579 1.2
    endloop
  endfacet
  facet normal -0.857727 0.514105 0
    outer loop
      vertex 4.95619 61.3611 0
      vertex 5.01421 61.4579 1.2
      vertex 5.01421 61.4579 0
    endloop
  endfacet
  facet normal -0.857727 0.514105 0
    outer loop
      vertex 5.01421 61.4579 1.2
      vertex 4.95619 61.3611 0
      vertex 4.95619 61.3611 1.2
    endloop
  endfacet
  facet normal 0.0487355 0.998812 -0
    outer loop
      vertex 4 60.85 0
      vertex 3.88728 60.8555 1.2
      vertex 4 60.85 1.2
    endloop
  endfacet
  facet normal 0.0487355 0.998812 0
    outer loop
      vertex 3.88728 60.8555 1.2
      vertex 4 60.85 0
      vertex 3.88728 60.8555 0
    endloop
  endfacet
  facet normal 0.989188 0.146651 0
    outer loop
      vertex 2.8721 61.7756 1.2
      vertex 2.85554 61.8873 0
      vertex 2.85554 61.8873 1.2
    endloop
  endfacet
  facet normal 0.989188 0.146651 0
    outer loop
      vertex 2.85554 61.8873 0
      vertex 2.8721 61.7756 1.2
      vertex 2.8721 61.7756 0
    endloop
  endfacet
  facet normal 0.903963 0.42761 0
    outer loop
      vertex 2.98579 61.4579 1.2
      vertex 2.93754 61.5599 0
      vertex 2.93754 61.5599 1.2
    endloop
  endfacet
  facet normal 0.903963 0.42761 0
    outer loop
      vertex 2.93754 61.5599 0
      vertex 2.98579 61.4579 1.2
      vertex 2.98579 61.4579 0
    endloop
  endfacet
  facet normal 0.941585 0.336774 0
    outer loop
      vertex 2.93754 61.5599 1.2
      vertex 2.89952 61.6662 0
      vertex 2.89952 61.6662 1.2
    endloop
  endfacet
  facet normal 0.941585 0.336774 0
    outer loop
      vertex 2.89952 61.6662 0
      vertex 2.93754 61.5599 1.2
      vertex 2.93754 61.5599 0
    endloop
  endfacet
  facet normal 0.671614 0.740902 -0
    outer loop
      vertex 3.27045 61.111 0
      vertex 3.18683 61.1868 1.2
      vertex 3.27045 61.111 1.2
    endloop
  endfacet
  facet normal 0.671614 0.740902 0
    outer loop
      vertex 3.18683 61.1868 1.2
      vertex 3.27045 61.111 0
      vertex 3.18683 61.1868 0
    endloop
  endfacet
  facet normal -0.336729 0.941601 0
    outer loop
      vertex 4.44009 60.9375 0
      vertex 4.33383 60.8995 1.2
      vertex 4.44009 60.9375 1.2
    endloop
  endfacet
  facet normal -0.336729 0.941601 0
    outer loop
      vertex 4.33383 60.8995 1.2
      vertex 4.44009 60.9375 0
      vertex 4.33383 60.8995 0
    endloop
  endfacet
  facet normal -0.242786 0.97008 0
    outer loop
      vertex 4.33383 60.8995 0
      vertex 4.22435 60.8721 1.2
      vertex 4.33383 60.8995 1.2
    endloop
  endfacet
  facet normal -0.242786 0.97008 0
    outer loop
      vertex 4.22435 60.8721 1.2
      vertex 4.33383 60.8995 0
      vertex 4.22435 60.8721 0
    endloop
  endfacet
  facet normal -0.969996 -0.24312 0
    outer loop
      vertex 5.1279 62.2244 0
      vertex 5.10048 62.3338 1.2
      vertex 5.10048 62.3338 0
    endloop
  endfacet
  facet normal -0.969996 -0.24312 0
    outer loop
      vertex 5.10048 62.3338 1.2
      vertex 5.1279 62.2244 0
      vertex 5.1279 62.2244 1.2
    endloop
  endfacet
  facet normal -0.671614 0.740902 0
    outer loop
      vertex 4.81317 61.1868 0
      vertex 4.72955 61.111 1.2
      vertex 4.81317 61.1868 1.2
    endloop
  endfacet
  facet normal -0.671614 0.740902 0
    outer loop
      vertex 4.72955 61.111 1.2
      vertex 4.81317 61.1868 0
      vertex 4.72955 61.111 0
    endloop
  endfacet
  facet normal -0.941585 0.336774 0
    outer loop
      vertex 5.06246 61.5599 0
      vertex 5.10048 61.6662 1.2
      vertex 5.10048 61.6662 0
    endloop
  endfacet
  facet normal -0.941585 0.336774 0
    outer loop
      vertex 5.10048 61.6662 1.2
      vertex 5.06246 61.5599 0
      vertex 5.06246 61.5599 1.2
    endloop
  endfacet
  facet normal -0.0487355 0.998812 0
    outer loop
      vertex 4.11272 60.8555 0
      vertex 4 60.85 1.2
      vertex 4.11272 60.8555 1.2
    endloop
  endfacet
  facet normal -0.0487355 0.998812 0
    outer loop
      vertex 4 60.85 1.2
      vertex 4.11272 60.8555 0
      vertex 4 60.85 0
    endloop
  endfacet
  facet normal 0.427904 0.903824 -0
    outer loop
      vertex 3.55991 60.9375 0
      vertex 3.45789 60.9858 1.2
      vertex 3.55991 60.9375 1.2
    endloop
  endfacet
  facet normal 0.427904 0.903824 0
    outer loop
      vertex 3.45789 60.9858 1.2
      vertex 3.55991 60.9375 0
      vertex 3.45789 60.9858 0
    endloop
  endfacet
  facet normal 0.242786 0.97008 -0
    outer loop
      vertex 3.77565 60.8721 0
      vertex 3.66617 60.8995 1.2
      vertex 3.77565 60.8721 1.2
    endloop
  endfacet
  facet normal 0.242786 0.97008 0
    outer loop
      vertex 3.66617 60.8995 1.2
      vertex 3.77565 60.8721 0
      vertex 3.66617 60.8995 0
    endloop
  endfacet
  facet normal 0.969996 0.24312 0
    outer loop
      vertex 2.89952 61.6662 1.2
      vertex 2.8721 61.7756 0
      vertex 2.8721 61.7756 1.2
    endloop
  endfacet
  facet normal 0.969996 0.24312 0
    outer loop
      vertex 2.8721 61.7756 0
      vertex 2.89952 61.6662 1.2
      vertex 2.89952 61.6662 0
    endloop
  endfacet
  facet normal 0.803367 0.595484 0
    outer loop
      vertex 3.11104 61.2704 1.2
      vertex 3.04381 61.3611 0
      vertex 3.04381 61.3611 1.2
    endloop
  endfacet
  facet normal 0.803367 0.595484 0
    outer loop
      vertex 3.04381 61.3611 0
      vertex 3.11104 61.2704 1.2
      vertex 3.11104 61.2704 0
    endloop
  endfacet
  facet normal -0.427904 0.903824 0
    outer loop
      vertex 4.54211 60.9858 0
      vertex 4.44009 60.9375 1.2
      vertex 4.54211 60.9858 1.2
    endloop
  endfacet
  facet normal -0.427904 0.903824 0
    outer loop
      vertex 4.44009 60.9375 1.2
      vertex 4.54211 60.9858 0
      vertex 4.44009 60.9375 0
    endloop
  endfacet
  facet normal -0.740866 0.671653 0
    outer loop
      vertex 4.81317 61.1868 0
      vertex 4.88896 61.2704 1.2
      vertex 4.88896 61.2704 0
    endloop
  endfacet
  facet normal -0.740866 0.671653 0
    outer loop
      vertex 4.88896 61.2704 1.2
      vertex 4.81317 61.1868 0
      vertex 4.81317 61.1868 1.2
    endloop
  endfacet
  facet normal -0.595567 0.803306 0
    outer loop
      vertex 4.72955 61.111 0
      vertex 4.63891 61.0438 1.2
      vertex 4.72955 61.111 1.2
    endloop
  endfacet
  facet normal -0.595567 0.803306 0
    outer loop
      vertex 4.63891 61.0438 1.2
      vertex 4.72955 61.111 0
      vertex 4.63891 61.0438 0
    endloop
  endfacet
  facet normal 0.513974 0.857806 -0
    outer loop
      vertex 3.45789 60.9858 0
      vertex 3.36109 61.0438 1.2
      vertex 3.45789 60.9858 1.2
    endloop
  endfacet
  facet normal 0.513974 0.857806 0
    outer loop
      vertex 3.36109 61.0438 1.2
      vertex 3.45789 60.9858 0
      vertex 3.36109 61.0438 0
    endloop
  endfacet
  facet normal 0.336729 0.941601 -0
    outer loop
      vertex 3.66617 60.8995 0
      vertex 3.55991 60.9375 1.2
      vertex 3.66617 60.8995 1.2
    endloop
  endfacet
  facet normal 0.336729 0.941601 0
    outer loop
      vertex 3.55991 60.9375 1.2
      vertex 3.66617 60.8995 0
      vertex 3.55991 60.9375 0
    endloop
  endfacet
  facet normal 0.147088 0.989123 -0
    outer loop
      vertex 3.88728 60.8555 0
      vertex 3.77565 60.8721 1.2
      vertex 3.88728 60.8555 1.2
    endloop
  endfacet
  facet normal 0.147088 0.989123 0
    outer loop
      vertex 3.77565 60.8721 1.2
      vertex 3.88728 60.8555 0
      vertex 3.77565 60.8721 0
    endloop
  endfacet
  facet normal -0.857806 -0.513974 0
    outer loop
      vertex 99.0142 4.54211 0
      vertex 98.9562 4.63891 1.2
      vertex 98.9562 4.63891 0
    endloop
  endfacet
  facet normal -0.857806 -0.513974 0
    outer loop
      vertex 98.9562 4.63891 1.2
      vertex 99.0142 4.54211 0
      vertex 99.0142 4.54211 1.2
    endloop
  endfacet
  facet normal -0.336774 -0.941585 0
    outer loop
      vertex 98.3338 5.10048 0
      vertex 98.4401 5.06246 1.2
      vertex 98.3338 5.10048 1.2
    endloop
  endfacet
  facet normal -0.336774 -0.941585 -0
    outer loop
      vertex 98.4401 5.06246 1.2
      vertex 98.3338 5.10048 0
      vertex 98.4401 5.06246 0
    endloop
  endfacet
  facet normal 0.42761 -0.903963 0
    outer loop
      vertex 97.4579 5.01421 0
      vertex 97.5599 5.06246 1.2
      vertex 97.4579 5.01421 1.2
    endloop
  endfacet
  facet normal 0.42761 -0.903963 0
    outer loop
      vertex 97.5599 5.06246 1.2
      vertex 97.4579 5.01421 0
      vertex 97.5599 5.06246 0
    endloop
  endfacet
  facet normal 0.941601 -0.336729 0
    outer loop
      vertex 96.8995 4.33383 1.2
      vertex 96.9375 4.44009 0
      vertex 96.9375 4.44009 1.2
    endloop
  endfacet
  facet normal 0.941601 -0.336729 0
    outer loop
      vertex 96.9375 4.44009 0
      vertex 96.8995 4.33383 1.2
      vertex 96.8995 4.33383 0
    endloop
  endfacet
  facet normal -0.998812 0.0487355 0
    outer loop
      vertex 99.1445 3.88728 0
      vertex 99.15 4 1.2
      vertex 99.15 4 0
    endloop
  endfacet
  facet normal -0.998812 0.0487355 0
    outer loop
      vertex 99.15 4 1.2
      vertex 99.1445 3.88728 0
      vertex 99.1445 3.88728 1.2
    endloop
  endfacet
  facet normal -0.0490978 -0.998794 0
    outer loop
      vertex 98 5.15 0
      vertex 98.1127 5.14446 1.2
      vertex 98 5.15 1.2
    endloop
  endfacet
  facet normal -0.0490978 -0.998794 -0
    outer loop
      vertex 98.1127 5.14446 1.2
      vertex 98 5.15 0
      vertex 98.1127 5.14446 0
    endloop
  endfacet
  facet normal -0.514105 -0.857727 0
    outer loop
      vertex 98.5421 5.01421 0
      vertex 98.6389 4.95619 1.2
      vertex 98.5421 5.01421 1.2
    endloop
  endfacet
  facet normal -0.514105 -0.857727 -0
    outer loop
      vertex 98.6389 4.95619 1.2
      vertex 98.5421 5.01421 0
      vertex 98.6389 4.95619 0
    endloop
  endfacet
  facet normal 0.998812 -0.0487355 0
    outer loop
      vertex 96.85 4 1.2
      vertex 96.8555 4.11272 0
      vertex 96.8555 4.11272 1.2
    endloop
  endfacet
  facet normal 0.998812 -0.0487355 0
    outer loop
      vertex 96.8555 4.11272 0
      vertex 96.85 4 1.2
      vertex 96.85 4 0
    endloop
  endfacet
  facet normal 0.803306 -0.595567 0
    outer loop
      vertex 97.0438 4.63891 1.2
      vertex 97.111 4.72955 0
      vertex 97.111 4.72955 1.2
    endloop
  endfacet
  facet normal 0.803306 -0.595567 0
    outer loop
      vertex 97.111 4.72955 0
      vertex 97.0438 4.63891 1.2
      vertex 97.0438 4.63891 0
    endloop
  endfacet
  facet normal 0.24312 -0.969996 0
    outer loop
      vertex 97.6662 5.10048 0
      vertex 97.7756 5.1279 1.2
      vertex 97.6662 5.10048 1.2
    endloop
  endfacet
  facet normal 0.24312 -0.969996 0
    outer loop
      vertex 97.7756 5.1279 1.2
      vertex 97.6662 5.10048 0
      vertex 97.7756 5.1279 0
    endloop
  endfacet
  facet normal -0.514105 0.857727 0
    outer loop
      vertex 98.6389 3.04381 0
      vertex 98.5421 2.98579 1.2
      vertex 98.6389 3.04381 1.2
    endloop
  endfacet
  facet normal -0.514105 0.857727 0
    outer loop
      vertex 98.5421 2.98579 1.2
      vertex 98.6389 3.04381 0
      vertex 98.5421 2.98579 0
    endloop
  endfacet
  facet normal 0.595484 0.803367 -0
    outer loop
      vertex 97.3611 3.04381 0
      vertex 97.2704 3.11104 1.2
      vertex 97.3611 3.04381 1.2
    endloop
  endfacet
  facet normal 0.595484 0.803367 0
    outer loop
      vertex 97.2704 3.11104 1.2
      vertex 97.3611 3.04381 0
      vertex 97.2704 3.11104 0
    endloop
  endfacet
  facet normal 0.857806 0.513974 0
    outer loop
      vertex 97.0438 3.36109 1.2
      vertex 96.9858 3.45789 0
      vertex 96.9858 3.45789 1.2
    endloop
  endfacet
  facet normal 0.857806 0.513974 0
    outer loop
      vertex 96.9858 3.45789 0
      vertex 97.0438 3.36109 1.2
      vertex 97.0438 3.36109 0
    endloop
  endfacet
  facet normal -0.989123 -0.147088 0
    outer loop
      vertex 99.1445 4.11272 0
      vertex 99.1279 4.22435 1.2
      vertex 99.1279 4.22435 0
    endloop
  endfacet
  facet normal -0.989123 -0.147088 0
    outer loop
      vertex 99.1279 4.22435 1.2
      vertex 99.1445 4.11272 0
      vertex 99.1445 4.11272 1.2
    endloop
  endfacet
  facet normal -0.803306 -0.595567 0
    outer loop
      vertex 98.9562 4.63891 0
      vertex 98.889 4.72955 1.2
      vertex 98.889 4.72955 0
    endloop
  endfacet
  facet normal -0.803306 -0.595567 0
    outer loop
      vertex 98.889 4.72955 1.2
      vertex 98.9562 4.63891 0
      vertex 98.9562 4.63891 1.2
    endloop
  endfacet
  facet normal -0.671653 -0.740866 0
    outer loop
      vertex 98.7296 4.88896 0
      vertex 98.8132 4.81317 1.2
      vertex 98.7296 4.88896 1.2
    endloop
  endfacet
  facet normal -0.671653 -0.740866 -0
    outer loop
      vertex 98.8132 4.81317 1.2
      vertex 98.7296 4.88896 0
      vertex 98.8132 4.81317 0
    endloop
  endfacet
  facet normal 0.0490978 -0.998794 0
    outer loop
      vertex 97.8873 5.14446 0
      vertex 98 5.15 1.2
      vertex 97.8873 5.14446 1.2
    endloop
  endfacet
  facet normal 0.0490978 -0.998794 0
    outer loop
      vertex 98 5.15 1.2
      vertex 97.8873 5.14446 0
      vertex 98 5.15 0
    endloop
  endfacet
  facet normal -0.242911 -0.970049 0
    outer loop
      vertex 98.2243 5.1279 0
      vertex 98.3338 5.10048 1.2
      vertex 98.2243 5.1279 1.2
    endloop
  endfacet
  facet normal -0.242911 -0.970049 -0
    outer loop
      vertex 98.3338 5.10048 1.2
      vertex 98.2243 5.1279 0
      vertex 98.3338 5.10048 0
    endloop
  endfacet
  facet normal -0.14678 -0.989169 0
    outer loop
      vertex 98.1127 5.14446 0
      vertex 98.2243 5.1279 1.2
      vertex 98.1127 5.14446 1.2
    endloop
  endfacet
  facet normal -0.14678 -0.989169 -0
    outer loop
      vertex 98.2243 5.1279 1.2
      vertex 98.1127 5.14446 0
      vertex 98.2243 5.1279 0
    endloop
  endfacet
  facet normal -0.42761 -0.903963 0
    outer loop
      vertex 98.4401 5.06246 0
      vertex 98.5421 5.01421 1.2
      vertex 98.4401 5.06246 1.2
    endloop
  endfacet
  facet normal -0.42761 -0.903963 -0
    outer loop
      vertex 98.5421 5.01421 1.2
      vertex 98.4401 5.06246 0
      vertex 98.5421 5.01421 0
    endloop
  endfacet
  facet normal -0.595484 -0.803367 0
    outer loop
      vertex 98.6389 4.95619 0
      vertex 98.7296 4.88896 1.2
      vertex 98.6389 4.95619 1.2
    endloop
  endfacet
  facet normal -0.595484 -0.803367 -0
    outer loop
      vertex 98.7296 4.88896 1.2
      vertex 98.6389 4.95619 0
      vertex 98.7296 4.88896 0
    endloop
  endfacet
  facet normal 0.97008 -0.242786 0
    outer loop
      vertex 96.8721 4.22435 1.2
      vertex 96.8995 4.33383 0
      vertex 96.8995 4.33383 1.2
    endloop
  endfacet
  facet normal 0.97008 -0.242786 0
    outer loop
      vertex 96.8995 4.33383 0
      vertex 96.8721 4.22435 1.2
      vertex 96.8721 4.22435 0
    endloop
  endfacet
  facet normal 0.989123 -0.147088 0
    outer loop
      vertex 96.8555 4.11272 1.2
      vertex 96.8721 4.22435 0
      vertex 96.8721 4.22435 1.2
    endloop
  endfacet
  facet normal 0.989123 -0.147088 0
    outer loop
      vertex 96.8721 4.22435 0
      vertex 96.8555 4.11272 1.2
      vertex 96.8555 4.11272 0
    endloop
  endfacet
  facet normal 0.903824 -0.427904 0
    outer loop
      vertex 96.9375 4.44009 1.2
      vertex 96.9858 4.54211 0
      vertex 96.9858 4.54211 1.2
    endloop
  endfacet
  facet normal 0.903824 -0.427904 0
    outer loop
      vertex 96.9858 4.54211 0
      vertex 96.9375 4.44009 1.2
      vertex 96.9375 4.44009 0
    endloop
  endfacet
  facet normal 0.857806 -0.513974 0
    outer loop
      vertex 96.9858 4.54211 1.2
      vertex 97.0438 4.63891 0
      vertex 97.0438 4.63891 1.2
    endloop
  endfacet
  facet normal 0.857806 -0.513974 0
    outer loop
      vertex 97.0438 4.63891 0
      vertex 96.9858 4.54211 1.2
      vertex 96.9858 4.54211 0
    endloop
  endfacet
  facet normal 0.336774 -0.941585 0
    outer loop
      vertex 97.5599 5.06246 0
      vertex 97.6662 5.10048 1.2
      vertex 97.5599 5.06246 1.2
    endloop
  endfacet
  facet normal 0.336774 -0.941585 0
    outer loop
      vertex 97.6662 5.10048 1.2
      vertex 97.5599 5.06246 0
      vertex 97.6662 5.10048 0
    endloop
  endfacet
  facet normal 0.146651 -0.989188 0
    outer loop
      vertex 97.7756 5.1279 0
      vertex 97.8873 5.14446 1.2
      vertex 97.7756 5.1279 1.2
    endloop
  endfacet
  facet normal 0.146651 -0.989188 0
    outer loop
      vertex 97.8873 5.14446 1.2
      vertex 97.7756 5.1279 0
      vertex 97.8873 5.14446 0
    endloop
  endfacet
  facet normal 0.595484 -0.803367 0
    outer loop
      vertex 97.2704 4.88896 0
      vertex 97.3611 4.95619 1.2
      vertex 97.2704 4.88896 1.2
    endloop
  endfacet
  facet normal 0.595484 -0.803367 0
    outer loop
      vertex 97.3611 4.95619 1.2
      vertex 97.2704 4.88896 0
      vertex 97.3611 4.95619 0
    endloop
  endfacet
  facet normal 0.671653 -0.740866 0
    outer loop
      vertex 97.1868 4.81317 0
      vertex 97.2704 4.88896 1.2
      vertex 97.1868 4.81317 1.2
    endloop
  endfacet
  facet normal 0.671653 -0.740866 0
    outer loop
      vertex 97.2704 4.88896 1.2
      vertex 97.1868 4.81317 0
      vertex 97.2704 4.88896 0
    endloop
  endfacet
  facet normal 0.514105 -0.857727 0
    outer loop
      vertex 97.3611 4.95619 0
      vertex 97.4579 5.01421 1.2
      vertex 97.3611 4.95619 1.2
    endloop
  endfacet
  facet normal 0.514105 -0.857727 0
    outer loop
      vertex 97.4579 5.01421 1.2
      vertex 97.3611 4.95619 0
      vertex 97.4579 5.01421 0
    endloop
  endfacet
  facet normal 0.740902 -0.671614 0
    outer loop
      vertex 97.111 4.72955 1.2
      vertex 97.1868 4.81317 0
      vertex 97.1868 4.81317 1.2
    endloop
  endfacet
  facet normal 0.740902 -0.671614 0
    outer loop
      vertex 97.1868 4.81317 0
      vertex 97.111 4.72955 1.2
      vertex 97.111 4.72955 0
    endloop
  endfacet
  facet normal -0.998812 -0.0487355 0
    outer loop
      vertex 99.15 4 0
      vertex 99.1445 4.11272 1.2
      vertex 99.1445 4.11272 0
    endloop
  endfacet
  facet normal -0.998812 -0.0487355 0
    outer loop
      vertex 99.1445 4.11272 1.2
      vertex 99.15 4 0
      vertex 99.15 4 1.2
    endloop
  endfacet
  facet normal -0.97008 0.242786 0
    outer loop
      vertex 99.1005 3.66617 0
      vertex 99.1279 3.77565 1.2
      vertex 99.1279 3.77565 0
    endloop
  endfacet
  facet normal -0.97008 0.242786 0
    outer loop
      vertex 99.1279 3.77565 1.2
      vertex 99.1005 3.66617 0
      vertex 99.1005 3.66617 1.2
    endloop
  endfacet
  facet normal -0.0490978 0.998794 0
    outer loop
      vertex 98.1127 2.85554 0
      vertex 98 2.85 1.2
      vertex 98.1127 2.85554 1.2
    endloop
  endfacet
  facet normal -0.0490978 0.998794 0
    outer loop
      vertex 98 2.85 1.2
      vertex 98.1127 2.85554 0
      vertex 98 2.85 0
    endloop
  endfacet
  facet normal 0.941601 0.336729 0
    outer loop
      vertex 96.9375 3.55991 1.2
      vertex 96.8995 3.66617 0
      vertex 96.8995 3.66617 1.2
    endloop
  endfacet
  facet normal 0.941601 0.336729 0
    outer loop
      vertex 96.8995 3.66617 0
      vertex 96.9375 3.55991 1.2
      vertex 96.9375 3.55991 0
    endloop
  endfacet
  facet normal 0.740902 0.671614 0
    outer loop
      vertex 97.1868 3.18683 1.2
      vertex 97.111 3.27045 0
      vertex 97.111 3.27045 1.2
    endloop
  endfacet
  facet normal 0.740902 0.671614 0
    outer loop
      vertex 97.111 3.27045 0
      vertex 97.1868 3.18683 1.2
      vertex 97.1868 3.18683 0
    endloop
  endfacet
  facet normal -0.14678 0.989169 0
    outer loop
      vertex 98.2243 2.8721 0
      vertex 98.1127 2.85554 1.2
      vertex 98.2243 2.8721 1.2
    endloop
  endfacet
  facet normal -0.14678 0.989169 0
    outer loop
      vertex 98.1127 2.85554 1.2
      vertex 98.2243 2.8721 0
      vertex 98.1127 2.85554 0
    endloop
  endfacet
  facet normal -0.903824 -0.427904 0
    outer loop
      vertex 99.0625 4.44009 0
      vertex 99.0142 4.54211 1.2
      vertex 99.0142 4.54211 0
    endloop
  endfacet
  facet normal -0.903824 -0.427904 0
    outer loop
      vertex 99.0142 4.54211 1.2
      vertex 99.0625 4.44009 0
      vertex 99.0625 4.44009 1.2
    endloop
  endfacet
  facet normal -0.941601 -0.336729 0
    outer loop
      vertex 99.1005 4.33383 0
      vertex 99.0625 4.44009 1.2
      vertex 99.0625 4.44009 0
    endloop
  endfacet
  facet normal -0.941601 -0.336729 0
    outer loop
      vertex 99.0625 4.44009 1.2
      vertex 99.1005 4.33383 0
      vertex 99.1005 4.33383 1.2
    endloop
  endfacet
  facet normal -0.97008 -0.242786 0
    outer loop
      vertex 99.1279 4.22435 0
      vertex 99.1005 4.33383 1.2
      vertex 99.1005 4.33383 0
    endloop
  endfacet
  facet normal -0.97008 -0.242786 0
    outer loop
      vertex 99.1005 4.33383 1.2
      vertex 99.1279 4.22435 0
      vertex 99.1279 4.22435 1.2
    endloop
  endfacet
  facet normal -0.740902 -0.671614 0
    outer loop
      vertex 98.889 4.72955 0
      vertex 98.8132 4.81317 1.2
      vertex 98.8132 4.81317 0
    endloop
  endfacet
  facet normal -0.740902 -0.671614 0
    outer loop
      vertex 98.8132 4.81317 1.2
      vertex 98.889 4.72955 0
      vertex 98.889 4.72955 1.2
    endloop
  endfacet
  facet normal 0.998812 0.0487355 0
    outer loop
      vertex 96.8555 3.88728 1.2
      vertex 96.85 4 0
      vertex 96.85 4 1.2
    endloop
  endfacet
  facet normal 0.998812 0.0487355 0
    outer loop
      vertex 96.85 4 0
      vertex 96.8555 3.88728 1.2
      vertex 96.8555 3.88728 0
    endloop
  endfacet
  facet normal -0.989123 0.147088 0
    outer loop
      vertex 99.1279 3.77565 0
      vertex 99.1445 3.88728 1.2
      vertex 99.1445 3.88728 0
    endloop
  endfacet
  facet normal -0.989123 0.147088 0
    outer loop
      vertex 99.1445 3.88728 1.2
      vertex 99.1279 3.77565 0
      vertex 99.1279 3.77565 1.2
    endloop
  endfacet
  facet normal -0.740902 0.671614 0
    outer loop
      vertex 98.8132 3.18683 0
      vertex 98.889 3.27045 1.2
      vertex 98.889 3.27045 0
    endloop
  endfacet
  facet normal -0.740902 0.671614 0
    outer loop
      vertex 98.889 3.27045 1.2
      vertex 98.8132 3.18683 0
      vertex 98.8132 3.18683 1.2
    endloop
  endfacet
  facet normal -0.803306 0.595567 0
    outer loop
      vertex 98.889 3.27045 0
      vertex 98.9562 3.36109 1.2
      vertex 98.9562 3.36109 0
    endloop
  endfacet
  facet normal -0.803306 0.595567 0
    outer loop
      vertex 98.9562 3.36109 1.2
      vertex 98.889 3.27045 0
      vertex 98.889 3.27045 1.2
    endloop
  endfacet
  facet normal -0.903824 0.427904 0
    outer loop
      vertex 99.0142 3.45789 0
      vertex 99.0625 3.55991 1.2
      vertex 99.0625 3.55991 0
    endloop
  endfacet
  facet normal -0.903824 0.427904 0
    outer loop
      vertex 99.0625 3.55991 1.2
      vertex 99.0142 3.45789 0
      vertex 99.0142 3.45789 1.2
    endloop
  endfacet
  facet normal -0.857806 0.513974 0
    outer loop
      vertex 98.9562 3.36109 0
      vertex 99.0142 3.45789 1.2
      vertex 99.0142 3.45789 0
    endloop
  endfacet
  facet normal -0.857806 0.513974 0
    outer loop
      vertex 99.0142 3.45789 1.2
      vertex 98.9562 3.36109 0
      vertex 98.9562 3.36109 1.2
    endloop
  endfacet
  facet normal 0.24312 0.969996 -0
    outer loop
      vertex 97.7756 2.8721 0
      vertex 97.6662 2.89952 1.2
      vertex 97.7756 2.8721 1.2
    endloop
  endfacet
  facet normal 0.24312 0.969996 0
    outer loop
      vertex 97.6662 2.89952 1.2
      vertex 97.7756 2.8721 0
      vertex 97.6662 2.89952 0
    endloop
  endfacet
  facet normal 0.671653 0.740866 -0
    outer loop
      vertex 97.2704 3.11104 0
      vertex 97.1868 3.18683 1.2
      vertex 97.2704 3.11104 1.2
    endloop
  endfacet
  facet normal 0.671653 0.740866 0
    outer loop
      vertex 97.1868 3.18683 1.2
      vertex 97.2704 3.11104 0
      vertex 97.1868 3.18683 0
    endloop
  endfacet
  facet normal -0.336774 0.941585 0
    outer loop
      vertex 98.4401 2.93754 0
      vertex 98.3338 2.89952 1.2
      vertex 98.4401 2.93754 1.2
    endloop
  endfacet
  facet normal -0.336774 0.941585 0
    outer loop
      vertex 98.3338 2.89952 1.2
      vertex 98.4401 2.93754 0
      vertex 98.3338 2.89952 0
    endloop
  endfacet
  facet normal -0.242911 0.970049 0
    outer loop
      vertex 98.3338 2.89952 0
      vertex 98.2243 2.8721 1.2
      vertex 98.3338 2.89952 1.2
    endloop
  endfacet
  facet normal -0.242911 0.970049 0
    outer loop
      vertex 98.2243 2.8721 1.2
      vertex 98.3338 2.89952 0
      vertex 98.2243 2.8721 0
    endloop
  endfacet
  facet normal -0.42761 0.903963 0
    outer loop
      vertex 98.5421 2.98579 0
      vertex 98.4401 2.93754 1.2
      vertex 98.5421 2.98579 1.2
    endloop
  endfacet
  facet normal -0.42761 0.903963 0
    outer loop
      vertex 98.4401 2.93754 1.2
      vertex 98.5421 2.98579 0
      vertex 98.4401 2.93754 0
    endloop
  endfacet
  facet normal -0.671653 0.740866 0
    outer loop
      vertex 98.8132 3.18683 0
      vertex 98.7296 3.11104 1.2
      vertex 98.8132 3.18683 1.2
    endloop
  endfacet
  facet normal -0.671653 0.740866 0
    outer loop
      vertex 98.7296 3.11104 1.2
      vertex 98.8132 3.18683 0
      vertex 98.7296 3.11104 0
    endloop
  endfacet
  facet normal -0.941601 0.336729 0
    outer loop
      vertex 99.0625 3.55991 0
      vertex 99.1005 3.66617 1.2
      vertex 99.1005 3.66617 0
    endloop
  endfacet
  facet normal -0.941601 0.336729 0
    outer loop
      vertex 99.1005 3.66617 1.2
      vertex 99.0625 3.55991 0
      vertex 99.0625 3.55991 1.2
    endloop
  endfacet
  facet normal 0.0490978 0.998794 -0
    outer loop
      vertex 98 2.85 0
      vertex 97.8873 2.85554 1.2
      vertex 98 2.85 1.2
    endloop
  endfacet
  facet normal 0.0490978 0.998794 0
    outer loop
      vertex 97.8873 2.85554 1.2
      vertex 98 2.85 0
      vertex 97.8873 2.85554 0
    endloop
  endfacet
  facet normal 0.336774 0.941585 -0
    outer loop
      vertex 97.6662 2.89952 0
      vertex 97.5599 2.93754 1.2
      vertex 97.6662 2.89952 1.2
    endloop
  endfacet
  facet normal 0.336774 0.941585 0
    outer loop
      vertex 97.5599 2.93754 1.2
      vertex 97.6662 2.89952 0
      vertex 97.5599 2.93754 0
    endloop
  endfacet
  facet normal 0.42761 0.903963 -0
    outer loop
      vertex 97.5599 2.93754 0
      vertex 97.4579 2.98579 1.2
      vertex 97.5599 2.93754 1.2
    endloop
  endfacet
  facet normal 0.42761 0.903963 0
    outer loop
      vertex 97.4579 2.98579 1.2
      vertex 97.5599 2.93754 0
      vertex 97.4579 2.98579 0
    endloop
  endfacet
  facet normal 0.903824 0.427904 0
    outer loop
      vertex 96.9858 3.45789 1.2
      vertex 96.9375 3.55991 0
      vertex 96.9375 3.55991 1.2
    endloop
  endfacet
  facet normal 0.903824 0.427904 0
    outer loop
      vertex 96.9375 3.55991 0
      vertex 96.9858 3.45789 1.2
      vertex 96.9858 3.45789 0
    endloop
  endfacet
  facet normal 0.97008 0.242786 0
    outer loop
      vertex 96.8995 3.66617 1.2
      vertex 96.8721 3.77565 0
      vertex 96.8721 3.77565 1.2
    endloop
  endfacet
  facet normal 0.97008 0.242786 0
    outer loop
      vertex 96.8721 3.77565 0
      vertex 96.8995 3.66617 1.2
      vertex 96.8995 3.66617 0
    endloop
  endfacet
  facet normal 0.989123 0.147088 0
    outer loop
      vertex 96.8721 3.77565 1.2
      vertex 96.8555 3.88728 0
      vertex 96.8555 3.88728 1.2
    endloop
  endfacet
  facet normal 0.989123 0.147088 0
    outer loop
      vertex 96.8555 3.88728 0
      vertex 96.8721 3.77565 1.2
      vertex 96.8721 3.77565 0
    endloop
  endfacet
  facet normal 0.803306 0.595567 0
    outer loop
      vertex 97.111 3.27045 1.2
      vertex 97.0438 3.36109 0
      vertex 97.0438 3.36109 1.2
    endloop
  endfacet
  facet normal 0.803306 0.595567 0
    outer loop
      vertex 97.0438 3.36109 0
      vertex 97.111 3.27045 1.2
      vertex 97.111 3.27045 0
    endloop
  endfacet
  facet normal -0.595484 0.803367 0
    outer loop
      vertex 98.7296 3.11104 0
      vertex 98.6389 3.04381 1.2
      vertex 98.7296 3.11104 1.2
    endloop
  endfacet
  facet normal -0.595484 0.803367 0
    outer loop
      vertex 98.6389 3.04381 1.2
      vertex 98.7296 3.11104 0
      vertex 98.6389 3.04381 0
    endloop
  endfacet
  facet normal 0.514105 0.857727 -0
    outer loop
      vertex 97.4579 2.98579 0
      vertex 97.3611 3.04381 1.2
      vertex 97.4579 2.98579 1.2
    endloop
  endfacet
  facet normal 0.514105 0.857727 0
    outer loop
      vertex 97.3611 3.04381 1.2
      vertex 97.4579 2.98579 0
      vertex 97.3611 3.04381 0
    endloop
  endfacet
  facet normal 0.146651 0.989188 -0
    outer loop
      vertex 97.8873 2.85554 0
      vertex 97.7756 2.8721 1.2
      vertex 97.8873 2.85554 1.2
    endloop
  endfacet
  facet normal 0.146651 0.989188 0
    outer loop
      vertex 97.7756 2.8721 1.2
      vertex 97.8873 2.85554 0
      vertex 97.7756 2.8721 0
    endloop
  endfacet
  facet normal -0.857806 -0.513974 0
    outer loop
      vertex 99.0142 62.5421 0
      vertex 98.9562 62.6389 1.2
      vertex 98.9562 62.6389 0
    endloop
  endfacet
  facet normal -0.857806 -0.513974 0
    outer loop
      vertex 98.9562 62.6389 1.2
      vertex 99.0142 62.5421 0
      vertex 99.0142 62.5421 1.2
    endloop
  endfacet
  facet normal -0.336617 -0.941642 0
    outer loop
      vertex 98.3338 63.1005 0
      vertex 98.4401 63.0625 1.2
      vertex 98.3338 63.1005 1.2
    endloop
  endfacet
  facet normal -0.336617 -0.941642 -0
    outer loop
      vertex 98.4401 63.0625 1.2
      vertex 98.3338 63.1005 0
      vertex 98.4401 63.0625 0
    endloop
  endfacet
  facet normal 0.427972 -0.903792 0
    outer loop
      vertex 97.4579 63.0142 0
      vertex 97.5599 63.0625 1.2
      vertex 97.4579 63.0142 1.2
    endloop
  endfacet
  facet normal 0.427972 -0.903792 0
    outer loop
      vertex 97.5599 63.0625 1.2
      vertex 97.4579 63.0142 0
      vertex 97.5599 63.0625 0
    endloop
  endfacet
  facet normal 0.941642 -0.336617 0
    outer loop
      vertex 96.8995 62.3338 1.2
      vertex 96.9375 62.4401 0
      vertex 96.9375 62.4401 1.2
    endloop
  endfacet
  facet normal 0.941642 -0.336617 0
    outer loop
      vertex 96.9375 62.4401 0
      vertex 96.8995 62.3338 1.2
      vertex 96.8995 62.3338 0
    endloop
  endfacet
  facet normal -0.998811 0.0487441 0
    outer loop
      vertex 99.1445 61.8873 0
      vertex 99.15 62 1.2
      vertex 99.15 62 0
    endloop
  endfacet
  facet normal -0.998811 0.0487441 0
    outer loop
      vertex 99.15 62 1.2
      vertex 99.1445 61.8873 0
      vertex 99.1445 61.8873 1.2
    endloop
  endfacet
  facet normal -0.0487441 -0.998811 0
    outer loop
      vertex 98 63.15 0
      vertex 98.1127 63.1445 1.2
      vertex 98 63.15 1.2
    endloop
  endfacet
  facet normal -0.0487441 -0.998811 -0
    outer loop
      vertex 98.1127 63.1445 1.2
      vertex 98 63.15 0
      vertex 98.1127 63.1445 0
    endloop
  endfacet
  facet normal -0.513974 -0.857806 0
    outer loop
      vertex 98.5421 63.0142 0
      vertex 98.6389 62.9562 1.2
      vertex 98.5421 63.0142 1.2
    endloop
  endfacet
  facet normal -0.513974 -0.857806 -0
    outer loop
      vertex 98.6389 62.9562 1.2
      vertex 98.5421 63.0142 0
      vertex 98.6389 62.9562 0
    endloop
  endfacet
  facet normal 0.998811 -0.0487441 0
    outer loop
      vertex 96.85 62 1.2
      vertex 96.8555 62.1127 0
      vertex 96.8555 62.1127 1.2
    endloop
  endfacet
  facet normal 0.998811 -0.0487441 0
    outer loop
      vertex 96.8555 62.1127 0
      vertex 96.85 62 1.2
      vertex 96.85 62 0
    endloop
  endfacet
  facet normal 0.803494 -0.595312 0
    outer loop
      vertex 97.0438 62.6389 1.2
      vertex 97.111 62.7296 0
      vertex 97.111 62.7296 1.2
    endloop
  endfacet
  facet normal 0.803494 -0.595312 0
    outer loop
      vertex 97.111 62.7296 0
      vertex 97.0438 62.6389 1.2
      vertex 97.0438 62.6389 0
    endloop
  endfacet
  facet normal 0.242953 -0.970038 0
    outer loop
      vertex 97.6662 63.1005 0
      vertex 97.7756 63.1279 1.2
      vertex 97.6662 63.1005 1.2
    endloop
  endfacet
  facet normal 0.242953 -0.970038 0
    outer loop
      vertex 97.7756 63.1279 1.2
      vertex 97.6662 63.1005 0
      vertex 97.7756 63.1279 0
    endloop
  endfacet
  facet normal 0.595312 0.803494 -0
    outer loop
      vertex 97.3611 61.0438 0
      vertex 97.2704 61.111 1.2
      vertex 97.3611 61.0438 1.2
    endloop
  endfacet
  facet normal 0.595312 0.803494 0
    outer loop
      vertex 97.2704 61.111 1.2
      vertex 97.3611 61.0438 0
      vertex 97.2704 61.111 0
    endloop
  endfacet
  facet normal 0.857806 0.513974 0
    outer loop
      vertex 97.0438 61.3611 1.2
      vertex 96.9858 61.4579 0
      vertex 96.9858 61.4579 1.2
    endloop
  endfacet
  facet normal 0.857806 0.513974 0
    outer loop
      vertex 96.9858 61.4579 0
      vertex 97.0438 61.3611 1.2
      vertex 97.0438 61.3611 0
    endloop
  endfacet
  facet normal -0.989137 -0.146998 0
    outer loop
      vertex 99.1445 62.1127 0
      vertex 99.1279 62.2244 1.2
      vertex 99.1279 62.2244 0
    endloop
  endfacet
  facet normal -0.989137 -0.146998 0
    outer loop
      vertex 99.1279 62.2244 1.2
      vertex 99.1445 62.1127 0
      vertex 99.1445 62.1127 1.2
    endloop
  endfacet
  facet normal -0.803494 -0.595312 0
    outer loop
      vertex 98.9562 62.6389 0
      vertex 98.889 62.7296 1.2
      vertex 98.889 62.7296 0
    endloop
  endfacet
  facet normal -0.803494 -0.595312 0
    outer loop
      vertex 98.889 62.7296 1.2
      vertex 98.9562 62.6389 0
      vertex 98.9562 62.6389 1.2
    endloop
  endfacet
  facet normal -0.671702 -0.740822 0
    outer loop
      vertex 98.7296 62.889 0
      vertex 98.8132 62.8132 1.2
      vertex 98.7296 62.889 1.2
    endloop
  endfacet
  facet normal -0.671702 -0.740822 -0
    outer loop
      vertex 98.8132 62.8132 1.2
      vertex 98.7296 62.889 0
      vertex 98.8132 62.8132 0
    endloop
  endfacet
  facet normal 0.0487441 -0.998811 0
    outer loop
      vertex 97.8873 63.1445 0
      vertex 98 63.15 1.2
      vertex 97.8873 63.1445 1.2
    endloop
  endfacet
  facet normal 0.0487441 -0.998811 0
    outer loop
      vertex 98 63.15 1.2
      vertex 97.8873 63.1445 0
      vertex 98 63.15 0
    endloop
  endfacet
  facet normal -0.242744 -0.97009 0
    outer loop
      vertex 98.2243 63.1279 0
      vertex 98.3338 63.1005 1.2
      vertex 98.2243 63.1279 1.2
    endloop
  endfacet
  facet normal -0.242744 -0.97009 -0
    outer loop
      vertex 98.3338 63.1005 1.2
      vertex 98.2243 63.1279 0
      vertex 98.3338 63.1005 0
    endloop
  endfacet
  facet normal -0.147127 -0.989118 0
    outer loop
      vertex 98.1127 63.1445 0
      vertex 98.2243 63.1279 1.2
      vertex 98.1127 63.1445 1.2
    endloop
  endfacet
  facet normal -0.147127 -0.989118 -0
    outer loop
      vertex 98.2243 63.1279 1.2
      vertex 98.1127 63.1445 0
      vertex 98.2243 63.1279 0
    endloop
  endfacet
  facet normal -0.427972 -0.903792 0
    outer loop
      vertex 98.4401 63.0625 0
      vertex 98.5421 63.0142 1.2
      vertex 98.4401 63.0625 1.2
    endloop
  endfacet
  facet normal -0.427972 -0.903792 -0
    outer loop
      vertex 98.5421 63.0142 1.2
      vertex 98.4401 63.0625 0
      vertex 98.5421 63.0142 0
    endloop
  endfacet
  facet normal -0.595312 -0.803494 0
    outer loop
      vertex 98.6389 62.9562 0
      vertex 98.7296 62.889 1.2
      vertex 98.6389 62.9562 1.2
    endloop
  endfacet
  facet normal -0.595312 -0.803494 -0
    outer loop
      vertex 98.7296 62.889 1.2
      vertex 98.6389 62.9562 0
      vertex 98.7296 62.889 0
    endloop
  endfacet
  facet normal 0.970038 -0.242953 0
    outer loop
      vertex 96.8721 62.2244 1.2
      vertex 96.8995 62.3338 0
      vertex 96.8995 62.3338 1.2
    endloop
  endfacet
  facet normal 0.970038 -0.242953 0
    outer loop
      vertex 96.8995 62.3338 0
      vertex 96.8721 62.2244 1.2
      vertex 96.8721 62.2244 0
    endloop
  endfacet
  facet normal 0.989137 -0.146998 0
    outer loop
      vertex 96.8555 62.1127 1.2
      vertex 96.8721 62.2244 0
      vertex 96.8721 62.2244 1.2
    endloop
  endfacet
  facet normal 0.989137 -0.146998 0
    outer loop
      vertex 96.8721 62.2244 0
      vertex 96.8555 62.1127 1.2
      vertex 96.8555 62.1127 0
    endloop
  endfacet
  facet normal 0.903792 -0.427972 0
    outer loop
      vertex 96.9375 62.4401 1.2
      vertex 96.9858 62.5421 0
      vertex 96.9858 62.5421 1.2
    endloop
  endfacet
  facet normal 0.903792 -0.427972 0
    outer loop
      vertex 96.9858 62.5421 0
      vertex 96.9375 62.4401 1.2
      vertex 96.9375 62.4401 0
    endloop
  endfacet
  facet normal 0.857806 -0.513974 0
    outer loop
      vertex 96.9858 62.5421 1.2
      vertex 97.0438 62.6389 0
      vertex 97.0438 62.6389 1.2
    endloop
  endfacet
  facet normal 0.857806 -0.513974 0
    outer loop
      vertex 97.0438 62.6389 0
      vertex 96.9858 62.5421 1.2
      vertex 96.9858 62.5421 0
    endloop
  endfacet
  facet normal 0.336617 -0.941642 0
    outer loop
      vertex 97.5599 63.0625 0
      vertex 97.6662 63.1005 1.2
      vertex 97.5599 63.0625 1.2
    endloop
  endfacet
  facet normal 0.336617 -0.941642 0
    outer loop
      vertex 97.6662 63.1005 1.2
      vertex 97.5599 63.0625 0
      vertex 97.6662 63.1005 0
    endloop
  endfacet
  facet normal 0.146998 -0.989137 0
    outer loop
      vertex 97.7756 63.1279 0
      vertex 97.8873 63.1445 1.2
      vertex 97.7756 63.1279 1.2
    endloop
  endfacet
  facet normal 0.146998 -0.989137 0
    outer loop
      vertex 97.8873 63.1445 1.2
      vertex 97.7756 63.1279 0
      vertex 97.8873 63.1445 0
    endloop
  endfacet
  facet normal 0.595312 -0.803494 0
    outer loop
      vertex 97.2704 62.889 0
      vertex 97.3611 62.9562 1.2
      vertex 97.2704 62.889 1.2
    endloop
  endfacet
  facet normal 0.595312 -0.803494 0
    outer loop
      vertex 97.3611 62.9562 1.2
      vertex 97.2704 62.889 0
      vertex 97.3611 62.9562 0
    endloop
  endfacet
  facet normal 0.671702 -0.740822 0
    outer loop
      vertex 97.1868 62.8132 0
      vertex 97.2704 62.889 1.2
      vertex 97.1868 62.8132 1.2
    endloop
  endfacet
  facet normal 0.671702 -0.740822 0
    outer loop
      vertex 97.2704 62.889 1.2
      vertex 97.1868 62.8132 0
      vertex 97.2704 62.889 0
    endloop
  endfacet
  facet normal 0.513974 -0.857806 0
    outer loop
      vertex 97.3611 62.9562 0
      vertex 97.4579 63.0142 1.2
      vertex 97.3611 62.9562 1.2
    endloop
  endfacet
  facet normal 0.513974 -0.857806 0
    outer loop
      vertex 97.4579 63.0142 1.2
      vertex 97.3611 62.9562 0
      vertex 97.4579 63.0142 0
    endloop
  endfacet
  facet normal 0.740822 -0.671702 0
    outer loop
      vertex 97.111 62.7296 1.2
      vertex 97.1868 62.8132 0
      vertex 97.1868 62.8132 1.2
    endloop
  endfacet
  facet normal 0.740822 -0.671702 0
    outer loop
      vertex 97.1868 62.8132 0
      vertex 97.111 62.7296 1.2
      vertex 97.111 62.7296 0
    endloop
  endfacet
  facet normal -0.998811 -0.0487441 0
    outer loop
      vertex 99.15 62 0
      vertex 99.1445 62.1127 1.2
      vertex 99.1445 62.1127 0
    endloop
  endfacet
  facet normal -0.998811 -0.0487441 0
    outer loop
      vertex 99.1445 62.1127 1.2
      vertex 99.15 62 0
      vertex 99.15 62 1.2
    endloop
  endfacet
  facet normal -0.970038 0.242953 0
    outer loop
      vertex 99.1005 61.6662 0
      vertex 99.1279 61.7756 1.2
      vertex 99.1279 61.7756 0
    endloop
  endfacet
  facet normal -0.970038 0.242953 0
    outer loop
      vertex 99.1279 61.7756 1.2
      vertex 99.1005 61.6662 0
      vertex 99.1005 61.6662 1.2
    endloop
  endfacet
  facet normal -0.0487441 0.998811 0
    outer loop
      vertex 98.1127 60.8555 0
      vertex 98 60.85 1.2
      vertex 98.1127 60.8555 1.2
    endloop
  endfacet
  facet normal -0.0487441 0.998811 0
    outer loop
      vertex 98 60.85 1.2
      vertex 98.1127 60.8555 0
      vertex 98 60.85 0
    endloop
  endfacet
  facet normal 0.941642 0.336617 0
    outer loop
      vertex 96.9375 61.5599 1.2
      vertex 96.8995 61.6662 0
      vertex 96.8995 61.6662 1.2
    endloop
  endfacet
  facet normal 0.941642 0.336617 0
    outer loop
      vertex 96.8995 61.6662 0
      vertex 96.9375 61.5599 1.2
      vertex 96.9375 61.5599 0
    endloop
  endfacet
  facet normal 0.740822 0.671702 0
    outer loop
      vertex 97.1868 61.1868 1.2
      vertex 97.111 61.2704 0
      vertex 97.111 61.2704 1.2
    endloop
  endfacet
  facet normal 0.740822 0.671702 0
    outer loop
      vertex 97.111 61.2704 0
      vertex 97.1868 61.1868 1.2
      vertex 97.1868 61.1868 0
    endloop
  endfacet
  facet normal -0.147127 0.989118 0
    outer loop
      vertex 98.2243 60.8721 0
      vertex 98.1127 60.8555 1.2
      vertex 98.2243 60.8721 1.2
    endloop
  endfacet
  facet normal -0.147127 0.989118 0
    outer loop
      vertex 98.1127 60.8555 1.2
      vertex 98.2243 60.8721 0
      vertex 98.1127 60.8555 0
    endloop
  endfacet
  facet normal -0.903792 -0.427972 0
    outer loop
      vertex 99.0625 62.4401 0
      vertex 99.0142 62.5421 1.2
      vertex 99.0142 62.5421 0
    endloop
  endfacet
  facet normal -0.903792 -0.427972 0
    outer loop
      vertex 99.0142 62.5421 1.2
      vertex 99.0625 62.4401 0
      vertex 99.0625 62.4401 1.2
    endloop
  endfacet
  facet normal -0.941642 -0.336617 0
    outer loop
      vertex 99.1005 62.3338 0
      vertex 99.0625 62.4401 1.2
      vertex 99.0625 62.4401 0
    endloop
  endfacet
  facet normal -0.941642 -0.336617 0
    outer loop
      vertex 99.0625 62.4401 1.2
      vertex 99.1005 62.3338 0
      vertex 99.1005 62.3338 1.2
    endloop
  endfacet
  facet normal -0.740822 -0.671702 0
    outer loop
      vertex 98.889 62.7296 0
      vertex 98.8132 62.8132 1.2
      vertex 98.8132 62.8132 0
    endloop
  endfacet
  facet normal -0.740822 -0.671702 0
    outer loop
      vertex 98.8132 62.8132 1.2
      vertex 98.889 62.7296 0
      vertex 98.889 62.7296 1.2
    endloop
  endfacet
  facet normal 0.998811 0.0487441 0
    outer loop
      vertex 96.8555 61.8873 1.2
      vertex 96.85 62 0
      vertex 96.85 62 1.2
    endloop
  endfacet
  facet normal 0.998811 0.0487441 0
    outer loop
      vertex 96.85 62 0
      vertex 96.8555 61.8873 1.2
      vertex 96.8555 61.8873 0
    endloop
  endfacet
  facet normal -0.989137 0.146998 0
    outer loop
      vertex 99.1279 61.7756 0
      vertex 99.1445 61.8873 1.2
      vertex 99.1445 61.8873 0
    endloop
  endfacet
  facet normal -0.989137 0.146998 0
    outer loop
      vertex 99.1445 61.8873 1.2
      vertex 99.1279 61.7756 0
      vertex 99.1279 61.7756 1.2
    endloop
  endfacet
  facet normal -0.740822 0.671702 0
    outer loop
      vertex 98.8132 61.1868 0
      vertex 98.889 61.2704 1.2
      vertex 98.889 61.2704 0
    endloop
  endfacet
  facet normal -0.740822 0.671702 0
    outer loop
      vertex 98.889 61.2704 1.2
      vertex 98.8132 61.1868 0
      vertex 98.8132 61.1868 1.2
    endloop
  endfacet
  facet normal -0.803494 0.595312 0
    outer loop
      vertex 98.889 61.2704 0
      vertex 98.9562 61.3611 1.2
      vertex 98.9562 61.3611 0
    endloop
  endfacet
  facet normal -0.803494 0.595312 0
    outer loop
      vertex 98.9562 61.3611 1.2
      vertex 98.889 61.2704 0
      vertex 98.889 61.2704 1.2
    endloop
  endfacet
  facet normal -0.903792 0.427972 0
    outer loop
      vertex 99.0142 61.4579 0
      vertex 99.0625 61.5599 1.2
      vertex 99.0625 61.5599 0
    endloop
  endfacet
  facet normal -0.903792 0.427972 0
    outer loop
      vertex 99.0625 61.5599 1.2
      vertex 99.0142 61.4579 0
      vertex 99.0142 61.4579 1.2
    endloop
  endfacet
  facet normal 0.242953 0.970038 -0
    outer loop
      vertex 97.7756 60.8721 0
      vertex 97.6662 60.8995 1.2
      vertex 97.7756 60.8721 1.2
    endloop
  endfacet
  facet normal 0.242953 0.970038 0
    outer loop
      vertex 97.6662 60.8995 1.2
      vertex 97.7756 60.8721 0
      vertex 97.6662 60.8995 0
    endloop
  endfacet
  facet normal 0.671702 0.740822 -0
    outer loop
      vertex 97.2704 61.111 0
      vertex 97.1868 61.1868 1.2
      vertex 97.2704 61.111 1.2
    endloop
  endfacet
  facet normal 0.671702 0.740822 0
    outer loop
      vertex 97.1868 61.1868 1.2
      vertex 97.2704 61.111 0
      vertex 97.1868 61.1868 0
    endloop
  endfacet
  facet normal -0.336617 0.941642 0
    outer loop
      vertex 98.4401 60.9375 0
      vertex 98.3338 60.8995 1.2
      vertex 98.4401 60.9375 1.2
    endloop
  endfacet
  facet normal -0.336617 0.941642 0
    outer loop
      vertex 98.3338 60.8995 1.2
      vertex 98.4401 60.9375 0
      vertex 98.3338 60.8995 0
    endloop
  endfacet
  facet normal -0.242744 0.97009 0
    outer loop
      vertex 98.3338 60.8995 0
      vertex 98.2243 60.8721 1.2
      vertex 98.3338 60.8995 1.2
    endloop
  endfacet
  facet normal -0.242744 0.97009 0
    outer loop
      vertex 98.2243 60.8721 1.2
      vertex 98.3338 60.8995 0
      vertex 98.2243 60.8721 0
    endloop
  endfacet
  facet normal -0.970038 -0.242953 0
    outer loop
      vertex 99.1279 62.2244 0
      vertex 99.1005 62.3338 1.2
      vertex 99.1005 62.3338 0
    endloop
  endfacet
  facet normal -0.970038 -0.242953 0
    outer loop
      vertex 99.1005 62.3338 1.2
      vertex 99.1279 62.2244 0
      vertex 99.1279 62.2244 1.2
    endloop
  endfacet
  facet normal -0.671702 0.740822 0
    outer loop
      vertex 98.8132 61.1868 0
      vertex 98.7296 61.111 1.2
      vertex 98.8132 61.1868 1.2
    endloop
  endfacet
  facet normal -0.671702 0.740822 0
    outer loop
      vertex 98.7296 61.111 1.2
      vertex 98.8132 61.1868 0
      vertex 98.7296 61.111 0
    endloop
  endfacet
  facet normal -0.941642 0.336617 0
    outer loop
      vertex 99.0625 61.5599 0
      vertex 99.1005 61.6662 1.2
      vertex 99.1005 61.6662 0
    endloop
  endfacet
  facet normal -0.941642 0.336617 0
    outer loop
      vertex 99.1005 61.6662 1.2
      vertex 99.0625 61.5599 0
      vertex 99.0625 61.5599 1.2
    endloop
  endfacet
  facet normal -0.857806 0.513974 0
    outer loop
      vertex 98.9562 61.3611 0
      vertex 99.0142 61.4579 1.2
      vertex 99.0142 61.4579 0
    endloop
  endfacet
  facet normal -0.857806 0.513974 0
    outer loop
      vertex 99.0142 61.4579 1.2
      vertex 98.9562 61.3611 0
      vertex 98.9562 61.3611 1.2
    endloop
  endfacet
  facet normal 0.0487441 0.998811 -0
    outer loop
      vertex 98 60.85 0
      vertex 97.8873 60.8555 1.2
      vertex 98 60.85 1.2
    endloop
  endfacet
  facet normal 0.0487441 0.998811 0
    outer loop
      vertex 97.8873 60.8555 1.2
      vertex 98 60.85 0
      vertex 97.8873 60.8555 0
    endloop
  endfacet
  facet normal 0.336617 0.941642 -0
    outer loop
      vertex 97.6662 60.8995 0
      vertex 97.5599 60.9375 1.2
      vertex 97.6662 60.8995 1.2
    endloop
  endfacet
  facet normal 0.336617 0.941642 0
    outer loop
      vertex 97.5599 60.9375 1.2
      vertex 97.6662 60.8995 0
      vertex 97.5599 60.9375 0
    endloop
  endfacet
  facet normal 0.427972 0.903792 -0
    outer loop
      vertex 97.5599 60.9375 0
      vertex 97.4579 60.9858 1.2
      vertex 97.5599 60.9375 1.2
    endloop
  endfacet
  facet normal 0.427972 0.903792 0
    outer loop
      vertex 97.4579 60.9858 1.2
      vertex 97.5599 60.9375 0
      vertex 97.4579 60.9858 0
    endloop
  endfacet
  facet normal 0.903792 0.427972 0
    outer loop
      vertex 96.9858 61.4579 1.2
      vertex 96.9375 61.5599 0
      vertex 96.9375 61.5599 1.2
    endloop
  endfacet
  facet normal 0.903792 0.427972 0
    outer loop
      vertex 96.9375 61.5599 0
      vertex 96.9858 61.4579 1.2
      vertex 96.9858 61.4579 0
    endloop
  endfacet
  facet normal 0.970038 0.242953 0
    outer loop
      vertex 96.8995 61.6662 1.2
      vertex 96.8721 61.7756 0
      vertex 96.8721 61.7756 1.2
    endloop
  endfacet
  facet normal 0.970038 0.242953 0
    outer loop
      vertex 96.8721 61.7756 0
      vertex 96.8995 61.6662 1.2
      vertex 96.8995 61.6662 0
    endloop
  endfacet
  facet normal 0.989137 0.146998 0
    outer loop
      vertex 96.8721 61.7756 1.2
      vertex 96.8555 61.8873 0
      vertex 96.8555 61.8873 1.2
    endloop
  endfacet
  facet normal 0.989137 0.146998 0
    outer loop
      vertex 96.8555 61.8873 0
      vertex 96.8721 61.7756 1.2
      vertex 96.8721 61.7756 0
    endloop
  endfacet
  facet normal 0.803494 0.595312 0
    outer loop
      vertex 97.111 61.2704 1.2
      vertex 97.0438 61.3611 0
      vertex 97.0438 61.3611 1.2
    endloop
  endfacet
  facet normal 0.803494 0.595312 0
    outer loop
      vertex 97.0438 61.3611 0
      vertex 97.111 61.2704 1.2
      vertex 97.111 61.2704 0
    endloop
  endfacet
  facet normal -0.427972 0.903792 0
    outer loop
      vertex 98.5421 60.9858 0
      vertex 98.4401 60.9375 1.2
      vertex 98.5421 60.9858 1.2
    endloop
  endfacet
  facet normal -0.427972 0.903792 0
    outer loop
      vertex 98.4401 60.9375 1.2
      vertex 98.5421 60.9858 0
      vertex 98.4401 60.9375 0
    endloop
  endfacet
  facet normal -0.595312 0.803494 0
    outer loop
      vertex 98.7296 61.111 0
      vertex 98.6389 61.0438 1.2
      vertex 98.7296 61.111 1.2
    endloop
  endfacet
  facet normal -0.595312 0.803494 0
    outer loop
      vertex 98.6389 61.0438 1.2
      vertex 98.7296 61.111 0
      vertex 98.6389 61.0438 0
    endloop
  endfacet
  facet normal -0.513974 0.857806 0
    outer loop
      vertex 98.6389 61.0438 0
      vertex 98.5421 60.9858 1.2
      vertex 98.6389 61.0438 1.2
    endloop
  endfacet
  facet normal -0.513974 0.857806 0
    outer loop
      vertex 98.5421 60.9858 1.2
      vertex 98.6389 61.0438 0
      vertex 98.5421 60.9858 0
    endloop
  endfacet
  facet normal 0.513974 0.857806 -0
    outer loop
      vertex 97.4579 60.9858 0
      vertex 97.3611 61.0438 1.2
      vertex 97.4579 60.9858 1.2
    endloop
  endfacet
  facet normal 0.513974 0.857806 0
    outer loop
      vertex 97.3611 61.0438 1.2
      vertex 97.4579 60.9858 0
      vertex 97.3611 61.0438 0
    endloop
  endfacet
  facet normal 0.146998 0.989137 -0
    outer loop
      vertex 97.8873 60.8555 0
      vertex 97.7756 60.8721 1.2
      vertex 97.8873 60.8555 1.2
    endloop
  endfacet
  facet normal 0.146998 0.989137 0
    outer loop
      vertex 97.7756 60.8721 1.2
      vertex 97.8873 60.8555 0
      vertex 97.7756 60.8721 0
    endloop
  endfacet
  facet normal 0.513378 -0.858163 0
    outer loop
      vertex 100.414 0.354233 0
      vertex 100.667 0.505585 1.2
      vertex 100.414 0.354233 1.2
    endloop
  endfacet
  facet normal 0.513378 -0.858163 0
    outer loop
      vertex 100.667 0.505585 1.2
      vertex 100.414 0.354233 0
      vertex 100.667 0.505585 0
    endloop
  endfacet
  facet normal 0.596477 -0.80263 0
    outer loop
      vertex 100.667 0.505585 0
      vertex 100.903 0.680969 1.2
      vertex 100.667 0.505585 1.2
    endloop
  endfacet
  facet normal 0.596477 -0.80263 0
    outer loop
      vertex 100.903 0.680969 1.2
      vertex 100.667 0.505585 0
      vertex 100.903 0.680969 0
    endloop
  endfacet
  facet normal 0.336885 -0.941546 0
    outer loop
      vertex 99.8708 0.129181 0
      vertex 100.148 0.228363 1.2
      vertex 99.8708 0.129181 1.2
    endloop
  endfacet
  facet normal 0.336885 -0.941546 0
    outer loop
      vertex 100.148 0.228363 1.2
      vertex 99.8708 0.129181 0
      vertex 100.148 0.228363 0
    endloop
  endfacet
  facet normal 0.427726 -0.903909 0
    outer loop
      vertex 100.148 0.228363 0
      vertex 100.414 0.354233 1.2
      vertex 100.148 0.228363 1.2
    endloop
  endfacet
  facet normal 0.427726 -0.903909 0
    outer loop
      vertex 100.414 0.354233 1.2
      vertex 100.148 0.228363 0
      vertex 100.414 0.354233 0
    endloop
  endfacet
  facet normal 0 1 -0
    outer loop
      vertex 99 66 0
      vertex 3 66 1.2
      vertex 99 66 1.2
    endloop
  endfacet
  facet normal 0 1 0
    outer loop
      vertex 3 66 1.2
      vertex 99 66 0
      vertex 3 66 0
    endloop
  endfacet
  facet normal 0.0492431 0.998787 -0
    outer loop
      vertex 99.2941 65.9855 0
      vertex 99 66 1.2
      vertex 99.2941 65.9855 1.2
    endloop
  endfacet
  facet normal 0.0492431 0.998787 0
    outer loop
      vertex 99 66 1.2
      vertex 99.2941 65.9855 0
      vertex 99 66 0
    endloop
  endfacet
  facet normal -0.514186 0.857679 0
    outer loop
      vertex 1.58582 65.6458 0
      vertex 1.33328 65.4944 1.2
      vertex 1.58582 65.6458 1.2
    endloop
  endfacet
  facet normal -0.514186 0.857679 0
    outer loop
      vertex 1.33328 65.4944 1.2
      vertex 1.58582 65.6458 0
      vertex 1.33328 65.4944 0
    endloop
  endfacet
  facet normal 0.243042 -0.970016 0
    outer loop
      vertex 99.5853 0.0576477 0
      vertex 99.8708 0.129181 1.2
      vertex 99.5853 0.0576477 1.2
    endloop
  endfacet
  facet normal 0.243042 -0.970016 0
    outer loop
      vertex 99.8708 0.129181 1.2
      vertex 99.5853 0.0576477 0
      vertex 99.8708 0.129181 0
    endloop
  endfacet
  facet normal 0 0 1
    outer loop
      vertex 96.9375 61.5599 1.2
      vertex 5.06246 61.5599 1.2
      vertex 96.9858 61.4579 1.2
    endloop
  endfacet
  facet normal 0 0 1
    outer loop
      vertex 97.0438 4.63891 1.2
      vertex 5.14446 4.11272 1.2
      vertex 5.15 4 1.2
    endloop
  endfacet
  facet normal 0 0 1
    outer loop
      vertex 5.01421 61.4579 1.2
      vertex 96.9858 61.4579 1.2
      vertex 5.06246 61.5599 1.2
    endloop
  endfacet
  facet normal 0 0 1
    outer loop
      vertex 97.0438 4.63891 1.2
      vertex 5.1279 4.22435 1.2
      vertex 5.14446 4.11272 1.2
    endloop
  endfacet
  facet normal 0 0 1
    outer loop
      vertex 96.9858 61.4579 1.2
      vertex 5.01421 61.4579 1.2
      vertex 97.0438 61.3611 1.2
    endloop
  endfacet
  facet normal 0 0 1
    outer loop
      vertex 97.0438 4.63891 1.2
      vertex 5.10048 4.33383 1.2
      vertex 5.1279 4.22435 1.2
    endloop
  endfacet
  facet normal 0 0 1
    outer loop
      vertex 4.95619 61.3611 1.2
      vertex 97.0438 61.3611 1.2
      vertex 5.01421 61.4579 1.2
    endloop
  endfacet
  facet normal 0 0 1
    outer loop
      vertex 97.0438 4.63891 1.2
      vertex 5.06246 4.44009 1.2
      vertex 5.10048 4.33383 1.2
    endloop
  endfacet
  facet normal 0 0 1
    outer loop
      vertex 97.0438 61.3611 1.2
      vertex 4.95619 61.3611 1.2
      vertex 97.0438 4.63891 1.2
    endloop
  endfacet
  facet normal 0 0 1
    outer loop
      vertex 97.0438 4.63891 1.2
      vertex 5.01421 4.54211 1.2
      vertex 5.06246 4.44009 1.2
    endloop
  endfacet
  facet normal 0 0 1
    outer loop
      vertex 4.95619 4.63891 1.2
      vertex 97.0438 4.63891 1.2
      vertex 4.95619 61.3611 1.2
    endloop
  endfacet
  facet normal 0 0 1
    outer loop
      vertex 97.0438 4.63891 1.2
      vertex 4.95619 4.63891 1.2
      vertex 5.01421 4.54211 1.2
    endloop
  endfacet
  facet normal -0 0 1
    outer loop
      vertex 4.88896 61.2704 1.2
      vertex 4.95619 4.63891 1.2
      vertex 4.95619 61.3611 1.2
    endloop
  endfacet
  facet normal 0 0 1
    outer loop
      vertex 4.88896 61.2704 1.2
      vertex 4.88896 4.72955 1.2
      vertex 4.95619 4.63891 1.2
    endloop
  endfacet
  facet normal -0 0 1
    outer loop
      vertex 4.81317 61.1868 1.2
      vertex 4.88896 4.72955 1.2
      vertex 4.88896 61.2704 1.2
    endloop
  endfacet
  facet normal 0 0 1
    outer loop
      vertex 4.81317 61.1868 1.2
      vertex 4.81317 4.81317 1.2
      vertex 4.88896 4.72955 1.2
    endloop
  endfacet
  facet normal -0 0 1
    outer loop
      vertex 4.72955 61.111 1.2
      vertex 4.81317 4.81317 1.2
      vertex 4.81317 61.1868 1.2
    endloop
  endfacet
  facet normal 0 0 1
    outer loop
      vertex 4.72955 61.111 1.2
      vertex 4.72955 4.88896 1.2
      vertex 4.81317 4.81317 1.2
    endloop
  endfacet
  facet normal -0 0 1
    outer loop
      vertex 4.63891 61.0438 1.2
      vertex 4.72955 4.88896 1.2
      vertex 4.72955 61.111 1.2
    endloop
  endfacet
  facet normal 0 0 1
    outer loop
      vertex 4.63891 61.0438 1.2
      vertex 4.63891 4.95619 1.2
      vertex 4.72955 4.88896 1.2
    endloop
  endfacet
  facet normal -0 0 1
    outer loop
      vertex 4.54211 60.9858 1.2
      vertex 4.63891 4.95619 1.2
      vertex 4.63891 61.0438 1.2
    endloop
  endfacet
  facet normal 0 0 1
    outer loop
      vertex 4.54211 60.9858 1.2
      vertex 4.54211 5.01421 1.2
      vertex 4.63891 4.95619 1.2
    endloop
  endfacet
  facet normal -0 0 1
    outer loop
      vertex 4.44009 60.9375 1.2
      vertex 4.54211 5.01421 1.2
      vertex 4.54211 60.9858 1.2
    endloop
  endfacet
  facet normal 0 0 1
    outer loop
      vertex 4.44009 60.9375 1.2
      vertex 4.44009 5.06246 1.2
      vertex 4.54211 5.01421 1.2
    endloop
  endfacet
  facet normal -0 0 1
    outer loop
      vertex 4.33383 60.8995 1.2
      vertex 4.44009 5.06246 1.2
      vertex 4.44009 60.9375 1.2
    endloop
  endfacet
  facet normal 0 0 1
    outer loop
      vertex 4.33383 60.8995 1.2
      vertex 4.33383 5.10048 1.2
      vertex 4.44009 5.06246 1.2
    endloop
  endfacet
  facet normal -0 0 1
    outer loop
      vertex 4.22435 60.8721 1.2
      vertex 4.33383 5.10048 1.2
      vertex 4.33383 60.8995 1.2
    endloop
  endfacet
  facet normal 0 0 1
    outer loop
      vertex 4.22435 60.8721 1.2
      vertex 4.22435 5.1279 1.2
      vertex 4.33383 5.10048 1.2
    endloop
  endfacet
  facet normal -0 0 1
    outer loop
      vertex 4.11272 60.8555 1.2
      vertex 4.22435 5.1279 1.2
      vertex 4.22435 60.8721 1.2
    endloop
  endfacet
  facet normal 0 0 1
    outer loop
      vertex 4.11272 60.8555 1.2
      vertex 4.11272 5.14446 1.2
      vertex 4.22435 5.1279 1.2
    endloop
  endfacet
  facet normal -0 0 1
    outer loop
      vertex 4 60.85 1.2
      vertex 4.11272 5.14446 1.2
      vertex 4.11272 60.8555 1.2
    endloop
  endfacet
  facet normal 0 0 1
    outer loop
      vertex 4 60.85 1.2
      vertex 4 5.15 1.2
      vertex 4.11272 5.14446 1.2
    endloop
  endfacet
  facet normal 0 0 1
    outer loop
      vertex 3.88728 60.8555 1.2
      vertex 4 5.15 1.2
      vertex 4 60.85 1.2
    endloop
  endfacet
  facet normal 0 0 1
    outer loop
      vertex 3.88728 60.8555 1.2
      vertex 3.88728 5.14446 1.2
      vertex 4 5.15 1.2
    endloop
  endfacet
  facet normal 0 0 1
    outer loop
      vertex 3.77565 60.8721 1.2
      vertex 3.88728 5.14446 1.2
      vertex 3.88728 60.8555 1.2
    endloop
  endfacet
  facet normal 0 0 1
    outer loop
      vertex 3.77565 60.8721 1.2
      vertex 3.77565 5.1279 1.2
      vertex 3.88728 5.14446 1.2
    endloop
  endfacet
  facet normal 0 0 1
    outer loop
      vertex 3.66617 60.8995 1.2
      vertex 3.77565 5.1279 1.2
      vertex 3.77565 60.8721 1.2
    endloop
  endfacet
  facet normal 0 0 1
    outer loop
      vertex 3.66617 60.8995 1.2
      vertex 3.66617 5.10048 1.2
      vertex 3.77565 5.1279 1.2
    endloop
  endfacet
  facet normal 0 0 1
    outer loop
      vertex 3.55991 60.9375 1.2
      vertex 3.66617 5.10048 1.2
      vertex 3.66617 60.8995 1.2
    endloop
  endfacet
  facet normal 0 0 1
    outer loop
      vertex 3.55991 60.9375 1.2
      vertex 3.55991 5.06246 1.2
      vertex 3.66617 5.10048 1.2
    endloop
  endfacet
  facet normal 0 0 1
    outer loop
      vertex 3.45789 60.9858 1.2
      vertex 3.55991 5.06246 1.2
      vertex 3.55991 60.9375 1.2
    endloop
  endfacet
  facet normal 0 0 1
    outer loop
      vertex 3.45789 60.9858 1.2
      vertex 3.45789 5.01421 1.2
      vertex 3.55991 5.06246 1.2
    endloop
  endfacet
  facet normal 0 0 1
    outer loop
      vertex 3.36109 61.0438 1.2
      vertex 3.45789 5.01421 1.2
      vertex 3.45789 60.9858 1.2
    endloop
  endfacet
  facet normal 0 0 1
    outer loop
      vertex 3.36109 61.0438 1.2
      vertex 3.36109 4.95619 1.2
      vertex 3.45789 5.01421 1.2
    endloop
  endfacet
  facet normal 0 0 1
    outer loop
      vertex 0 63 1.2
      vertex 3.36109 61.0438 1.2
      vertex 3.27045 61.111 1.2
    endloop
  endfacet
  facet normal 0 0 1
    outer loop
      vertex 3.36109 61.0438 1.2
      vertex 0 63 1.2
      vertex 3.36109 4.95619 1.2
    endloop
  endfacet
  facet normal 0 0 1
    outer loop
      vertex 0 63 1.2
      vertex 3.27045 61.111 1.2
      vertex 3.18683 61.1868 1.2
    endloop
  endfacet
  facet normal 0 0 1
    outer loop
      vertex 0 3 1.2
      vertex 3.36109 4.95619 1.2
      vertex 0 63 1.2
    endloop
  endfacet
  facet normal 0 0 1
    outer loop
      vertex 0 63 1.2
      vertex 3.18683 61.1868 1.2
      vertex 3.11104 61.2704 1.2
    endloop
  endfacet
  facet normal 0 0 1
    outer loop
      vertex 3.36109 4.95619 1.2
      vertex 0 3 1.2
      vertex 3.27045 4.88896 1.2
    endloop
  endfacet
  facet normal 0 0 1
    outer loop
      vertex 0 63 1.2
      vertex 3.11104 61.2704 1.2
      vertex 3.04381 61.3611 1.2
    endloop
  endfacet
  facet normal 0 0 1
    outer loop
      vertex 3.27045 4.88896 1.2
      vertex 0 3 1.2
      vertex 3.18683 4.81317 1.2
    endloop
  endfacet
  facet normal 0 0 1
    outer loop
      vertex 0 63 1.2
      vertex 3.04381 61.3611 1.2
      vertex 2.98579 61.4579 1.2
    endloop
  endfacet
  facet normal 0 0 1
    outer loop
      vertex 3.18683 4.81317 1.2
      vertex 0 3 1.2
      vertex 3.11104 4.72955 1.2
    endloop
  endfacet
  facet normal 0 0 1
    outer loop
      vertex 0 63 1.2
      vertex 2.98579 61.4579 1.2
      vertex 2.93754 61.5599 1.2
    endloop
  endfacet
  facet normal 0 0 1
    outer loop
      vertex 3.11104 4.72955 1.2
      vertex 0 3 1.2
      vertex 3.04381 4.63891 1.2
    endloop
  endfacet
  facet normal 0 0 1
    outer loop
      vertex 0 63 1.2
      vertex 2.93754 61.5599 1.2
      vertex 2.89952 61.6662 1.2
    endloop
  endfacet
  facet normal 0 0 1
    outer loop
      vertex 3.04381 4.63891 1.2
      vertex 0 3 1.2
      vertex 2.98579 4.54211 1.2
    endloop
  endfacet
  facet normal 0 0 1
    outer loop
      vertex 0 63 1.2
      vertex 2.89952 61.6662 1.2
      vertex 2.8721 61.7756 1.2
    endloop
  endfacet
  facet normal 0 0 1
    outer loop
      vertex 2.98579 4.54211 1.2
      vertex 0 3 1.2
      vertex 2.93754 4.44009 1.2
    endloop
  endfacet
  facet normal 0 0 1
    outer loop
      vertex 0 63 1.2
      vertex 2.8721 61.7756 1.2
      vertex 2.85554 61.8873 1.2
    endloop
  endfacet
  facet normal 0 0 1
    outer loop
      vertex 2.93754 4.44009 1.2
      vertex 0 3 1.2
      vertex 2.89952 4.33383 1.2
    endloop
  endfacet
  facet normal 0 0 1
    outer loop
      vertex 0 63 1.2
      vertex 2.85554 61.8873 1.2
      vertex 2.85 62 1.2
    endloop
  endfacet
  facet normal 0 0 1
    outer loop
      vertex 2.89952 4.33383 1.2
      vertex 0 3 1.2
      vertex 2.8721 4.22435 1.2
    endloop
  endfacet
  facet normal 0 0 1
    outer loop
      vertex 99.1005 61.6662 1.2
      vertex 102 63 1.2
      vertex 99.1279 61.7756 1.2
    endloop
  endfacet
  facet normal 0 0 1
    outer loop
      vertex 102 3 1.2
      vertex 99.1445 4.11272 1.2
      vertex 99.15 4 1.2
    endloop
  endfacet
  facet normal 0 0 1
    outer loop
      vertex 99.0625 61.5599 1.2
      vertex 102 63 1.2
      vertex 99.1005 61.6662 1.2
    endloop
  endfacet
  facet normal 0 0 1
    outer loop
      vertex 102 3 1.2
      vertex 99.1279 4.22435 1.2
      vertex 99.1445 4.11272 1.2
    endloop
  endfacet
  facet normal 0 0 1
    outer loop
      vertex 99.0142 61.4579 1.2
      vertex 102 63 1.2
      vertex 99.0625 61.5599 1.2
    endloop
  endfacet
  facet normal 0 0 1
    outer loop
      vertex 102 3 1.2
      vertex 99.1005 4.33383 1.2
      vertex 99.1279 4.22435 1.2
    endloop
  endfacet
  facet normal 0 0 1
    outer loop
      vertex 98.9562 61.3611 1.2
      vertex 102 63 1.2
      vertex 99.0142 61.4579 1.2
    endloop
  endfacet
  facet normal 0 0 1
    outer loop
      vertex 102 3 1.2
      vertex 99.0625 4.44009 1.2
      vertex 99.1005 4.33383 1.2
    endloop
  endfacet
  facet normal 0 0 1
    outer loop
      vertex 98.889 61.2704 1.2
      vertex 102 63 1.2
      vertex 98.9562 61.3611 1.2
    endloop
  endfacet
  facet normal 0 0 1
    outer loop
      vertex 102 3 1.2
      vertex 99.0142 4.54211 1.2
      vertex 99.0625 4.44009 1.2
    endloop
  endfacet
  facet normal 0 0 1
    outer loop
      vertex 98.8132 61.1868 1.2
      vertex 102 63 1.2
      vertex 98.889 61.2704 1.2
    endloop
  endfacet
  facet normal 0 0 1
    outer loop
      vertex 102 3 1.2
      vertex 98.9562 4.63891 1.2
      vertex 99.0142 4.54211 1.2
    endloop
  endfacet
  facet normal 0 0 1
    outer loop
      vertex 98.7296 61.111 1.2
      vertex 102 63 1.2
      vertex 98.8132 61.1868 1.2
    endloop
  endfacet
  facet normal 0 0 1
    outer loop
      vertex 102 3 1.2
      vertex 98.889 4.72955 1.2
      vertex 98.9562 4.63891 1.2
    endloop
  endfacet
  facet normal 0 0 1
    outer loop
      vertex 98.6389 61.0438 1.2
      vertex 102 63 1.2
      vertex 98.7296 61.111 1.2
    endloop
  endfacet
  facet normal 0 0 1
    outer loop
      vertex 102 3 1.2
      vertex 98.8132 4.81317 1.2
      vertex 98.889 4.72955 1.2
    endloop
  endfacet
  facet normal 0 0 1
    outer loop
      vertex 102 63 1.2
      vertex 98.6389 61.0438 1.2
      vertex 102 3 1.2
    endloop
  endfacet
  facet normal 0 0 1
    outer loop
      vertex 102 3 1.2
      vertex 98.7296 4.88896 1.2
      vertex 98.8132 4.81317 1.2
    endloop
  endfacet
  facet normal -0 0 1
    outer loop
      vertex 98.6389 4.95619 1.2
      vertex 102 3 1.2
      vertex 98.6389 61.0438 1.2
    endloop
  endfacet
  facet normal 0 0 1
    outer loop
      vertex 102 3 1.2
      vertex 98.6389 4.95619 1.2
      vertex 98.7296 4.88896 1.2
    endloop
  endfacet
  facet normal -0 0 1
    outer loop
      vertex 98.5421 60.9858 1.2
      vertex 98.6389 4.95619 1.2
      vertex 98.6389 61.0438 1.2
    endloop
  endfacet
  facet normal 0 0 1
    outer loop
      vertex 98.5421 60.9858 1.2
      vertex 98.5421 5.01421 1.2
      vertex 98.6389 4.95619 1.2
    endloop
  endfacet
  facet normal -0 0 1
    outer loop
      vertex 98.4401 60.9375 1.2
      vertex 98.5421 5.01421 1.2
      vertex 98.5421 60.9858 1.2
    endloop
  endfacet
  facet normal 0 0 1
    outer loop
      vertex 98.4401 60.9375 1.2
      vertex 98.4401 5.06246 1.2
      vertex 98.5421 5.01421 1.2
    endloop
  endfacet
  facet normal -0 0 1
    outer loop
      vertex 98.3338 60.8995 1.2
      vertex 98.4401 5.06246 1.2
      vertex 98.4401 60.9375 1.2
    endloop
  endfacet
  facet normal 0 0 1
    outer loop
      vertex 98.3338 60.8995 1.2
      vertex 98.3338 5.10048 1.2
      vertex 98.4401 5.06246 1.2
    endloop
  endfacet
  facet normal -0 0 1
    outer loop
      vertex 98.2243 60.8721 1.2
      vertex 98.3338 5.10048 1.2
      vertex 98.3338 60.8995 1.2
    endloop
  endfacet
  facet normal 0 0 1
    outer loop
      vertex 98.2243 60.8721 1.2
      vertex 98.2243 5.1279 1.2
      vertex 98.3338 5.10048 1.2
    endloop
  endfacet
  facet normal -0 0 1
    outer loop
      vertex 98.1127 60.8555 1.2
      vertex 98.2243 5.1279 1.2
      vertex 98.2243 60.8721 1.2
    endloop
  endfacet
  facet normal 0 0 1
    outer loop
      vertex 98.1127 60.8555 1.2
      vertex 98.1127 5.14446 1.2
      vertex 98.2243 5.1279 1.2
    endloop
  endfacet
  facet normal -0 0 1
    outer loop
      vertex 98 60.85 1.2
      vertex 98.1127 5.14446 1.2
      vertex 98.1127 60.8555 1.2
    endloop
  endfacet
  facet normal 0 0 1
    outer loop
      vertex 98 60.85 1.2
      vertex 98 5.15 1.2
      vertex 98.1127 5.14446 1.2
    endloop
  endfacet
  facet normal 0 0 1
    outer loop
      vertex 97.8873 60.8555 1.2
      vertex 98 5.15 1.2
      vertex 98 60.85 1.2
    endloop
  endfacet
  facet normal 0 0 1
    outer loop
      vertex 97.8873 60.8555 1.2
      vertex 97.8873 5.14446 1.2
      vertex 98 5.15 1.2
    endloop
  endfacet
  facet normal 0 0 1
    outer loop
      vertex 97.7756 60.8721 1.2
      vertex 97.8873 5.14446 1.2
      vertex 97.8873 60.8555 1.2
    endloop
  endfacet
  facet normal 0 0 1
    outer loop
      vertex 97.7756 60.8721 1.2
      vertex 97.7756 5.1279 1.2
      vertex 97.8873 5.14446 1.2
    endloop
  endfacet
  facet normal 0 0 1
    outer loop
      vertex 97.6662 60.8995 1.2
      vertex 97.7756 5.1279 1.2
      vertex 97.7756 60.8721 1.2
    endloop
  endfacet
  facet normal 0 0 1
    outer loop
      vertex 97.6662 60.8995 1.2
      vertex 97.6662 5.10048 1.2
      vertex 97.7756 5.1279 1.2
    endloop
  endfacet
  facet normal 0 0 1
    outer loop
      vertex 97.5599 60.9375 1.2
      vertex 97.6662 5.10048 1.2
      vertex 97.6662 60.8995 1.2
    endloop
  endfacet
  facet normal 0 0 1
    outer loop
      vertex 97.5599 60.9375 1.2
      vertex 97.5599 5.06246 1.2
      vertex 97.6662 5.10048 1.2
    endloop
  endfacet
  facet normal 0 0 1
    outer loop
      vertex 97.4579 60.9858 1.2
      vertex 97.5599 5.06246 1.2
      vertex 97.5599 60.9375 1.2
    endloop
  endfacet
  facet normal 0 0 1
    outer loop
      vertex 97.4579 60.9858 1.2
      vertex 97.4579 5.01421 1.2
      vertex 97.5599 5.06246 1.2
    endloop
  endfacet
  facet normal 0 0 1
    outer loop
      vertex 97.3611 61.0438 1.2
      vertex 97.4579 5.01421 1.2
      vertex 97.4579 60.9858 1.2
    endloop
  endfacet
  facet normal 0 0 1
    outer loop
      vertex 97.3611 61.0438 1.2
      vertex 97.3611 4.95619 1.2
      vertex 97.4579 5.01421 1.2
    endloop
  endfacet
  facet normal 0 0 1
    outer loop
      vertex 97.2704 61.111 1.2
      vertex 97.3611 4.95619 1.2
      vertex 97.3611 61.0438 1.2
    endloop
  endfacet
  facet normal 0 0 1
    outer loop
      vertex 97.2704 61.111 1.2
      vertex 97.2704 4.88896 1.2
      vertex 97.3611 4.95619 1.2
    endloop
  endfacet
  facet normal 0 0 1
    outer loop
      vertex 97.1868 61.1868 1.2
      vertex 97.2704 4.88896 1.2
      vertex 97.2704 61.111 1.2
    endloop
  endfacet
  facet normal 0 0 1
    outer loop
      vertex 97.1868 61.1868 1.2
      vertex 97.1868 4.81317 1.2
      vertex 97.2704 4.88896 1.2
    endloop
  endfacet
  facet normal 0 0 1
    outer loop
      vertex 97.111 61.2704 1.2
      vertex 97.1868 4.81317 1.2
      vertex 97.1868 61.1868 1.2
    endloop
  endfacet
  facet normal 0 0 1
    outer loop
      vertex 97.111 61.2704 1.2
      vertex 97.111 4.72955 1.2
      vertex 97.1868 4.81317 1.2
    endloop
  endfacet
  facet normal 0 0 1
    outer loop
      vertex 97.0438 61.3611 1.2
      vertex 97.111 4.72955 1.2
      vertex 97.111 61.2704 1.2
    endloop
  endfacet
  facet normal 0 0 1
    outer loop
      vertex 97.0438 61.3611 1.2
      vertex 97.0438 4.63891 1.2
      vertex 97.111 4.72955 1.2
    endloop
  endfacet
  facet normal 0 0 1
    outer loop
      vertex 5.10048 61.6662 1.2
      vertex 96.8995 61.6662 1.2
      vertex 5.1279 61.7756 1.2
    endloop
  endfacet
  facet normal 0 0 1
    outer loop
      vertex 96.8995 61.6662 1.2
      vertex 5.10048 61.6662 1.2
      vertex 96.9375 61.5599 1.2
    endloop
  endfacet
  facet normal 0 0 1
    outer loop
      vertex 96.8721 61.7756 1.2
      vertex 5.1279 61.7756 1.2
      vertex 96.8995 61.6662 1.2
    endloop
  endfacet
  facet normal 0 0 1
    outer loop
      vertex 5.06246 61.5599 1.2
      vertex 96.9375 61.5599 1.2
      vertex 5.10048 61.6662 1.2
    endloop
  endfacet
  facet normal 0 0 1
    outer loop
      vertex 5.1279 61.7756 1.2
      vertex 96.8721 61.7756 1.2
      vertex 5.14446 61.8873 1.2
    endloop
  endfacet
  facet normal 0 0 1
    outer loop
      vertex 97.0438 4.63891 1.2
      vertex 5.15 4 1.2
      vertex 96.9858 4.54211 1.2
    endloop
  endfacet
  facet normal 0 0 1
    outer loop
      vertex 96.8555 61.8873 1.2
      vertex 5.14446 61.8873 1.2
      vertex 96.8721 61.7756 1.2
    endloop
  endfacet
  facet normal 0 0 1
    outer loop
      vertex 96.9858 4.54211 1.2
      vertex 5.15 4 1.2
      vertex 96.9375 4.44009 1.2
    endloop
  endfacet
  facet normal 0 0 1
    outer loop
      vertex 5.14446 61.8873 1.2
      vertex 96.8555 61.8873 1.2
      vertex 5.15 62 1.2
    endloop
  endfacet
  facet normal 0 0 1
    outer loop
      vertex 96.9375 4.44009 1.2
      vertex 5.15 4 1.2
      vertex 96.8995 4.33383 1.2
    endloop
  endfacet
  facet normal -0 0 1
    outer loop
      vertex 5.15 62 1.2
      vertex 96.8555 61.8873 1.2
      vertex 96.85 62 1.2
    endloop
  endfacet
  facet normal 0 0 1
    outer loop
      vertex 96.8995 4.33383 1.2
      vertex 5.15 4 1.2
      vertex 96.8721 4.22435 1.2
    endloop
  endfacet
  facet normal 0 0 1
    outer loop
      vertex 99.0625 62.4401 1.2
      vertex 102 63 1.2
      vertex 101.986 63.2941 1.2
    endloop
  endfacet
  facet normal 0 0 1
    outer loop
      vertex 99.1445 61.8873 1.2
      vertex 102 63 1.2
      vertex 99.15 62 1.2
    endloop
  endfacet
  facet normal 0 0 1
    outer loop
      vertex 99.0142 62.5421 1.2
      vertex 101.986 63.2941 1.2
      vertex 101.942 63.5853 1.2
    endloop
  endfacet
  facet normal 0 0 1
    outer loop
      vertex 99.1279 61.7756 1.2
      vertex 102 63 1.2
      vertex 99.1445 61.8873 1.2
    endloop
  endfacet
  facet normal 0 0 1
    outer loop
      vertex 99.0142 62.5421 1.2
      vertex 101.942 63.5853 1.2
      vertex 101.871 63.8708 1.2
    endloop
  endfacet
  facet normal -0 0 1
    outer loop
      vertex 99.1445 3.88728 1.2
      vertex 102 3 1.2
      vertex 99.15 4 1.2
    endloop
  endfacet
  facet normal 0 0 1
    outer loop
      vertex 98.9562 62.6389 1.2
      vertex 101.871 63.8708 1.2
      vertex 101.772 64.1481 1.2
    endloop
  endfacet
  facet normal -0 0 1
    outer loop
      vertex 99.1279 3.77565 1.2
      vertex 102 3 1.2
      vertex 99.1445 3.88728 1.2
    endloop
  endfacet
  facet normal 0 0 1
    outer loop
      vertex 98.9562 62.6389 1.2
      vertex 101.772 64.1481 1.2
      vertex 101.646 64.4142 1.2
    endloop
  endfacet
  facet normal -0 0 1
    outer loop
      vertex 99.1005 3.66617 1.2
      vertex 102 3 1.2
      vertex 99.1279 3.77565 1.2
    endloop
  endfacet
  facet normal 0 0 1
    outer loop
      vertex 98.889 62.7296 1.2
      vertex 101.646 64.4142 1.2
      vertex 101.494 64.6667 1.2
    endloop
  endfacet
  facet normal -0 0 1
    outer loop
      vertex 99.0625 3.55991 1.2
      vertex 102 3 1.2
      vertex 99.1005 3.66617 1.2
    endloop
  endfacet
  facet normal 0 0 1
    outer loop
      vertex 98.889 62.7296 1.2
      vertex 101.494 64.6667 1.2
      vertex 101.319 64.9032 1.2
    endloop
  endfacet
  facet normal 0 0 1
    outer loop
      vertex 102 3 1.2
      vertex 99.0625 3.55991 1.2
      vertex 101.986 2.70595 1.2
    endloop
  endfacet
  facet normal 0 0 1
    outer loop
      vertex 98.8132 62.8132 1.2
      vertex 101.319 64.9032 1.2
      vertex 101.121 65.1213 1.2
    endloop
  endfacet
  facet normal -0 0 1
    outer loop
      vertex 99.0142 3.45789 1.2
      vertex 101.986 2.70595 1.2
      vertex 99.0625 3.55991 1.2
    endloop
  endfacet
  facet normal 0 0 1
    outer loop
      vertex 98.8132 62.8132 1.2
      vertex 101.121 65.1213 1.2
      vertex 100.903 65.319 1.2
    endloop
  endfacet
  facet normal 0 0 1
    outer loop
      vertex 101.986 2.70595 1.2
      vertex 99.0142 3.45789 1.2
      vertex 101.942 2.41473 1.2
    endloop
  endfacet
  facet normal 0 0 1
    outer loop
      vertex 98.7296 62.889 1.2
      vertex 100.903 65.319 1.2
      vertex 100.667 65.4944 1.2
    endloop
  endfacet
  facet normal 0 0 1
    outer loop
      vertex 101.942 2.41473 1.2
      vertex 99.0142 3.45789 1.2
      vertex 101.871 2.12915 1.2
    endloop
  endfacet
  facet normal 0 0 1
    outer loop
      vertex 98.7296 62.889 1.2
      vertex 100.667 65.4944 1.2
      vertex 100.414 65.6458 1.2
    endloop
  endfacet
  facet normal -0 0 1
    outer loop
      vertex 98.9562 3.36109 1.2
      vertex 101.871 2.12915 1.2
      vertex 99.0142 3.45789 1.2
    endloop
  endfacet
  facet normal 0 0 1
    outer loop
      vertex 98.6389 62.9562 1.2
      vertex 100.414 65.6458 1.2
      vertex 100.148 65.7716 1.2
    endloop
  endfacet
  facet normal 0 0 1
    outer loop
      vertex 101.871 2.12915 1.2
      vertex 98.9562 3.36109 1.2
      vertex 101.772 1.85194 1.2
    endloop
  endfacet
  facet normal 0 0 1
    outer loop
      vertex 98.6389 62.9562 1.2
      vertex 100.148 65.7716 1.2
      vertex 99.8708 65.8708 1.2
    endloop
  endfacet
  facet normal 0 0 1
    outer loop
      vertex 101.772 1.85194 1.2
      vertex 98.9562 3.36109 1.2
      vertex 101.646 1.58582 1.2
    endloop
  endfacet
  facet normal 0 0 1
    outer loop
      vertex 98.5421 63.0142 1.2
      vertex 99.8708 65.8708 1.2
      vertex 99.5853 65.9424 1.2
    endloop
  endfacet
  facet normal -0 0 1
    outer loop
      vertex 98.889 3.27045 1.2
      vertex 101.646 1.58582 1.2
      vertex 98.9562 3.36109 1.2
    endloop
  endfacet
  facet normal 0 0 1
    outer loop
      vertex 98.5421 63.0142 1.2
      vertex 99.5853 65.9424 1.2
      vertex 99.2941 65.9855 1.2
    endloop
  endfacet
  facet normal 0 0 1
    outer loop
      vertex 101.646 1.58582 1.2
      vertex 98.889 3.27045 1.2
      vertex 101.494 1.33328 1.2
    endloop
  endfacet
  facet normal 0 0 1
    outer loop
      vertex 101.494 1.33328 1.2
      vertex 98.889 3.27045 1.2
      vertex 101.319 1.09682 1.2
    endloop
  endfacet
  facet normal 0 0 1
    outer loop
      vertex 102 63 1.2
      vertex 99.1445 62.1127 1.2
      vertex 99.15 62 1.2
    endloop
  endfacet
  facet normal 0 0 1
    outer loop
      vertex 102 63 1.2
      vertex 99.1279 62.2244 1.2
      vertex 99.1445 62.1127 1.2
    endloop
  endfacet
  facet normal 0 0 1
    outer loop
      vertex 102 63 1.2
      vertex 99.1005 62.3338 1.2
      vertex 99.1279 62.2244 1.2
    endloop
  endfacet
  facet normal 0 0 1
    outer loop
      vertex 102 63 1.2
      vertex 99.0625 62.4401 1.2
      vertex 99.1005 62.3338 1.2
    endloop
  endfacet
  facet normal 0 0 1
    outer loop
      vertex 101.986 63.2941 1.2
      vertex 99.0142 62.5421 1.2
      vertex 99.0625 62.4401 1.2
    endloop
  endfacet
  facet normal 0 0 1
    outer loop
      vertex 98.4401 63.0625 1.2
      vertex 99.2941 65.9855 1.2
      vertex 99 66 1.2
    endloop
  endfacet
  facet normal 0 0 1
    outer loop
      vertex 101.871 63.8708 1.2
      vertex 98.9562 62.6389 1.2
      vertex 99.0142 62.5421 1.2
    endloop
  endfacet
  facet normal 0 0 1
    outer loop
      vertex 101.646 64.4142 1.2
      vertex 98.889 62.7296 1.2
      vertex 98.9562 62.6389 1.2
    endloop
  endfacet
  facet normal 0 0 1
    outer loop
      vertex 101.319 64.9032 1.2
      vertex 98.8132 62.8132 1.2
      vertex 98.889 62.7296 1.2
    endloop
  endfacet
  facet normal 0 0 1
    outer loop
      vertex 100.903 65.319 1.2
      vertex 98.7296 62.889 1.2
      vertex 98.8132 62.8132 1.2
    endloop
  endfacet
  facet normal 0 0 1
    outer loop
      vertex 100.414 65.6458 1.2
      vertex 98.6389 62.9562 1.2
      vertex 98.7296 62.889 1.2
    endloop
  endfacet
  facet normal 0 0 1
    outer loop
      vertex 99.8708 65.8708 1.2
      vertex 98.5421 63.0142 1.2
      vertex 98.6389 62.9562 1.2
    endloop
  endfacet
  facet normal 0 0 1
    outer loop
      vertex 99.2941 65.9855 1.2
      vertex 98.4401 63.0625 1.2
      vertex 98.5421 63.0142 1.2
    endloop
  endfacet
  facet normal 0 0 1
    outer loop
      vertex 99 66 1.2
      vertex 98.3338 63.1005 1.2
      vertex 98.4401 63.0625 1.2
    endloop
  endfacet
  facet normal 0 0 1
    outer loop
      vertex 99 66 1.2
      vertex 98.2243 63.1279 1.2
      vertex 98.3338 63.1005 1.2
    endloop
  endfacet
  facet normal 0 0 1
    outer loop
      vertex 99 66 1.2
      vertex 98.1127 63.1445 1.2
      vertex 98.2243 63.1279 1.2
    endloop
  endfacet
  facet normal 0 0 1
    outer loop
      vertex 99 66 1.2
      vertex 98 63.15 1.2
      vertex 98.1127 63.1445 1.2
    endloop
  endfacet
  facet normal 0 0 1
    outer loop
      vertex 99 66 1.2
      vertex 97.8873 63.1445 1.2
      vertex 98 63.15 1.2
    endloop
  endfacet
  facet normal 0 0 1
    outer loop
      vertex 99 66 1.2
      vertex 97.7756 63.1279 1.2
      vertex 97.8873 63.1445 1.2
    endloop
  endfacet
  facet normal 0 0 1
    outer loop
      vertex 99 66 1.2
      vertex 97.6662 63.1005 1.2
      vertex 97.7756 63.1279 1.2
    endloop
  endfacet
  facet normal 0 0 1
    outer loop
      vertex 99 66 1.2
      vertex 97.5599 63.0625 1.2
      vertex 97.6662 63.1005 1.2
    endloop
  endfacet
  facet normal 0 0 1
    outer loop
      vertex 99 66 1.2
      vertex 97.4579 63.0142 1.2
      vertex 97.5599 63.0625 1.2
    endloop
  endfacet
  facet normal 0 0 1
    outer loop
      vertex 99 66 1.2
      vertex 97.3611 62.9562 1.2
      vertex 97.4579 63.0142 1.2
    endloop
  endfacet
  facet normal 0 0 1
    outer loop
      vertex 99 66 1.2
      vertex 97.2704 62.889 1.2
      vertex 97.3611 62.9562 1.2
    endloop
  endfacet
  facet normal 0 0 1
    outer loop
      vertex 99 66 1.2
      vertex 97.1868 62.8132 1.2
      vertex 97.2704 62.889 1.2
    endloop
  endfacet
  facet normal 0 0 1
    outer loop
      vertex 99 66 1.2
      vertex 97.111 62.7296 1.2
      vertex 97.1868 62.8132 1.2
    endloop
  endfacet
  facet normal 0 0 1
    outer loop
      vertex 99 66 1.2
      vertex 97.0438 62.6389 1.2
      vertex 97.111 62.7296 1.2
    endloop
  endfacet
  facet normal 0 0 1
    outer loop
      vertex 4.95619 62.6389 1.2
      vertex 97.0438 62.6389 1.2
      vertex 99 66 1.2
    endloop
  endfacet
  facet normal 0 0 1
    outer loop
      vertex 96.8721 4.22435 1.2
      vertex 5.15 4 1.2
      vertex 96.8555 4.11272 1.2
    endloop
  endfacet
  facet normal 0 0 1
    outer loop
      vertex 96.8555 62.1127 1.2
      vertex 5.15 62 1.2
      vertex 96.85 62 1.2
    endloop
  endfacet
  facet normal 0 0 1
    outer loop
      vertex 5.14446 62.1127 1.2
      vertex 96.8555 62.1127 1.2
      vertex 96.8721 62.2244 1.2
    endloop
  endfacet
  facet normal 0 0 1
    outer loop
      vertex 5.1279 62.2244 1.2
      vertex 96.8721 62.2244 1.2
      vertex 96.8995 62.3338 1.2
    endloop
  endfacet
  facet normal 0 0 1
    outer loop
      vertex 5.10048 62.3338 1.2
      vertex 96.8995 62.3338 1.2
      vertex 96.9375 62.4401 1.2
    endloop
  endfacet
  facet normal 0 0 1
    outer loop
      vertex 5.06246 62.4401 1.2
      vertex 96.9375 62.4401 1.2
      vertex 96.9858 62.5421 1.2
    endloop
  endfacet
  facet normal 0 0 1
    outer loop
      vertex 97.0438 62.6389 1.2
      vertex 4.95619 62.6389 1.2
      vertex 96.9858 62.5421 1.2
    endloop
  endfacet
  facet normal 0 0 1
    outer loop
      vertex 96.8555 62.1127 1.2
      vertex 5.14446 62.1127 1.2
      vertex 5.15 62 1.2
    endloop
  endfacet
  facet normal 0 0 1
    outer loop
      vertex 96.8721 62.2244 1.2
      vertex 5.1279 62.2244 1.2
      vertex 5.14446 62.1127 1.2
    endloop
  endfacet
  facet normal 0 0 1
    outer loop
      vertex 96.8995 62.3338 1.2
      vertex 5.10048 62.3338 1.2
      vertex 5.1279 62.2244 1.2
    endloop
  endfacet
  facet normal 0 0 1
    outer loop
      vertex 96.9375 62.4401 1.2
      vertex 5.06246 62.4401 1.2
      vertex 5.10048 62.3338 1.2
    endloop
  endfacet
  facet normal 0 0 1
    outer loop
      vertex 96.9858 62.5421 1.2
      vertex 5.01421 62.5421 1.2
      vertex 5.06246 62.4401 1.2
    endloop
  endfacet
  facet normal 0 0 1
    outer loop
      vertex 96.9858 62.5421 1.2
      vertex 4.95619 62.6389 1.2
      vertex 5.01421 62.5421 1.2
    endloop
  endfacet
  facet normal -0 0 1
    outer loop
      vertex 3 66 1.2
      vertex 4.95619 62.6389 1.2
      vertex 99 66 1.2
    endloop
  endfacet
  facet normal 0 0 1
    outer loop
      vertex 4.95619 62.6389 1.2
      vertex 3 66 1.2
      vertex 4.88896 62.7296 1.2
    endloop
  endfacet
  facet normal 0 0 1
    outer loop
      vertex 4.88896 62.7296 1.2
      vertex 3 66 1.2
      vertex 4.81317 62.8132 1.2
    endloop
  endfacet
  facet normal 0 0 1
    outer loop
      vertex 4.81317 62.8132 1.2
      vertex 3 66 1.2
      vertex 4.72955 62.889 1.2
    endloop
  endfacet
  facet normal 0 0 1
    outer loop
      vertex 4.72955 62.889 1.2
      vertex 3 66 1.2
      vertex 4.63891 62.9562 1.2
    endloop
  endfacet
  facet normal 0 0 1
    outer loop
      vertex 4.63891 62.9562 1.2
      vertex 3 66 1.2
      vertex 4.54211 63.0142 1.2
    endloop
  endfacet
  facet normal 0 0 1
    outer loop
      vertex 4.54211 63.0142 1.2
      vertex 3 66 1.2
      vertex 4.44009 63.0625 1.2
    endloop
  endfacet
  facet normal 0 0 1
    outer loop
      vertex 4.44009 63.0625 1.2
      vertex 3 66 1.2
      vertex 4.33383 63.1005 1.2
    endloop
  endfacet
  facet normal 0 0 1
    outer loop
      vertex 4.33383 63.1005 1.2
      vertex 3 66 1.2
      vertex 4.22435 63.1279 1.2
    endloop
  endfacet
  facet normal 0 0 1
    outer loop
      vertex 4.22435 63.1279 1.2
      vertex 3 66 1.2
      vertex 4.11272 63.1445 1.2
    endloop
  endfacet
  facet normal 0 0 1
    outer loop
      vertex 4.11272 63.1445 1.2
      vertex 3 66 1.2
      vertex 4 63.15 1.2
    endloop
  endfacet
  facet normal 0 0 1
    outer loop
      vertex 3 66 1.2
      vertex 3.88728 63.1445 1.2
      vertex 4 63.15 1.2
    endloop
  endfacet
  facet normal 0 0 1
    outer loop
      vertex 3 66 1.2
      vertex 3.77565 63.1279 1.2
      vertex 3.88728 63.1445 1.2
    endloop
  endfacet
  facet normal 0 0 1
    outer loop
      vertex 3 66 1.2
      vertex 3.66617 63.1005 1.2
      vertex 3.77565 63.1279 1.2
    endloop
  endfacet
  facet normal 0 0 1
    outer loop
      vertex 3 66 1.2
      vertex 3.55991 63.0625 1.2
      vertex 3.66617 63.1005 1.2
    endloop
  endfacet
  facet normal -0 0 1
    outer loop
      vertex 2.70595 65.9855 1.2
      vertex 3.55991 63.0625 1.2
      vertex 3 66 1.2
    endloop
  endfacet
  facet normal 0 0 1
    outer loop
      vertex 3.55991 63.0625 1.2
      vertex 2.70595 65.9855 1.2
      vertex 3.45789 63.0142 1.2
    endloop
  endfacet
  facet normal -0 0 1
    outer loop
      vertex 2.41473 65.9424 1.2
      vertex 3.45789 63.0142 1.2
      vertex 2.70595 65.9855 1.2
    endloop
  endfacet
  facet normal -0 0 1
    outer loop
      vertex 2.12915 65.8708 1.2
      vertex 3.45789 63.0142 1.2
      vertex 2.41473 65.9424 1.2
    endloop
  endfacet
  facet normal 0 0 1
    outer loop
      vertex 3.45789 63.0142 1.2
      vertex 2.12915 65.8708 1.2
      vertex 3.36109 62.9562 1.2
    endloop
  endfacet
  facet normal -0 0 1
    outer loop
      vertex 1.85194 65.7716 1.2
      vertex 3.36109 62.9562 1.2
      vertex 2.12915 65.8708 1.2
    endloop
  endfacet
  facet normal -0 0 1
    outer loop
      vertex 1.58582 65.6458 1.2
      vertex 3.36109 62.9562 1.2
      vertex 1.85194 65.7716 1.2
    endloop
  endfacet
  facet normal 0 0 1
    outer loop
      vertex 3.36109 62.9562 1.2
      vertex 1.58582 65.6458 1.2
      vertex 3.27045 62.889 1.2
    endloop
  endfacet
  facet normal -0 0 1
    outer loop
      vertex 1.33328 65.4944 1.2
      vertex 3.27045 62.889 1.2
      vertex 1.58582 65.6458 1.2
    endloop
  endfacet
  facet normal -0 0 1
    outer loop
      vertex 1.09682 65.319 1.2
      vertex 3.27045 62.889 1.2
      vertex 1.33328 65.4944 1.2
    endloop
  endfacet
  facet normal 0 0 1
    outer loop
      vertex 3.27045 62.889 1.2
      vertex 1.09682 65.319 1.2
      vertex 3.18683 62.8132 1.2
    endloop
  endfacet
  facet normal -0 0 1
    outer loop
      vertex 0.878677 65.1213 1.2
      vertex 3.18683 62.8132 1.2
      vertex 1.09682 65.319 1.2
    endloop
  endfacet
  facet normal 0 0 1
    outer loop
      vertex 3.18683 62.8132 1.2
      vertex 0.680969 64.9032 1.2
      vertex 3.11104 62.7296 1.2
    endloop
  endfacet
  facet normal -0 0 1
    outer loop
      vertex 0.680969 64.9032 1.2
      vertex 3.18683 62.8132 1.2
      vertex 0.878677 65.1213 1.2
    endloop
  endfacet
  facet normal -0 0 1
    outer loop
      vertex 98.8132 3.18683 1.2
      vertex 101.319 1.09682 1.2
      vertex 98.889 3.27045 1.2
    endloop
  endfacet
  facet normal 0 0 1
    outer loop
      vertex 101.319 1.09682 1.2
      vertex 98.8132 3.18683 1.2
      vertex 101.121 0.878677 1.2
    endloop
  endfacet
  facet normal 0 0 1
    outer loop
      vertex 101.121 0.878677 1.2
      vertex 98.8132 3.18683 1.2
      vertex 100.903 0.680969 1.2
    endloop
  endfacet
  facet normal -0 0 1
    outer loop
      vertex 98.7296 3.11104 1.2
      vertex 100.903 0.680969 1.2
      vertex 98.8132 3.18683 1.2
    endloop
  endfacet
  facet normal 0 0 1
    outer loop
      vertex 100.903 0.680969 1.2
      vertex 98.7296 3.11104 1.2
      vertex 100.667 0.505585 1.2
    endloop
  endfacet
  facet normal 0 0 1
    outer loop
      vertex 100.667 0.505585 1.2
      vertex 98.7296 3.11104 1.2
      vertex 100.414 0.354233 1.2
    endloop
  endfacet
  facet normal -0 0 1
    outer loop
      vertex 98.6389 3.04381 1.2
      vertex 100.414 0.354233 1.2
      vertex 98.7296 3.11104 1.2
    endloop
  endfacet
  facet normal 0 0 1
    outer loop
      vertex 100.414 0.354233 1.2
      vertex 98.6389 3.04381 1.2
      vertex 100.148 0.228363 1.2
    endloop
  endfacet
  facet normal 0 0 1
    outer loop
      vertex 100.148 0.228363 1.2
      vertex 98.6389 3.04381 1.2
      vertex 99.8708 0.129181 1.2
    endloop
  endfacet
  facet normal -0 0 1
    outer loop
      vertex 98.5421 2.98579 1.2
      vertex 99.8708 0.129181 1.2
      vertex 98.6389 3.04381 1.2
    endloop
  endfacet
  facet normal 0 0 1
    outer loop
      vertex 99.8708 0.129181 1.2
      vertex 98.5421 2.98579 1.2
      vertex 99.5853 0.0576477 1.2
    endloop
  endfacet
  facet normal 0 0 1
    outer loop
      vertex 99.5853 0.0576477 1.2
      vertex 98.5421 2.98579 1.2
      vertex 99.2941 0.0144501 1.2
    endloop
  endfacet
  facet normal -0 0 1
    outer loop
      vertex 98.4401 2.93754 1.2
      vertex 99.2941 0.0144501 1.2
      vertex 98.5421 2.98579 1.2
    endloop
  endfacet
  facet normal 0 0 1
    outer loop
      vertex 99.2941 0.0144501 1.2
      vertex 98.4401 2.93754 1.2
      vertex 99 0 1.2
    endloop
  endfacet
  facet normal -0 0 1
    outer loop
      vertex 98.3338 2.89952 1.2
      vertex 99 0 1.2
      vertex 98.4401 2.93754 1.2
    endloop
  endfacet
  facet normal -0 0 1
    outer loop
      vertex 98.2243 2.8721 1.2
      vertex 99 0 1.2
      vertex 98.3338 2.89952 1.2
    endloop
  endfacet
  facet normal -0 0 1
    outer loop
      vertex 98.1127 2.85554 1.2
      vertex 99 0 1.2
      vertex 98.2243 2.8721 1.2
    endloop
  endfacet
  facet normal -0 0 1
    outer loop
      vertex 98 2.85 1.2
      vertex 99 0 1.2
      vertex 98.1127 2.85554 1.2
    endloop
  endfacet
  facet normal 0 0 1
    outer loop
      vertex 97.8873 2.85554 1.2
      vertex 99 0 1.2
      vertex 98 2.85 1.2
    endloop
  endfacet
  facet normal 0 0 1
    outer loop
      vertex 97.7756 2.8721 1.2
      vertex 99 0 1.2
      vertex 97.8873 2.85554 1.2
    endloop
  endfacet
  facet normal 0 0 1
    outer loop
      vertex 97.6662 2.89952 1.2
      vertex 99 0 1.2
      vertex 97.7756 2.8721 1.2
    endloop
  endfacet
  facet normal 0 0 1
    outer loop
      vertex 97.5599 2.93754 1.2
      vertex 99 0 1.2
      vertex 97.6662 2.89952 1.2
    endloop
  endfacet
  facet normal 0 0 1
    outer loop
      vertex 97.4579 2.98579 1.2
      vertex 99 0 1.2
      vertex 97.5599 2.93754 1.2
    endloop
  endfacet
  facet normal 0 0 1
    outer loop
      vertex 97.3611 3.04381 1.2
      vertex 99 0 1.2
      vertex 97.4579 2.98579 1.2
    endloop
  endfacet
  facet normal 0 0 1
    outer loop
      vertex 97.2704 3.11104 1.2
      vertex 99 0 1.2
      vertex 97.3611 3.04381 1.2
    endloop
  endfacet
  facet normal 0 0 1
    outer loop
      vertex 97.1868 3.18683 1.2
      vertex 99 0 1.2
      vertex 97.2704 3.11104 1.2
    endloop
  endfacet
  facet normal 0 0 1
    outer loop
      vertex 97.111 3.27045 1.2
      vertex 99 0 1.2
      vertex 97.1868 3.18683 1.2
    endloop
  endfacet
  facet normal 0 0 1
    outer loop
      vertex 97.0438 3.36109 1.2
      vertex 99 0 1.2
      vertex 97.111 3.27045 1.2
    endloop
  endfacet
  facet normal 0 0 1
    outer loop
      vertex 4.95619 3.36109 1.2
      vertex 97.0438 3.36109 1.2
      vertex 96.9858 3.45789 1.2
    endloop
  endfacet
  facet normal 0 0 1
    outer loop
      vertex 96.8555 4.11272 1.2
      vertex 5.15 4 1.2
      vertex 96.85 4 1.2
    endloop
  endfacet
  facet normal 0 0 1
    outer loop
      vertex 96.85 4 1.2
      vertex 5.15 4 1.2
      vertex 96.8555 3.88728 1.2
    endloop
  endfacet
  facet normal 0 0 1
    outer loop
      vertex 5.14446 3.88728 1.2
      vertex 96.8555 3.88728 1.2
      vertex 5.15 4 1.2
    endloop
  endfacet
  facet normal 0 0 1
    outer loop
      vertex 96.8555 3.88728 1.2
      vertex 5.14446 3.88728 1.2
      vertex 96.8721 3.77565 1.2
    endloop
  endfacet
  facet normal 0 0 1
    outer loop
      vertex 5.1279 3.77565 1.2
      vertex 96.8721 3.77565 1.2
      vertex 5.14446 3.88728 1.2
    endloop
  endfacet
  facet normal 0 0 1
    outer loop
      vertex 96.8721 3.77565 1.2
      vertex 5.1279 3.77565 1.2
      vertex 96.8995 3.66617 1.2
    endloop
  endfacet
  facet normal 0 0 1
    outer loop
      vertex 5.10048 3.66617 1.2
      vertex 96.8995 3.66617 1.2
      vertex 5.1279 3.77565 1.2
    endloop
  endfacet
  facet normal 0 0 1
    outer loop
      vertex 96.8995 3.66617 1.2
      vertex 5.10048 3.66617 1.2
      vertex 96.9375 3.55991 1.2
    endloop
  endfacet
  facet normal 0 0 1
    outer loop
      vertex 5.06246 3.55991 1.2
      vertex 96.9375 3.55991 1.2
      vertex 5.10048 3.66617 1.2
    endloop
  endfacet
  facet normal 0 0 1
    outer loop
      vertex 96.9375 3.55991 1.2
      vertex 5.06246 3.55991 1.2
      vertex 96.9858 3.45789 1.2
    endloop
  endfacet
  facet normal 0 0 1
    outer loop
      vertex 5.01421 3.45789 1.2
      vertex 96.9858 3.45789 1.2
      vertex 5.06246 3.55991 1.2
    endloop
  endfacet
  facet normal 0 0 1
    outer loop
      vertex 4.95619 3.36109 1.2
      vertex 96.9858 3.45789 1.2
      vertex 5.01421 3.45789 1.2
    endloop
  endfacet
  facet normal 0 0 1
    outer loop
      vertex 97.0438 3.36109 1.2
      vertex 4.95619 3.36109 1.2
      vertex 99 0 1.2
    endloop
  endfacet
  facet normal 0 0 1
    outer loop
      vertex 3 0 1.2
      vertex 4.95619 3.36109 1.2
      vertex 4.88896 3.27045 1.2
    endloop
  endfacet
  facet normal 0 0 1
    outer loop
      vertex 3 0 1.2
      vertex 4.88896 3.27045 1.2
      vertex 4.81317 3.18683 1.2
    endloop
  endfacet
  facet normal 0 0 1
    outer loop
      vertex 3 0 1.2
      vertex 4.81317 3.18683 1.2
      vertex 4.72955 3.11104 1.2
    endloop
  endfacet
  facet normal 0 0 1
    outer loop
      vertex 3 0 1.2
      vertex 4.72955 3.11104 1.2
      vertex 4.63891 3.04381 1.2
    endloop
  endfacet
  facet normal 0 0 1
    outer loop
      vertex 3 0 1.2
      vertex 4.63891 3.04381 1.2
      vertex 4.54211 2.98579 1.2
    endloop
  endfacet
  facet normal 0 0 1
    outer loop
      vertex 3 0 1.2
      vertex 4.54211 2.98579 1.2
      vertex 4.44009 2.93754 1.2
    endloop
  endfacet
  facet normal 0 0 1
    outer loop
      vertex 3 0 1.2
      vertex 4.44009 2.93754 1.2
      vertex 4.33383 2.89952 1.2
    endloop
  endfacet
  facet normal 0 0 1
    outer loop
      vertex 3 0 1.2
      vertex 4.33383 2.89952 1.2
      vertex 4.22435 2.8721 1.2
    endloop
  endfacet
  facet normal 0 0 1
    outer loop
      vertex 3 0 1.2
      vertex 4.22435 2.8721 1.2
      vertex 4.11272 2.85554 1.2
    endloop
  endfacet
  facet normal 0 0 1
    outer loop
      vertex 3 0 1.2
      vertex 4.11272 2.85554 1.2
      vertex 4 2.85 1.2
    endloop
  endfacet
  facet normal 0 0 1
    outer loop
      vertex 4.95619 3.36109 1.2
      vertex 3 0 1.2
      vertex 99 0 1.2
    endloop
  endfacet
  facet normal 0 0 1
    outer loop
      vertex 3.88728 2.85554 1.2
      vertex 3 0 1.2
      vertex 4 2.85 1.2
    endloop
  endfacet
  facet normal 0 0 1
    outer loop
      vertex 3.77565 2.8721 1.2
      vertex 3 0 1.2
      vertex 3.88728 2.85554 1.2
    endloop
  endfacet
  facet normal 0 0 1
    outer loop
      vertex 3.66617 2.89952 1.2
      vertex 3 0 1.2
      vertex 3.77565 2.8721 1.2
    endloop
  endfacet
  facet normal 0 0 1
    outer loop
      vertex 3.55991 2.93754 1.2
      vertex 3 0 1.2
      vertex 3.66617 2.89952 1.2
    endloop
  endfacet
  facet normal 0 0 1
    outer loop
      vertex 2.70595 0.0144501 1.2
      vertex 3.55991 2.93754 1.2
      vertex 3.45789 2.98579 1.2
    endloop
  endfacet
  facet normal 0 0 1
    outer loop
      vertex 2.12915 0.129181 1.2
      vertex 3.45789 2.98579 1.2
      vertex 3.36109 3.04381 1.2
    endloop
  endfacet
  facet normal 0 0 1
    outer loop
      vertex 1.58582 0.354233 1.2
      vertex 3.36109 3.04381 1.2
      vertex 3.27045 3.11104 1.2
    endloop
  endfacet
  facet normal 0 0 1
    outer loop
      vertex 1.09682 0.680969 1.2
      vertex 3.27045 3.11104 1.2
      vertex 3.18683 3.18683 1.2
    endloop
  endfacet
  facet normal 0 0 1
    outer loop
      vertex 0.680969 1.09682 1.2
      vertex 3.18683 3.18683 1.2
      vertex 3.11104 3.27045 1.2
    endloop
  endfacet
  facet normal 0 0 1
    outer loop
      vertex 0.354233 1.58582 1.2
      vertex 3.11104 3.27045 1.2
      vertex 3.04381 3.36109 1.2
    endloop
  endfacet
  facet normal 0 0 1
    outer loop
      vertex 0.129181 2.12915 1.2
      vertex 3.04381 3.36109 1.2
      vertex 2.98579 3.45789 1.2
    endloop
  endfacet
  facet normal 0 0 1
    outer loop
      vertex 0.0144501 2.70595 1.2
      vertex 2.98579 3.45789 1.2
      vertex 2.93754 3.55991 1.2
    endloop
  endfacet
  facet normal 0 0 1
    outer loop
      vertex 0 3 1.2
      vertex 2.93754 3.55991 1.2
      vertex 2.89952 3.66617 1.2
    endloop
  endfacet
  facet normal 0 0 1
    outer loop
      vertex 0 3 1.2
      vertex 2.89952 3.66617 1.2
      vertex 2.8721 3.77565 1.2
    endloop
  endfacet
  facet normal 0 0 1
    outer loop
      vertex 0 3 1.2
      vertex 2.8721 3.77565 1.2
      vertex 2.85554 3.88728 1.2
    endloop
  endfacet
  facet normal 0 0 1
    outer loop
      vertex 0 3 1.2
      vertex 2.85554 3.88728 1.2
      vertex 2.85 4 1.2
    endloop
  endfacet
  facet normal 0 0 1
    outer loop
      vertex 3.55991 2.93754 1.2
      vertex 2.70595 0.0144501 1.2
      vertex 3 0 1.2
    endloop
  endfacet
  facet normal 0 0 1
    outer loop
      vertex 2.8721 4.22435 1.2
      vertex 0 3 1.2
      vertex 2.85554 4.11272 1.2
    endloop
  endfacet
  facet normal -0 0 1
    outer loop
      vertex 0.505585 64.6667 1.2
      vertex 3.11104 62.7296 1.2
      vertex 0.680969 64.9032 1.2
    endloop
  endfacet
  facet normal 0 0 1
    outer loop
      vertex 2.85554 4.11272 1.2
      vertex 0 3 1.2
      vertex 2.85 4 1.2
    endloop
  endfacet
  facet normal -0 0 1
    outer loop
      vertex 0.354233 64.4142 1.2
      vertex 3.11104 62.7296 1.2
      vertex 0.505585 64.6667 1.2
    endloop
  endfacet
  facet normal 0 0 1
    outer loop
      vertex 2.93754 3.55991 1.2
      vertex 0 3 1.2
      vertex 0.0144501 2.70595 1.2
    endloop
  endfacet
  facet normal 0 0 1
    outer loop
      vertex 3.11104 62.7296 1.2
      vertex 0.354233 64.4142 1.2
      vertex 3.04381 62.6389 1.2
    endloop
  endfacet
  facet normal 0 0 1
    outer loop
      vertex 3.45789 2.98579 1.2
      vertex 2.41473 0.0576477 1.2
      vertex 2.70595 0.0144501 1.2
    endloop
  endfacet
  facet normal -0 0 1
    outer loop
      vertex 0.228363 64.1481 1.2
      vertex 3.04381 62.6389 1.2
      vertex 0.354233 64.4142 1.2
    endloop
  endfacet
  facet normal 0 0 1
    outer loop
      vertex 3.45789 2.98579 1.2
      vertex 2.12915 0.129181 1.2
      vertex 2.41473 0.0576477 1.2
    endloop
  endfacet
  facet normal -0 0 1
    outer loop
      vertex 0.129181 63.8708 1.2
      vertex 3.04381 62.6389 1.2
      vertex 0.228363 64.1481 1.2
    endloop
  endfacet
  facet normal 0 0 1
    outer loop
      vertex 3.36109 3.04381 1.2
      vertex 1.85194 0.228363 1.2
      vertex 2.12915 0.129181 1.2
    endloop
  endfacet
  facet normal 0 0 1
    outer loop
      vertex 3.04381 62.6389 1.2
      vertex 0.129181 63.8708 1.2
      vertex 2.98579 62.5421 1.2
    endloop
  endfacet
  facet normal 0 0 1
    outer loop
      vertex 3.36109 3.04381 1.2
      vertex 1.58582 0.354233 1.2
      vertex 1.85194 0.228363 1.2
    endloop
  endfacet
  facet normal -0 0 1
    outer loop
      vertex 0.0576477 63.5853 1.2
      vertex 2.98579 62.5421 1.2
      vertex 0.129181 63.8708 1.2
    endloop
  endfacet
  facet normal 0 0 1
    outer loop
      vertex 3.27045 3.11104 1.2
      vertex 1.33328 0.505585 1.2
      vertex 1.58582 0.354233 1.2
    endloop
  endfacet
  facet normal -0 0 1
    outer loop
      vertex 0.0144501 63.2941 1.2
      vertex 2.98579 62.5421 1.2
      vertex 0.0576477 63.5853 1.2
    endloop
  endfacet
  facet normal 0 0 1
    outer loop
      vertex 3.27045 3.11104 1.2
      vertex 1.09682 0.680969 1.2
      vertex 1.33328 0.505585 1.2
    endloop
  endfacet
  facet normal 0 0 1
    outer loop
      vertex 2.98579 62.5421 1.2
      vertex 0.0144501 63.2941 1.2
      vertex 2.93754 62.4401 1.2
    endloop
  endfacet
  facet normal 0 0 1
    outer loop
      vertex 3.18683 3.18683 1.2
      vertex 0.878677 0.878677 1.2
      vertex 1.09682 0.680969 1.2
    endloop
  endfacet
  facet normal -0 0 1
    outer loop
      vertex 0 63 1.2
      vertex 2.93754 62.4401 1.2
      vertex 0.0144501 63.2941 1.2
    endloop
  endfacet
  facet normal 0 0 1
    outer loop
      vertex 3.18683 3.18683 1.2
      vertex 0.680969 1.09682 1.2
      vertex 0.878677 0.878677 1.2
    endloop
  endfacet
  facet normal 0 0 1
    outer loop
      vertex 2.93754 62.4401 1.2
      vertex 0 63 1.2
      vertex 2.89952 62.3338 1.2
    endloop
  endfacet
  facet normal 0 0 1
    outer loop
      vertex 3.11104 3.27045 1.2
      vertex 0.505585 1.33328 1.2
      vertex 0.680969 1.09682 1.2
    endloop
  endfacet
  facet normal 0 0 1
    outer loop
      vertex 2.89952 62.3338 1.2
      vertex 0 63 1.2
      vertex 2.8721 62.2244 1.2
    endloop
  endfacet
  facet normal 0 0 1
    outer loop
      vertex 3.11104 3.27045 1.2
      vertex 0.354233 1.58582 1.2
      vertex 0.505585 1.33328 1.2
    endloop
  endfacet
  facet normal 0 0 1
    outer loop
      vertex 2.8721 62.2244 1.2
      vertex 0 63 1.2
      vertex 2.85554 62.1127 1.2
    endloop
  endfacet
  facet normal 0 0 1
    outer loop
      vertex 3.04381 3.36109 1.2
      vertex 0.228363 1.85194 1.2
      vertex 0.354233 1.58582 1.2
    endloop
  endfacet
  facet normal 0 0 1
    outer loop
      vertex 2.85554 62.1127 1.2
      vertex 0 63 1.2
      vertex 2.85 62 1.2
    endloop
  endfacet
  facet normal 0 0 1
    outer loop
      vertex 3.04381 3.36109 1.2
      vertex 0.129181 2.12915 1.2
      vertex 0.228363 1.85194 1.2
    endloop
  endfacet
  facet normal 0 0 1
    outer loop
      vertex 2.98579 3.45789 1.2
      vertex 0.0576477 2.41473 1.2
      vertex 0.129181 2.12915 1.2
    endloop
  endfacet
  facet normal 0 0 1
    outer loop
      vertex 2.98579 3.45789 1.2
      vertex 0.0144501 2.70595 1.2
      vertex 0.0576477 2.41473 1.2
    endloop
  endfacet
  facet normal -0.242978 -0.970032 0
    outer loop
      vertex 2.12915 0.129181 0
      vertex 2.41473 0.0576477 1.2
      vertex 2.12915 0.129181 1.2
    endloop
  endfacet
  facet normal -0.242978 -0.970032 -0
    outer loop
      vertex 2.41473 0.0576477 1.2
      vertex 2.12915 0.129181 0
      vertex 2.41473 0.0576477 0
    endloop
  endfacet
  facet normal 0.740467 -0.672093 0
    outer loop
      vertex 101.121 0.878677 1.2
      vertex 101.319 1.09682 0
      vertex 101.319 1.09682 1.2
    endloop
  endfacet
  facet normal 0.740467 -0.672093 0
    outer loop
      vertex 101.319 1.09682 0
      vertex 101.121 0.878677 1.2
      vertex 101.121 0.878677 0
    endloop
  endfacet
  facet normal 0.513498 0.858091 -0
    outer loop
      vertex 100.667 65.4944 0
      vertex 100.414 65.6458 1.2
      vertex 100.667 65.4944 1.2
    endloop
  endfacet
  facet normal 0.513498 0.858091 0
    outer loop
      vertex 100.414 65.6458 1.2
      vertex 100.667 65.4944 0
      vertex 100.414 65.6458 0
    endloop
  endfacet
  facet normal 0.0490741 -0.998795 0
    outer loop
      vertex 99 0 0
      vertex 99.2941 0.0144501 1.2
      vertex 99 0 1.2
    endloop
  endfacet
  facet normal 0.0490741 -0.998795 0
    outer loop
      vertex 99.2941 0.0144501 1.2
      vertex 99 0 0
      vertex 99.2941 0.0144501 0
    endloop
  endfacet
  facet normal 0 -1 0
    outer loop
      vertex 3 0 0
      vertex 99 0 1.2
      vertex 3 0 1.2
    endloop
  endfacet
  facet normal 0 -1 -0
    outer loop
      vertex 99 0 1.2
      vertex 3 0 0
      vertex 99 0 0
    endloop
  endfacet
  facet normal -0.998795 -0.0490824 0
    outer loop
      vertex 0.0144501 2.70595 0
      vertex 0 3 1.2
      vertex 0 3 0
    endloop
  endfacet
  facet normal -0.998795 -0.0490824 0
    outer loop
      vertex 0 3 1.2
      vertex 0.0144501 2.70595 0
      vertex 0.0144501 2.70595 1.2
    endloop
  endfacet
  facet normal -1 0 0
    outer loop
      vertex 0 3 0
      vertex 0 63 1.2
      vertex 0 63 0
    endloop
  endfacet
  facet normal -1 -0 0
    outer loop
      vertex 0 63 1.2
      vertex 0 3 0
      vertex 0 3 1.2
    endloop
  endfacet
  facet normal -0.336874 -0.94155 0
    outer loop
      vertex 1.85194 0.228363 0
      vertex 2.12915 0.129181 1.2
      vertex 1.85194 0.228363 1.2
    endloop
  endfacet
  facet normal -0.336874 -0.94155 -0
    outer loop
      vertex 2.12915 0.129181 1.2
      vertex 1.85194 0.228363 0
      vertex 2.12915 0.129181 0
    endloop
  endfacet
  facet normal -0.146728 -0.989177 0
    outer loop
      vertex 2.41473 0.0576477 0
      vertex 2.70595 0.0144501 1.2
      vertex 2.41473 0.0576477 1.2
    endloop
  endfacet
  facet normal -0.146728 -0.989177 -0
    outer loop
      vertex 2.70595 0.0144501 1.2
      vertex 2.41473 0.0576477 0
      vertex 2.70595 0.0144501 0
    endloop
  endfacet
  facet normal 0.243255 0.969962 -0
    outer loop
      vertex 99.8708 65.8708 0
      vertex 99.5853 65.9424 1.2
      vertex 99.8708 65.8708 1.2
    endloop
  endfacet
  facet normal 0.243255 0.969962 0
    outer loop
      vertex 99.5853 65.9424 1.2
      vertex 99.8708 65.8708 0
      vertex 99.5853 65.9424 0
    endloop
  endfacet
  facet normal 0.336939 0.941527 -0
    outer loop
      vertex 100.148 65.7716 0
      vertex 99.8708 65.8708 1.2
      vertex 100.148 65.7716 1.2
    endloop
  endfacet
  facet normal 0.336939 0.941527 0
    outer loop
      vertex 99.8708 65.8708 1.2
      vertex 100.148 65.7716 0
      vertex 99.8708 65.8708 0
    endloop
  endfacet
  facet normal -0.970016 0.243042 0
    outer loop
      vertex 0.0576477 63.5853 0
      vertex 0.129181 63.8708 1.2
      vertex 0.129181 63.8708 0
    endloop
  endfacet
  facet normal -0.970016 0.243042 0
    outer loop
      vertex 0.129181 63.8708 1.2
      vertex 0.0576477 63.5853 0
      vertex 0.0576477 63.5853 1.2
    endloop
  endfacet
  facet normal 0.146738 -0.989175 0
    outer loop
      vertex 99.2941 0.0144501 0
      vertex 99.5853 0.0576477 1.2
      vertex 99.2941 0.0144501 1.2
    endloop
  endfacet
  facet normal 0.146738 -0.989175 0
    outer loop
      vertex 99.5853 0.0576477 1.2
      vertex 99.2941 0.0144501 0
      vertex 99.5853 0.0576477 0
    endloop
  endfacet
  facet normal -0.803186 -0.595728 0
    outer loop
      vertex 0.680969 1.09682 0
      vertex 0.505585 1.33328 1.2
      vertex 0.505585 1.33328 0
    endloop
  endfacet
  facet normal -0.803186 -0.595728 0
    outer loop
      vertex 0.505585 1.33328 1.2
      vertex 0.680969 1.09682 0
      vertex 0.680969 1.09682 1.2
    endloop
  endfacet
  facet normal -0.514066 -0.857751 0
    outer loop
      vertex 1.33328 0.505585 0
      vertex 1.58582 0.354233 1.2
      vertex 1.33328 0.505585 1.2
    endloop
  endfacet
  facet normal -0.514066 -0.857751 -0
    outer loop
      vertex 1.58582 0.354233 1.2
      vertex 1.33328 0.505585 0
      vertex 1.58582 0.354233 0
    endloop
  endfacet
  facet normal -0.427374 0.904075 0
    outer loop
      vertex 1.85194 65.7716 0
      vertex 1.58582 65.6458 1.2
      vertex 1.85194 65.7716 1.2
    endloop
  endfacet
  facet normal -0.427374 0.904075 0
    outer loop
      vertex 1.58582 65.6458 1.2
      vertex 1.85194 65.7716 0
      vertex 1.58582 65.6458 0
    endloop
  endfacet
  facet normal -0.336928 0.94153 0
    outer loop
      vertex 2.12915 65.8708 0
      vertex 1.85194 65.7716 1.2
      vertex 2.12915 65.8708 1.2
    endloop
  endfacet
  facet normal -0.336928 0.94153 0
    outer loop
      vertex 1.85194 65.7716 1.2
      vertex 2.12915 65.8708 0
      vertex 1.85194 65.7716 0
    endloop
  endfacet
  facet normal 0.970458 -0.241272 0
    outer loop
      vertex 101.871 2.12915 1.2
      vertex 101.942 2.41473 0
      vertex 101.942 2.41473 1.2
    endloop
  endfacet
  facet normal 0.970458 -0.241272 0
    outer loop
      vertex 101.942 2.41473 0
      vertex 101.871 2.12915 1.2
      vertex 101.871 2.12915 0
    endloop
  endfacet
  facet normal 0.146413 0.989224 -0
    outer loop
      vertex 99.5853 65.9424 0
      vertex 99.2941 65.9855 1.2
      vertex 99.5853 65.9424 1.2
    endloop
  endfacet
  facet normal 0.146413 0.989224 0
    outer loop
      vertex 99.2941 65.9855 1.2
      vertex 99.5853 65.9424 0
      vertex 99.2941 65.9855 0
    endloop
  endfacet
  facet normal 0.427531 0.904001 -0
    outer loop
      vertex 100.414 65.6458 0
      vertex 100.148 65.7716 1.2
      vertex 100.414 65.6458 1.2
    endloop
  endfacet
  facet normal 0.427531 0.904001 0
    outer loop
      vertex 100.148 65.7716 1.2
      vertex 100.414 65.6458 0
      vertex 100.148 65.7716 0
    endloop
  endfacet
  facet normal -0.671534 0.740974 0
    outer loop
      vertex 1.09682 65.319 0
      vertex 0.878677 65.1213 1.2
      vertex 1.09682 65.319 1.2
    endloop
  endfacet
  facet normal -0.671534 0.740974 0
    outer loop
      vertex 0.878677 65.1213 1.2
      vertex 1.09682 65.319 0
      vertex 0.878677 65.1213 0
    endloop
  endfacet
  facet normal -0.857715 0.514126 0
    outer loop
      vertex 0.354233 64.4142 0
      vertex 0.505585 64.6667 1.2
      vertex 0.505585 64.6667 0
    endloop
  endfacet
  facet normal -0.857715 0.514126 0
    outer loop
      vertex 0.505585 64.6667 1.2
      vertex 0.354233 64.4142 0
      vertex 0.354233 64.4142 1.2
    endloop
  endfacet
  facet normal -0.989175 0.146738 0
    outer loop
      vertex 0.0144501 63.2941 0
      vertex 0.0576477 63.5853 1.2
      vertex 0.0576477 63.5853 0
    endloop
  endfacet
  facet normal -0.989175 0.146738 0
    outer loop
      vertex 0.0576477 63.5853 1.2
      vertex 0.0144501 63.2941 0
      vertex 0.0144501 63.2941 1.2
    endloop
  endfacet
  facet normal -0.998795 0.0490741 0
    outer loop
      vertex 0 63 0
      vertex 0.0144501 63.2941 1.2
      vertex 0.0144501 63.2941 0
    endloop
  endfacet
  facet normal -0.998795 0.0490741 0
    outer loop
      vertex 0.0144501 63.2941 1.2
      vertex 0 63 0
      vertex 0 63 1.2
    endloop
  endfacet
  facet normal -0.94155 -0.336874 0
    outer loop
      vertex 0.228363 1.85194 0
      vertex 0.129181 2.12915 1.2
      vertex 0.129181 2.12915 0
    endloop
  endfacet
  facet normal -0.94155 -0.336874 0
    outer loop
      vertex 0.129181 2.12915 1.2
      vertex 0.228363 1.85194 0
      vertex 0.228363 1.85194 1.2
    endloop
  endfacet
  facet normal -0.595728 -0.803186 0
    outer loop
      vertex 1.09682 0.680969 0
      vertex 1.33328 0.505585 1.2
      vertex 1.09682 0.680969 1.2
    endloop
  endfacet
  facet normal -0.595728 -0.803186 -0
    outer loop
      vertex 1.33328 0.505585 1.2
      vertex 1.09682 0.680969 0
      vertex 1.33328 0.505585 0
    endloop
  endfacet
  facet normal -0.903983 -0.427568 0
    outer loop
      vertex 0.354233 1.58582 0
      vertex 0.228363 1.85194 1.2
      vertex 0.228363 1.85194 0
    endloop
  endfacet
  facet normal -0.903983 -0.427568 0
    outer loop
      vertex 0.228363 1.85194 1.2
      vertex 0.354233 1.58582 0
      vertex 0.354233 1.58582 1.2
    endloop
  endfacet
  facet normal -0.427568 -0.903983 0
    outer loop
      vertex 1.58582 0.354233 0
      vertex 1.85194 0.228363 1.2
      vertex 1.58582 0.354233 1.2
    endloop
  endfacet
  facet normal -0.427568 -0.903983 -0
    outer loop
      vertex 1.85194 0.228363 1.2
      vertex 1.58582 0.354233 0
      vertex 1.85194 0.228363 0
    endloop
  endfacet
  facet normal -0.0490824 -0.998795 0
    outer loop
      vertex 2.70595 0.0144501 0
      vertex 3 0 1.2
      vertex 2.70595 0.0144501 1.2
    endloop
  endfacet
  facet normal -0.0490824 -0.998795 -0
    outer loop
      vertex 3 0 1.2
      vertex 2.70595 0.0144501 0
      vertex 3 0 0
    endloop
  endfacet
  facet normal -0.243191 0.969978 0
    outer loop
      vertex 2.41473 65.9424 0
      vertex 2.12915 65.8708 1.2
      vertex 2.41473 65.9424 1.2
    endloop
  endfacet
  facet normal -0.243191 0.969978 0
    outer loop
      vertex 2.12915 65.8708 1.2
      vertex 2.41473 65.9424 0
      vertex 2.12915 65.8708 0
    endloop
  endfacet
  facet normal 0.903813 -0.427929 0
    outer loop
      vertex 101.646 1.58582 1.2
      vertex 101.772 1.85194 0
      vertex 101.772 1.85194 1.2
    endloop
  endfacet
  facet normal 0.903813 -0.427929 0
    outer loop
      vertex 101.772 1.85194 0
      vertex 101.646 1.58582 1.2
      vertex 101.646 1.58582 0
    endloop
  endfacet
  facet normal 1 -0 0
    outer loop
      vertex 102 3 1.2
      vertex 102 63 0
      vertex 102 63 1.2
    endloop
  endfacet
  facet normal 1 0 0
    outer loop
      vertex 102 63 0
      vertex 102 3 1.2
      vertex 102 3 0
    endloop
  endfacet
  facet normal 0.9038 0.427955 0
    outer loop
      vertex 101.772 64.1481 1.2
      vertex 101.646 64.4142 0
      vertex 101.646 64.4142 1.2
    endloop
  endfacet
  facet normal 0.9038 0.427955 0
    outer loop
      vertex 101.646 64.4142 0
      vertex 101.772 64.1481 1.2
      vertex 101.772 64.1481 0
    endloop
  endfacet
  facet normal 0.740401 0.672166 0
    outer loop
      vertex 101.319 64.9032 1.2
      vertex 101.121 65.1213 0
      vertex 101.121 65.1213 1.2
    endloop
  endfacet
  facet normal 0.740401 0.672166 0
    outer loop
      vertex 101.121 65.1213 0
      vertex 101.319 64.9032 1.2
      vertex 101.319 64.9032 0
    endloop
  endfacet
  facet normal -0.740894 0.671622 0
    outer loop
      vertex 0.680969 64.9032 0
      vertex 0.878677 65.1213 1.2
      vertex 0.878677 65.1213 0
    endloop
  endfacet
  facet normal -0.740894 0.671622 0
    outer loop
      vertex 0.878677 65.1213 1.2
      vertex 0.680969 64.9032 0
      vertex 0.680969 64.9032 1.2
    endloop
  endfacet
  facet normal -0.595764 0.80316 0
    outer loop
      vertex 1.33328 65.4944 0
      vertex 1.09682 65.319 1.2
      vertex 1.33328 65.4944 1.2
    endloop
  endfacet
  facet normal -0.595764 0.80316 0
    outer loop
      vertex 1.09682 65.319 1.2
      vertex 1.33328 65.4944 0
      vertex 1.09682 65.319 0
    endloop
  endfacet
  facet normal -0.941584 0.336777 0
    outer loop
      vertex 0.129181 63.8708 0
      vertex 0.228363 64.1481 1.2
      vertex 0.228363 64.1481 0
    endloop
  endfacet
  facet normal -0.941584 0.336777 0
    outer loop
      vertex 0.228363 64.1481 1.2
      vertex 0.129181 63.8708 0
      vertex 0.129181 63.8708 1.2
    endloop
  endfacet
  facet normal -0.671549 -0.74096 0
    outer loop
      vertex 0.878677 0.878677 0
      vertex 1.09682 0.680969 1.2
      vertex 0.878677 0.878677 1.2
    endloop
  endfacet
  facet normal -0.671549 -0.74096 -0
    outer loop
      vertex 1.09682 0.680969 1.2
      vertex 0.878677 0.878677 0
      vertex 1.09682 0.680969 0
    endloop
  endfacet
  facet normal -0.74096 -0.671549 0
    outer loop
      vertex 0.878677 0.878677 0
      vertex 0.680969 1.09682 1.2
      vertex 0.680969 1.09682 0
    endloop
  endfacet
  facet normal -0.74096 -0.671549 0
    outer loop
      vertex 0.680969 1.09682 1.2
      vertex 0.878677 0.878677 0
      vertex 0.878677 0.878677 1.2
    endloop
  endfacet
  facet normal -0.970032 -0.242978 0
    outer loop
      vertex 0.129181 2.12915 0
      vertex 0.0576477 2.41473 1.2
      vertex 0.0576477 2.41473 0
    endloop
  endfacet
  facet normal -0.970032 -0.242978 0
    outer loop
      vertex 0.0576477 2.41473 1.2
      vertex 0.129181 2.12915 0
      vertex 0.129181 2.12915 1.2
    endloop
  endfacet
  facet normal -0.146403 0.989225 0
    outer loop
      vertex 2.70595 65.9855 0
      vertex 2.41473 65.9424 1.2
      vertex 2.70595 65.9855 1.2
    endloop
  endfacet
  facet normal -0.146403 0.989225 0
    outer loop
      vertex 2.41473 65.9424 1.2
      vertex 2.70595 65.9855 0
      vertex 2.41473 65.9424 0
    endloop
  endfacet
  facet normal -0.0492515 0.998786 0
    outer loop
      vertex 3 66 0
      vertex 2.70595 65.9855 1.2
      vertex 3 66 1.2
    endloop
  endfacet
  facet normal -0.0492515 0.998786 0
    outer loop
      vertex 2.70595 65.9855 1.2
      vertex 3 66 0
      vertex 2.70595 65.9855 0
    endloop
  endfacet
  facet normal 0.671791 -0.740741 0
    outer loop
      vertex 100.903 0.680969 0
      vertex 101.121 0.878677 1.2
      vertex 100.903 0.680969 1.2
    endloop
  endfacet
  facet normal 0.671791 -0.740741 0
    outer loop
      vertex 101.121 0.878677 1.2
      vertex 100.903 0.680969 0
      vertex 101.121 0.878677 0
    endloop
  endfacet
  facet normal 0.85678 -0.515683 0
    outer loop
      vertex 101.494 1.33328 1.2
      vertex 101.646 1.58582 0
      vertex 101.646 1.58582 1.2
    endloop
  endfacet
  facet normal 0.85678 -0.515683 0
    outer loop
      vertex 101.646 1.58582 0
      vertex 101.494 1.33328 1.2
      vertex 101.494 1.33328 0
    endloop
  endfacet
  facet normal 0.80381 -0.594886 0
    outer loop
      vertex 101.319 1.09682 1.2
      vertex 101.494 1.33328 0
      vertex 101.494 1.33328 1.2
    endloop
  endfacet
  facet normal 0.80381 -0.594886 0
    outer loop
      vertex 101.494 1.33328 0
      vertex 101.319 1.09682 1.2
      vertex 101.319 1.09682 0
    endloop
  endfacet
  facet normal 0.941746 -0.336326 0
    outer loop
      vertex 101.772 1.85194 1.2
      vertex 101.871 2.12915 0
      vertex 101.871 2.12915 1.2
    endloop
  endfacet
  facet normal 0.941746 -0.336326 0
    outer loop
      vertex 101.871 2.12915 0
      vertex 101.772 1.85194 1.2
      vertex 101.772 1.85194 0
    endloop
  endfacet
  facet normal 0.988778 -0.149393 0
    outer loop
      vertex 101.942 2.41473 1.2
      vertex 101.986 2.70595 0
      vertex 101.986 2.70595 1.2
    endloop
  endfacet
  facet normal 0.988778 -0.149393 0
    outer loop
      vertex 101.986 2.70595 0
      vertex 101.942 2.41473 1.2
      vertex 101.942 2.41473 0
    endloop
  endfacet
  facet normal 0.988776 0.149403 0
    outer loop
      vertex 101.986 63.2941 1.2
      vertex 101.942 63.5853 0
      vertex 101.942 63.5853 1.2
    endloop
  endfacet
  facet normal 0.988776 0.149403 0
    outer loop
      vertex 101.942 63.5853 0
      vertex 101.986 63.2941 1.2
      vertex 101.986 63.2941 0
    endloop
  endfacet
  facet normal 0.970442 0.241336 0
    outer loop
      vertex 101.942 63.5853 1.2
      vertex 101.871 63.8708 0
      vertex 101.871 63.8708 1.2
    endloop
  endfacet
  facet normal 0.970442 0.241336 0
    outer loop
      vertex 101.871 63.8708 0
      vertex 101.942 63.5853 1.2
      vertex 101.942 63.5853 0
    endloop
  endfacet
  facet normal 0.856744 0.515743 0
    outer loop
      vertex 101.646 64.4142 1.2
      vertex 101.494 64.6667 0
      vertex 101.494 64.6667 1.2
    endloop
  endfacet
  facet normal 0.856744 0.515743 0
    outer loop
      vertex 101.494 64.6667 0
      vertex 101.646 64.4142 1.2
      vertex 101.646 64.4142 0
    endloop
  endfacet
  facet normal 0.803858 0.594821 0
    outer loop
      vertex 101.494 64.6667 1.2
      vertex 101.319 64.9032 0
      vertex 101.319 64.9032 1.2
    endloop
  endfacet
  facet normal 0.803858 0.594821 0
    outer loop
      vertex 101.319 64.9032 0
      vertex 101.494 64.6667 1.2
      vertex 101.494 64.6667 0
    endloop
  endfacet
  facet normal -0.803234 0.595663 0
    outer loop
      vertex 0.505585 64.6667 0
      vertex 0.680969 64.9032 1.2
      vertex 0.680969 64.9032 0
    endloop
  endfacet
  facet normal -0.803234 0.595663 0
    outer loop
      vertex 0.680969 64.9032 1.2
      vertex 0.505585 64.6667 0
      vertex 0.505585 64.6667 1.2
    endloop
  endfacet
  facet normal -0.903971 0.427594 0
    outer loop
      vertex 0.228363 64.1481 0
      vertex 0.354233 64.4142 1.2
      vertex 0.354233 64.4142 0
    endloop
  endfacet
  facet normal -0.903971 0.427594 0
    outer loop
      vertex 0.354233 64.4142 1.2
      vertex 0.228363 64.1481 0
      vertex 0.228363 64.1481 1.2
    endloop
  endfacet
  facet normal -0.857751 -0.514066 0
    outer loop
      vertex 0.505585 1.33328 0
      vertex 0.354233 1.58582 1.2
      vertex 0.354233 1.58582 0
    endloop
  endfacet
  facet normal -0.857751 -0.514066 0
    outer loop
      vertex 0.354233 1.58582 1.2
      vertex 0.505585 1.33328 0
      vertex 0.505585 1.33328 1.2
    endloop
  endfacet
  facet normal 0 0 -1
    outer loop
      vertex 5.06246 4.44009 0
      vertex 8.05 8.05 0
      vertex 5.10048 4.33383 0
    endloop
  endfacet
  facet normal 0 0 -1
    outer loop
      vertex 5.20001 52.3 0
      vertex 5.14446 61.8873 0
      vertex 5.15 62 0
    endloop
  endfacet
  facet normal 0 0 -1
    outer loop
      vertex 5.01421 4.54211 0
      vertex 8.05 8.05 0
      vertex 5.06246 4.44009 0
    endloop
  endfacet
  facet normal 0 0 -1
    outer loop
      vertex 5.20001 52.3 0
      vertex 5.1279 61.7756 0
      vertex 5.14446 61.8873 0
    endloop
  endfacet
  facet normal 0 0 -1
    outer loop
      vertex 4.95619 4.63891 0
      vertex 8.05 8.05 0
      vertex 5.01421 4.54211 0
    endloop
  endfacet
  facet normal 0 0 -1
    outer loop
      vertex 5.20001 52.3 0
      vertex 5.10048 61.6662 0
      vertex 5.1279 61.7756 0
    endloop
  endfacet
  facet normal 0 0 -1
    outer loop
      vertex 4.88896 4.72955 0
      vertex 8.05 8.05 0
      vertex 4.95619 4.63891 0
    endloop
  endfacet
  facet normal 0 0 -1
    outer loop
      vertex 5.20001 52.3 0
      vertex 5.06246 61.5599 0
      vertex 5.10048 61.6662 0
    endloop
  endfacet
  facet normal 0 0 -1
    outer loop
      vertex 4.81317 4.81317 0
      vertex 8.05 8.05 0
      vertex 4.88896 4.72955 0
    endloop
  endfacet
  facet normal 0 0 -1
    outer loop
      vertex 5.20001 52.3 0
      vertex 5.01421 61.4579 0
      vertex 5.06246 61.5599 0
    endloop
  endfacet
  facet normal 0 0 -1
    outer loop
      vertex 4.72955 4.88896 0
      vertex 8.05 8.05 0
      vertex 4.81317 4.81317 0
    endloop
  endfacet
  facet normal 0 0 -1
    outer loop
      vertex 5.20001 52.3 0
      vertex 4.95619 61.3611 0
      vertex 5.01421 61.4579 0
    endloop
  endfacet
  facet normal 0 0 -1
    outer loop
      vertex 4.63891 4.95619 0
      vertex 8.05 8.05 0
      vertex 4.72955 4.88896 0
    endloop
  endfacet
  facet normal 0 0 -1
    outer loop
      vertex 5.20001 52.3 0
      vertex 4.88896 61.2704 0
      vertex 4.95619 61.3611 0
    endloop
  endfacet
  facet normal 0 0 -1
    outer loop
      vertex 4.54211 5.01421 0
      vertex 8.05 8.05 0
      vertex 4.63891 4.95619 0
    endloop
  endfacet
  facet normal 0 0 -1
    outer loop
      vertex 5.20001 52.3 0
      vertex 4.81317 61.1868 0
      vertex 4.88896 61.2704 0
    endloop
  endfacet
  facet normal 0 0 -1
    outer loop
      vertex 4.44009 5.06246 0
      vertex 8.05 8.05 0
      vertex 4.54211 5.01421 0
    endloop
  endfacet
  facet normal 0 0 -1
    outer loop
      vertex 5.20001 52.3 0
      vertex 4.72955 61.111 0
      vertex 4.81317 61.1868 0
    endloop
  endfacet
  facet normal 0 0 -1
    outer loop
      vertex 4.33383 5.10048 0
      vertex 8.05 8.05 0
      vertex 4.44009 5.06246 0
    endloop
  endfacet
  facet normal 0 0 -1
    outer loop
      vertex 5.20001 52.3 0
      vertex 4.63891 61.0438 0
      vertex 4.72955 61.111 0
    endloop
  endfacet
  facet normal 0 0 -1
    outer loop
      vertex 4.22435 5.1279 0
      vertex 8.05 8.05 0
      vertex 4.33383 5.10048 0
    endloop
  endfacet
  facet normal 0 0 -1
    outer loop
      vertex 5.20001 52.3 0
      vertex 4.54211 60.9858 0
      vertex 4.63891 61.0438 0
    endloop
  endfacet
  facet normal 0 0 -1
    outer loop
      vertex 4.11272 5.14446 0
      vertex 8.05 8.05 0
      vertex 4.22435 5.1279 0
    endloop
  endfacet
  facet normal 0 0 -1
    outer loop
      vertex 5.20001 52.3 0
      vertex 4.44009 60.9375 0
      vertex 4.54211 60.9858 0
    endloop
  endfacet
  facet normal 0 0 -1
    outer loop
      vertex 4 5.15 0
      vertex 8.05 8.05 0
      vertex 4.11272 5.14446 0
    endloop
  endfacet
  facet normal 0 0 -1
    outer loop
      vertex 5.20001 52.3 0
      vertex 4.33383 60.8995 0
      vertex 4.44009 60.9375 0
    endloop
  endfacet
  facet normal -0 0 -1
    outer loop
      vertex 8.05 8.05 0
      vertex 4 5.15 0
      vertex 5.20001 13.7 0
    endloop
  endfacet
  facet normal 0 0 -1
    outer loop
      vertex 5.20001 52.3 0
      vertex 4.22435 60.8721 0
      vertex 4.33383 60.8995 0
    endloop
  endfacet
  facet normal 0 0 -1
    outer loop
      vertex 3.88728 5.14446 0
      vertex 5.20001 13.7 0
      vertex 4 5.15 0
    endloop
  endfacet
  facet normal 0 0 -1
    outer loop
      vertex 5.20001 52.3 0
      vertex 4.11272 60.8555 0
      vertex 4.22435 60.8721 0
    endloop
  endfacet
  facet normal 0 0 -1
    outer loop
      vertex 3.77565 5.1279 0
      vertex 5.20001 13.7 0
      vertex 3.88728 5.14446 0
    endloop
  endfacet
  facet normal 0 0 -1
    outer loop
      vertex 5.20001 52.3 0
      vertex 4 60.85 0
      vertex 4.11272 60.8555 0
    endloop
  endfacet
  facet normal 0 0 -1
    outer loop
      vertex 3.66617 5.10048 0
      vertex 5.20001 13.7 0
      vertex 3.77565 5.1279 0
    endloop
  endfacet
  facet normal 0 0 -1
    outer loop
      vertex 5.20001 52.3 0
      vertex 3.88728 60.8555 0
      vertex 4 60.85 0
    endloop
  endfacet
  facet normal 0 0 -1
    outer loop
      vertex 3.55991 5.06246 0
      vertex 5.20001 13.7 0
      vertex 3.66617 5.10048 0
    endloop
  endfacet
  facet normal 0 0 -1
    outer loop
      vertex 5.20001 52.3 0
      vertex 3.77565 60.8721 0
      vertex 3.88728 60.8555 0
    endloop
  endfacet
  facet normal 0 0 -1
    outer loop
      vertex 3.45789 5.01421 0
      vertex 5.20001 13.7 0
      vertex 3.55991 5.06246 0
    endloop
  endfacet
  facet normal 0 0 -1
    outer loop
      vertex 5.20001 52.3 0
      vertex 3.66617 60.8995 0
      vertex 3.77565 60.8721 0
    endloop
  endfacet
  facet normal 0 0 -1
    outer loop
      vertex 3.36109 4.95619 0
      vertex 5.20001 13.7 0
      vertex 3.45789 5.01421 0
    endloop
  endfacet
  facet normal 0 0 -1
    outer loop
      vertex 5.20001 52.3 0
      vertex 3.55991 60.9375 0
      vertex 3.66617 60.8995 0
    endloop
  endfacet
  facet normal 0 0 -1
    outer loop
      vertex 3.27045 4.88896 0
      vertex 5.20001 13.7 0
      vertex 3.36109 4.95619 0
    endloop
  endfacet
  facet normal 0 0 -1
    outer loop
      vertex 5.20001 52.3 0
      vertex 3.45789 60.9858 0
      vertex 3.55991 60.9375 0
    endloop
  endfacet
  facet normal -0 0 -1
    outer loop
      vertex 5.20001 13.7 0
      vertex 0 3 0
      vertex 5.20001 52.3 0
    endloop
  endfacet
  facet normal 0 0 -1
    outer loop
      vertex 5.20001 52.3 0
      vertex 3.36109 61.0438 0
      vertex 3.45789 60.9858 0
    endloop
  endfacet
  facet normal 0 0 -1
    outer loop
      vertex 3.18683 4.81317 0
      vertex 5.20001 13.7 0
      vertex 3.27045 4.88896 0
    endloop
  endfacet
  facet normal 0 0 -1
    outer loop
      vertex 0 63 0
      vertex 5.20001 52.3 0
      vertex 0 3 0
    endloop
  endfacet
  facet normal 0 0 -1
    outer loop
      vertex 5.20001 13.7 0
      vertex 3.18683 4.81317 0
      vertex 0 3 0
    endloop
  endfacet
  facet normal -0 -0 -1
    outer loop
      vertex 3.18683 61.1868 0
      vertex 5.20001 52.3 0
      vertex 0 63 0
    endloop
  endfacet
  facet normal 0 0 -1
    outer loop
      vertex 0 3 0
      vertex 3.18683 4.81317 0
      vertex 3.11104 4.72955 0
    endloop
  endfacet
  facet normal 0 0 -1
    outer loop
      vertex 5.20001 52.3 0
      vertex 3.27045 61.111 0
      vertex 3.36109 61.0438 0
    endloop
  endfacet
  facet normal 0 0 -1
    outer loop
      vertex 0 3 0
      vertex 3.11104 4.72955 0
      vertex 3.04381 4.63891 0
    endloop
  endfacet
  facet normal 0 0 -1
    outer loop
      vertex 5.20001 52.3 0
      vertex 3.18683 61.1868 0
      vertex 3.27045 61.111 0
    endloop
  endfacet
  facet normal 0 0 -1
    outer loop
      vertex 0 3 0
      vertex 3.04381 4.63891 0
      vertex 2.98579 4.54211 0
    endloop
  endfacet
  facet normal 0 0 -1
    outer loop
      vertex 3.18683 61.1868 0
      vertex 0 63 0
      vertex 3.11104 61.2704 0
    endloop
  endfacet
  facet normal 0 0 -1
    outer loop
      vertex 0 3 0
      vertex 2.98579 4.54211 0
      vertex 2.93754 4.44009 0
    endloop
  endfacet
  facet normal 0 0 -1
    outer loop
      vertex 3.11104 61.2704 0
      vertex 0 63 0
      vertex 3.04381 61.3611 0
    endloop
  endfacet
  facet normal 0 0 -1
    outer loop
      vertex 0 3 0
      vertex 2.93754 4.44009 0
      vertex 2.89952 4.33383 0
    endloop
  endfacet
  facet normal 0 0 -1
    outer loop
      vertex 3.04381 61.3611 0
      vertex 0 63 0
      vertex 2.98579 61.4579 0
    endloop
  endfacet
  facet normal 0 0 -1
    outer loop
      vertex 0 3 0
      vertex 2.89952 4.33383 0
      vertex 2.8721 4.22435 0
    endloop
  endfacet
  facet normal 0 0 -1
    outer loop
      vertex 2.98579 61.4579 0
      vertex 0 63 0
      vertex 2.93754 61.5599 0
    endloop
  endfacet
  facet normal 0 0 -1
    outer loop
      vertex 0 3 0
      vertex 2.8721 4.22435 0
      vertex 2.85554 4.11272 0
    endloop
  endfacet
  facet normal 0 0 -1
    outer loop
      vertex 2.93754 61.5599 0
      vertex 0 63 0
      vertex 2.89952 61.6662 0
    endloop
  endfacet
  facet normal 0 0 -1
    outer loop
      vertex 0 3 0
      vertex 2.85554 4.11272 0
      vertex 2.85 4 0
    endloop
  endfacet
  facet normal 0 0 -1
    outer loop
      vertex 2.89952 61.6662 0
      vertex 0 63 0
      vertex 2.8721 61.7756 0
    endloop
  endfacet
  facet normal 0 0 -1
    outer loop
      vertex 8.05 52.3 0
      vertex 5.20001 52.3 0
      vertex 8.05 57.95 0
    endloop
  endfacet
  facet normal 0 0 -1
    outer loop
      vertex 5.20001 34.3 0
      vertex 8.05 39.95 0
      vertex 8.05 34.3 0
    endloop
  endfacet
  facet normal -0 0 -1
    outer loop
      vertex 8.05 39.95 0
      vertex 5.20001 34.3 0
      vertex 8.05 44.05 0
    endloop
  endfacet
  facet normal 0 0 -1
    outer loop
      vertex 5.20001 49.7 0
      vertex 8.05 44.05 0
      vertex 5.20001 34.3 0
    endloop
  endfacet
  facet normal 0 0 -1
    outer loop
      vertex 8.05 44.05 0
      vertex 5.20001 49.7 0
      vertex 8.05 49.7 0
    endloop
  endfacet
  facet normal 0 0 -1
    outer loop
      vertex 5.20001 16.3 0
      vertex 8.05 21.95 0
      vertex 8.05 16.3 0
    endloop
  endfacet
  facet normal -0 0 -1
    outer loop
      vertex 8.05 21.95 0
      vertex 5.20001 16.3 0
      vertex 8.05 26.05 0
    endloop
  endfacet
  facet normal 0 0 -1
    outer loop
      vertex 5.20001 31.7 0
      vertex 8.05 26.05 0
      vertex 5.20001 16.3 0
    endloop
  endfacet
  facet normal 0 0 -1
    outer loop
      vertex 8.05 26.05 0
      vertex 5.20001 31.7 0
      vertex 8.05 31.7 0
    endloop
  endfacet
  facet normal 0 0 -1
    outer loop
      vertex 8.05 39.95 0
      vertex 21.95 44.05 0
      vertex 21.95 39.95 0
    endloop
  endfacet
  facet normal -0 0 -1
    outer loop
      vertex 21.95 44.05 0
      vertex 8.05 39.95 0
      vertex 8.05 44.05 0
    endloop
  endfacet
  facet normal 0 0 -1
    outer loop
      vertex 8.05 21.95 0
      vertex 21.95 26.05 0
      vertex 21.95 21.95 0
    endloop
  endfacet
  facet normal -0 0 -1
    outer loop
      vertex 21.95 26.05 0
      vertex 8.05 21.95 0
      vertex 8.05 26.05 0
    endloop
  endfacet
  facet normal 0 0 -1
    outer loop
      vertex 21.95 39.95 0
      vertex 26.05 39.95 0
      vertex 26.05 34.3 0
    endloop
  endfacet
  facet normal 0 0 -1
    outer loop
      vertex 21.95 39.95 0
      vertex 26.05 34.3 0
      vertex 21.95 34.3 0
    endloop
  endfacet
  facet normal 0 0 -1
    outer loop
      vertex 26.05 39.95 0
      vertex 21.95 39.95 0
      vertex 21.95 44.05 0
    endloop
  endfacet
  facet normal 0 0 -1
    outer loop
      vertex 26.05 39.95 0
      vertex 21.95 44.05 0
      vertex 24.8 49.7 0
    endloop
  endfacet
  facet normal -0 0 -1
    outer loop
      vertex 24.8 49.7 0
      vertex 21.95 44.05 0
      vertex 21.95 49.7 0
    endloop
  endfacet
  facet normal 0 0 -1
    outer loop
      vertex 44.05 34.3 0
      vertex 39.95 34.3 0
      vertex 44.05 39.95 0
    endloop
  endfacet
  facet normal 0 0 -1
    outer loop
      vertex 39.95 21.95 0
      vertex 44.05 21.95 0
      vertex 44.05 16.3 0
    endloop
  endfacet
  facet normal 0 0 -1
    outer loop
      vertex 44.05 21.95 0
      vertex 39.95 21.95 0
      vertex 44.05 26.05 0
    endloop
  endfacet
  facet normal 0 0 -1
    outer loop
      vertex 39.95 21.95 0
      vertex 44.05 16.3 0
      vertex 39.95 16.3 0
    endloop
  endfacet
  facet normal 0 0 -1
    outer loop
      vertex 39.95 26.05 0
      vertex 44.05 26.05 0
      vertex 39.95 21.95 0
    endloop
  endfacet
  facet normal 0 0 -1
    outer loop
      vertex 44.05 26.05 0
      vertex 39.95 26.05 0
      vertex 44.05 31.7 0
    endloop
  endfacet
  facet normal -0 0 -1
    outer loop
      vertex 44.05 31.7 0
      vertex 39.95 26.05 0
      vertex 39.95 31.7 0
    endloop
  endfacet
  facet normal 0 0 -1
    outer loop
      vertex 57.95 39.95 0
      vertex 48.95 44.05 0
      vertex 51.8 49.7 0
    endloop
  endfacet
  facet normal 0 0 -1
    outer loop
      vertex 44.05 39.95 0
      vertex 48.95 44.05 0
      vertex 57.95 39.95 0
    endloop
  endfacet
  facet normal 0 0 -1
    outer loop
      vertex 39.95 39.95 0
      vertex 44.05 39.95 0
      vertex 39.95 34.3 0
    endloop
  endfacet
  facet normal 0 0 -1
    outer loop
      vertex 39.95 39.95 0
      vertex 48.95 44.05 0
      vertex 44.05 39.95 0
    endloop
  endfacet
  facet normal 0 0 -1
    outer loop
      vertex 39.95 39.95 0
      vertex 35.05 44.05 0
      vertex 48.95 44.05 0
    endloop
  endfacet
  facet normal 0 0 -1
    outer loop
      vertex 35.05 44.05 0
      vertex 32.2 49.7 0
      vertex 35.05 49.7 0
    endloop
  endfacet
  facet normal 0 0 -1
    outer loop
      vertex 24.8 49.7 0
      vertex 32.2 49.7 0
      vertex 26.05 39.95 0
    endloop
  endfacet
  facet normal -0 0 -1
    outer loop
      vertex 35.05 44.05 0
      vertex 26.05 39.95 0
      vertex 32.2 49.7 0
    endloop
  endfacet
  facet normal 0 0 -1
    outer loop
      vertex 26.05 39.95 0
      vertex 35.05 44.05 0
      vertex 39.95 39.95 0
    endloop
  endfacet
  facet normal 0 0 -1
    outer loop
      vertex 44.05 21.95 0
      vertex 57.95 26.05 0
      vertex 57.95 21.95 0
    endloop
  endfacet
  facet normal -0 0 -1
    outer loop
      vertex 57.95 26.05 0
      vertex 44.05 21.95 0
      vertex 44.05 26.05 0
    endloop
  endfacet
  facet normal -0 0 -1
    outer loop
      vertex 62.05 13.7 0
      vertex 57.95 8.05 0
      vertex 57.95 13.7 0
    endloop
  endfacet
  facet normal -0 0 -1
    outer loop
      vertex 51.8 49.7 0
      vertex 48.95 44.05 0
      vertex 48.95 49.7 0
    endloop
  endfacet
  facet normal 0 0 -1
    outer loop
      vertex 21.95 21.95 0
      vertex 26.05 21.95 0
      vertex 26.05 16.3 0
    endloop
  endfacet
  facet normal 0 0 -1
    outer loop
      vertex 26.05 21.95 0
      vertex 21.95 21.95 0
      vertex 26.05 26.05 0
    endloop
  endfacet
  facet normal 0 0 -1
    outer loop
      vertex 21.95 21.95 0
      vertex 26.05 16.3 0
      vertex 21.95 16.3 0
    endloop
  endfacet
  facet normal 0 0 -1
    outer loop
      vertex 21.95 26.05 0
      vertex 26.05 26.05 0
      vertex 21.95 21.95 0
    endloop
  endfacet
  facet normal 0 0 -1
    outer loop
      vertex 26.05 26.05 0
      vertex 21.95 26.05 0
      vertex 26.05 31.7 0
    endloop
  endfacet
  facet normal -0 0 -1
    outer loop
      vertex 26.05 31.7 0
      vertex 21.95 26.05 0
      vertex 21.95 31.7 0
    endloop
  endfacet
  facet normal -0 0 -1
    outer loop
      vertex 26.05 13.7 0
      vertex 21.95 8.05 0
      vertex 21.95 13.7 0
    endloop
  endfacet
  facet normal 0 0 -1
    outer loop
      vertex 35.05 52.3 0
      vertex 32.2 52.3 0
      vertex 35.05 57.95 0
    endloop
  endfacet
  facet normal 0 0 -1
    outer loop
      vertex 26.05 21.95 0
      vertex 39.95 26.05 0
      vertex 39.95 21.95 0
    endloop
  endfacet
  facet normal -0 0 -1
    outer loop
      vertex 39.95 26.05 0
      vertex 26.05 21.95 0
      vertex 26.05 26.05 0
    endloop
  endfacet
  facet normal -0 0 -1
    outer loop
      vertex 44.05 13.7 0
      vertex 39.95 8.05 0
      vertex 39.95 13.7 0
    endloop
  endfacet
  facet normal 0 0 -1
    outer loop
      vertex 62.05 52.3 0
      vertex 59.2 52.3 0
      vertex 62.05 57.95 0
    endloop
  endfacet
  facet normal 0 0 -1
    outer loop
      vertex 80.05 52.3 0
      vertex 75.95 52.3 0
      vertex 80.05 57.95 0
    endloop
  endfacet
  facet normal 0 0 -1
    outer loop
      vertex 75.95 39.95 0
      vertex 80.05 39.95 0
      vertex 80.05 34.3 0
    endloop
  endfacet
  facet normal 0 0 -1
    outer loop
      vertex 80.05 39.95 0
      vertex 75.95 39.95 0
      vertex 80.05 44.05 0
    endloop
  endfacet
  facet normal 0 0 -1
    outer loop
      vertex 75.95 39.95 0
      vertex 80.05 34.3 0
      vertex 75.95 34.3 0
    endloop
  endfacet
  facet normal 0 0 -1
    outer loop
      vertex 75.95 44.05 0
      vertex 80.05 44.05 0
      vertex 75.95 39.95 0
    endloop
  endfacet
  facet normal 0 0 -1
    outer loop
      vertex 80.05 44.05 0
      vertex 75.95 44.05 0
      vertex 80.05 49.7 0
    endloop
  endfacet
  facet normal -0 0 -1
    outer loop
      vertex 80.05 49.7 0
      vertex 75.95 44.05 0
      vertex 75.95 49.7 0
    endloop
  endfacet
  facet normal 0 0 -1
    outer loop
      vertex 75.95 21.95 0
      vertex 80.05 21.95 0
      vertex 80.05 16.3 0
    endloop
  endfacet
  facet normal 0 0 -1
    outer loop
      vertex 80.05 21.95 0
      vertex 75.95 21.95 0
      vertex 80.05 26.05 0
    endloop
  endfacet
  facet normal 0 0 -1
    outer loop
      vertex 75.95 21.95 0
      vertex 80.05 16.3 0
      vertex 75.95 16.3 0
    endloop
  endfacet
  facet normal 0 0 -1
    outer loop
      vertex 75.95 26.05 0
      vertex 80.05 26.05 0
      vertex 75.95 21.95 0
    endloop
  endfacet
  facet normal 0 0 -1
    outer loop
      vertex 80.05 26.05 0
      vertex 75.95 26.05 0
      vertex 80.05 31.7 0
    endloop
  endfacet
  facet normal -0 0 -1
    outer loop
      vertex 80.05 31.7 0
      vertex 75.95 26.05 0
      vertex 75.95 31.7 0
    endloop
  endfacet
  facet normal 0 0 -1
    outer loop
      vertex 80.05 39.95 0
      vertex 93.95 44.05 0
      vertex 93.95 39.95 0
    endloop
  endfacet
  facet normal -0 0 -1
    outer loop
      vertex 93.95 44.05 0
      vertex 80.05 39.95 0
      vertex 80.05 44.05 0
    endloop
  endfacet
  facet normal 0 0 -1
    outer loop
      vertex 80.05 21.95 0
      vertex 93.95 26.05 0
      vertex 93.95 21.95 0
    endloop
  endfacet
  facet normal -0 0 -1
    outer loop
      vertex 93.95 26.05 0
      vertex 80.05 21.95 0
      vertex 80.05 26.05 0
    endloop
  endfacet
  facet normal 0 0 -1
    outer loop
      vertex 93.95 39.95 0
      vertex 96.8 34.3 0
      vertex 93.95 34.3 0
    endloop
  endfacet
  facet normal 0 0 -1
    outer loop
      vertex 96.8 34.3 0
      vertex 93.95 39.95 0
      vertex 96.8 49.7 0
    endloop
  endfacet
  facet normal 0 0 -1
    outer loop
      vertex 93.95 44.05 0
      vertex 96.8 49.7 0
      vertex 93.95 39.95 0
    endloop
  endfacet
  facet normal -0 0 -1
    outer loop
      vertex 96.8 49.7 0
      vertex 93.95 44.05 0
      vertex 93.95 49.7 0
    endloop
  endfacet
  facet normal 0 0 -1
    outer loop
      vertex 93.95 21.95 0
      vertex 96.8 16.3 0
      vertex 93.95 16.3 0
    endloop
  endfacet
  facet normal 0 0 -1
    outer loop
      vertex 96.8 16.3 0
      vertex 93.95 21.95 0
      vertex 96.8 31.7 0
    endloop
  endfacet
  facet normal 0 0 -1
    outer loop
      vertex 93.95 26.05 0
      vertex 96.8 31.7 0
      vertex 93.95 21.95 0
    endloop
  endfacet
  facet normal -0 0 -1
    outer loop
      vertex 96.8 31.7 0
      vertex 93.95 26.05 0
      vertex 93.95 31.7 0
    endloop
  endfacet
  facet normal 0 0 -1
    outer loop
      vertex 99.1005 4.33383 0
      vertex 102 3 0
      vertex 99.1279 4.22435 0
    endloop
  endfacet
  facet normal 0 0 -1
    outer loop
      vertex 102 63 0
      vertex 99.1445 61.8873 0
      vertex 99.15 62 0
    endloop
  endfacet
  facet normal 0 0 -1
    outer loop
      vertex 102 3 0
      vertex 96.8 31.7 0
      vertex 102 63 0
    endloop
  endfacet
  facet normal 0 0 -1
    outer loop
      vertex 102 63 0
      vertex 99.1279 61.7756 0
      vertex 99.1445 61.8873 0
    endloop
  endfacet
  facet normal 0 0 -1
    outer loop
      vertex 99.0625 4.44009 0
      vertex 102 3 0
      vertex 99.1005 4.33383 0
    endloop
  endfacet
  facet normal 0 0 -1
    outer loop
      vertex 96.8 34.3 0
      vertex 102 63 0
      vertex 96.8 31.7 0
    endloop
  endfacet
  facet normal 0 0 -1
    outer loop
      vertex 99.0142 4.54211 0
      vertex 102 3 0
      vertex 99.0625 4.44009 0
    endloop
  endfacet
  facet normal 0 0 -1
    outer loop
      vertex 96.8 49.7 0
      vertex 102 63 0
      vertex 96.8 34.3 0
    endloop
  endfacet
  facet normal 0 0 -1
    outer loop
      vertex 98.9562 4.63891 0
      vertex 102 3 0
      vertex 99.0142 4.54211 0
    endloop
  endfacet
  facet normal 0 0 -1
    outer loop
      vertex 102 63 0
      vertex 99.1005 61.6662 0
      vertex 99.1279 61.7756 0
    endloop
  endfacet
  facet normal 0 0 -1
    outer loop
      vertex 98.889 4.72955 0
      vertex 102 3 0
      vertex 98.9562 4.63891 0
    endloop
  endfacet
  facet normal 0 0 -1
    outer loop
      vertex 96.8 52.3 0
      vertex 102 63 0
      vertex 96.8 49.7 0
    endloop
  endfacet
  facet normal 0 0 -1
    outer loop
      vertex 98.8132 4.81317 0
      vertex 102 3 0
      vertex 98.889 4.72955 0
    endloop
  endfacet
  facet normal 0 0 -1
    outer loop
      vertex 102 63 0
      vertex 99.0625 61.5599 0
      vertex 99.1005 61.6662 0
    endloop
  endfacet
  facet normal 0 0 -1
    outer loop
      vertex 102 3 0
      vertex 98.8132 4.81317 0
      vertex 96.8 13.7 0
    endloop
  endfacet
  facet normal 0 -0 -1
    outer loop
      vertex 98.8132 61.1868 0
      vertex 102 63 0
      vertex 96.8 52.3 0
    endloop
  endfacet
  facet normal 0 0 -1
    outer loop
      vertex 96.8 13.7 0
      vertex 98.8132 4.81317 0
      vertex 98.7296 4.88896 0
    endloop
  endfacet
  facet normal 0 0 -1
    outer loop
      vertex 102 63 0
      vertex 99.0142 61.4579 0
      vertex 99.0625 61.5599 0
    endloop
  endfacet
  facet normal 0 0 -1
    outer loop
      vertex 96.8 13.7 0
      vertex 98.7296 4.88896 0
      vertex 98.6389 4.95619 0
    endloop
  endfacet
  facet normal 0 0 -1
    outer loop
      vertex 102 63 0
      vertex 98.9562 61.3611 0
      vertex 99.0142 61.4579 0
    endloop
  endfacet
  facet normal 0 0 -1
    outer loop
      vertex 96.8 13.7 0
      vertex 98.6389 4.95619 0
      vertex 98.5421 5.01421 0
    endloop
  endfacet
  facet normal 0 0 -1
    outer loop
      vertex 102 63 0
      vertex 98.889 61.2704 0
      vertex 98.9562 61.3611 0
    endloop
  endfacet
  facet normal 0 0 -1
    outer loop
      vertex 96.8 13.7 0
      vertex 98.5421 5.01421 0
      vertex 98.4401 5.06246 0
    endloop
  endfacet
  facet normal 0 0 -1
    outer loop
      vertex 102 63 0
      vertex 98.8132 61.1868 0
      vertex 98.889 61.2704 0
    endloop
  endfacet
  facet normal 0 0 -1
    outer loop
      vertex 96.8 13.7 0
      vertex 98.4401 5.06246 0
      vertex 98.3338 5.10048 0
    endloop
  endfacet
  facet normal 0 0 -1
    outer loop
      vertex 98.8132 61.1868 0
      vertex 96.8 52.3 0
      vertex 98.7296 61.111 0
    endloop
  endfacet
  facet normal 0 0 -1
    outer loop
      vertex 96.8 13.7 0
      vertex 98.3338 5.10048 0
      vertex 98.2243 5.1279 0
    endloop
  endfacet
  facet normal 0 0 -1
    outer loop
      vertex 98.7296 61.111 0
      vertex 96.8 52.3 0
      vertex 98.6389 61.0438 0
    endloop
  endfacet
  facet normal 0 0 -1
    outer loop
      vertex 96.8 13.7 0
      vertex 98.2243 5.1279 0
      vertex 98.1127 5.14446 0
    endloop
  endfacet
  facet normal 0 0 -1
    outer loop
      vertex 98.6389 61.0438 0
      vertex 96.8 52.3 0
      vertex 98.5421 60.9858 0
    endloop
  endfacet
  facet normal 0 0 -1
    outer loop
      vertex 96.8 13.7 0
      vertex 98.1127 5.14446 0
      vertex 98 5.15 0
    endloop
  endfacet
  facet normal 0 0 -1
    outer loop
      vertex 98.5421 60.9858 0
      vertex 96.8 52.3 0
      vertex 98.4401 60.9375 0
    endloop
  endfacet
  facet normal 0 0 -1
    outer loop
      vertex 93.95 8.05 0
      vertex 98 5.15 0
      vertex 97.8873 5.14446 0
    endloop
  endfacet
  facet normal 0 0 -1
    outer loop
      vertex 98.4401 60.9375 0
      vertex 96.8 52.3 0
      vertex 98.3338 60.8995 0
    endloop
  endfacet
  facet normal 0 0 -1
    outer loop
      vertex 93.95 8.05 0
      vertex 97.8873 5.14446 0
      vertex 97.7756 5.1279 0
    endloop
  endfacet
  facet normal 0 0 -1
    outer loop
      vertex 98.3338 60.8995 0
      vertex 96.8 52.3 0
      vertex 98.2243 60.8721 0
    endloop
  endfacet
  facet normal 0 0 -1
    outer loop
      vertex 93.95 8.05 0
      vertex 97.7756 5.1279 0
      vertex 97.6662 5.10048 0
    endloop
  endfacet
  facet normal 0 0 -1
    outer loop
      vertex 98.2243 60.8721 0
      vertex 96.8 52.3 0
      vertex 98.1127 60.8555 0
    endloop
  endfacet
  facet normal 0 0 -1
    outer loop
      vertex 93.95 8.05 0
      vertex 97.6662 5.10048 0
      vertex 97.5599 5.06246 0
    endloop
  endfacet
  facet normal 0 0 -1
    outer loop
      vertex 98.1127 60.8555 0
      vertex 96.8 52.3 0
      vertex 98 60.85 0
    endloop
  endfacet
  facet normal 0 0 -1
    outer loop
      vertex 93.95 8.05 0
      vertex 97.5599 5.06246 0
      vertex 97.4579 5.01421 0
    endloop
  endfacet
  facet normal 0 0 -1
    outer loop
      vertex 93.95 57.95 0
      vertex 98 60.85 0
      vertex 96.8 52.3 0
    endloop
  endfacet
  facet normal 0 0 -1
    outer loop
      vertex 93.95 8.05 0
      vertex 97.4579 5.01421 0
      vertex 97.3611 4.95619 0
    endloop
  endfacet
  facet normal -0 0 -1
    outer loop
      vertex 98 60.85 0
      vertex 93.95 57.95 0
      vertex 97.8873 60.8555 0
    endloop
  endfacet
  facet normal 0 0 -1
    outer loop
      vertex 93.95 8.05 0
      vertex 97.3611 4.95619 0
      vertex 97.2704 4.88896 0
    endloop
  endfacet
  facet normal -0 0 -1
    outer loop
      vertex 97.8873 60.8555 0
      vertex 93.95 57.95 0
      vertex 97.7756 60.8721 0
    endloop
  endfacet
  facet normal 0 0 -1
    outer loop
      vertex 93.95 8.05 0
      vertex 97.2704 4.88896 0
      vertex 97.1868 4.81317 0
    endloop
  endfacet
  facet normal -0 0 -1
    outer loop
      vertex 97.7756 60.8721 0
      vertex 93.95 57.95 0
      vertex 97.6662 60.8995 0
    endloop
  endfacet
  facet normal 0 0 -1
    outer loop
      vertex 93.95 8.05 0
      vertex 97.1868 4.81317 0
      vertex 97.111 4.72955 0
    endloop
  endfacet
  facet normal -0 0 -1
    outer loop
      vertex 97.6662 60.8995 0
      vertex 93.95 57.95 0
      vertex 97.5599 60.9375 0
    endloop
  endfacet
  facet normal 0 0 -1
    outer loop
      vertex 93.95 8.05 0
      vertex 97.111 4.72955 0
      vertex 97.0438 4.63891 0
    endloop
  endfacet
  facet normal -0 0 -1
    outer loop
      vertex 97.5599 60.9375 0
      vertex 93.95 57.95 0
      vertex 97.4579 60.9858 0
    endloop
  endfacet
  facet normal 0 0 -1
    outer loop
      vertex 93.95 8.05 0
      vertex 97.0438 4.63891 0
      vertex 96.9858 4.54211 0
    endloop
  endfacet
  facet normal 0 0 -1
    outer loop
      vertex 102 3 0
      vertex 96.8 16.3 0
      vertex 96.8 31.7 0
    endloop
  endfacet
  facet normal 0 0 -1
    outer loop
      vertex 93.95 8.05 0
      vertex 96.9858 4.54211 0
      vertex 96.9375 4.44009 0
    endloop
  endfacet
  facet normal -0 0 -1
    outer loop
      vertex 97.4579 60.9858 0
      vertex 93.95 57.95 0
      vertex 97.3611 61.0438 0
    endloop
  endfacet
  facet normal 0 0 -1
    outer loop
      vertex 93.95 8.05 0
      vertex 96.9375 4.44009 0
      vertex 96.8995 4.33383 0
    endloop
  endfacet
  facet normal 0 0 -1
    outer loop
      vertex 102 3 0
      vertex 96.8 13.7 0
      vertex 96.8 16.3 0
    endloop
  endfacet
  facet normal 0 0 -1
    outer loop
      vertex 93.95 8.05 0
      vertex 96.8995 4.33383 0
      vertex 96.8721 4.22435 0
    endloop
  endfacet
  facet normal -0 0 -1
    outer loop
      vertex 97.3611 61.0438 0
      vertex 93.95 57.95 0
      vertex 97.2704 61.111 0
    endloop
  endfacet
  facet normal 0 0 -1
    outer loop
      vertex 93.95 8.05 0
      vertex 96.8721 4.22435 0
      vertex 96.8555 4.11272 0
    endloop
  endfacet
  facet normal -0 0 -1
    outer loop
      vertex 97.2704 61.111 0
      vertex 93.95 57.95 0
      vertex 97.1868 61.1868 0
    endloop
  endfacet
  facet normal 0 0 -1
    outer loop
      vertex 93.95 8.05 0
      vertex 96.8555 4.11272 0
      vertex 96.85 4 0
    endloop
  endfacet
  facet normal -0 0 -1
    outer loop
      vertex 97.1868 61.1868 0
      vertex 93.95 57.95 0
      vertex 97.111 61.2704 0
    endloop
  endfacet
  facet normal 0 0 -1
    outer loop
      vertex 99.0625 3.55991 0
      vertex 102 3 0
      vertex 101.986 2.70595 0
    endloop
  endfacet
  facet normal 0 0 -1
    outer loop
      vertex 99.1445 4.11272 0
      vertex 102 3 0
      vertex 99.15 4 0
    endloop
  endfacet
  facet normal 0 0 -1
    outer loop
      vertex 99.0142 3.45789 0
      vertex 101.986 2.70595 0
      vertex 101.942 2.41473 0
    endloop
  endfacet
  facet normal 0 0 -1
    outer loop
      vertex 99.1279 4.22435 0
      vertex 102 3 0
      vertex 99.1445 4.11272 0
    endloop
  endfacet
  facet normal 0 0 -1
    outer loop
      vertex 99.0142 3.45789 0
      vertex 101.942 2.41473 0
      vertex 101.871 2.12915 0
    endloop
  endfacet
  facet normal 0 0 -1
    outer loop
      vertex 99.1445 62.1127 0
      vertex 102 63 0
      vertex 99.15 62 0
    endloop
  endfacet
  facet normal 0 0 -1
    outer loop
      vertex 98.9562 3.36109 0
      vertex 101.871 2.12915 0
      vertex 101.772 1.85194 0
    endloop
  endfacet
  facet normal 0 0 -1
    outer loop
      vertex 99.1279 62.2244 0
      vertex 102 63 0
      vertex 99.1445 62.1127 0
    endloop
  endfacet
  facet normal 0 0 -1
    outer loop
      vertex 98.9562 3.36109 0
      vertex 101.772 1.85194 0
      vertex 101.646 1.58582 0
    endloop
  endfacet
  facet normal 0 0 -1
    outer loop
      vertex 99.1005 62.3338 0
      vertex 102 63 0
      vertex 99.1279 62.2244 0
    endloop
  endfacet
  facet normal 0 0 -1
    outer loop
      vertex 98.889 3.27045 0
      vertex 101.646 1.58582 0
      vertex 101.494 1.33328 0
    endloop
  endfacet
  facet normal 0 0 -1
    outer loop
      vertex 99.0625 62.4401 0
      vertex 102 63 0
      vertex 99.1005 62.3338 0
    endloop
  endfacet
  facet normal 0 0 -1
    outer loop
      vertex 98.889 3.27045 0
      vertex 101.494 1.33328 0
      vertex 101.319 1.09682 0
    endloop
  endfacet
  facet normal -0 0 -1
    outer loop
      vertex 102 63 0
      vertex 99.0625 62.4401 0
      vertex 101.986 63.2941 0
    endloop
  endfacet
  facet normal 0 0 -1
    outer loop
      vertex 98.8132 3.18683 0
      vertex 101.319 1.09682 0
      vertex 101.121 0.878677 0
    endloop
  endfacet
  facet normal 0 0 -1
    outer loop
      vertex 99.0142 62.5421 0
      vertex 101.986 63.2941 0
      vertex 99.0625 62.4401 0
    endloop
  endfacet
  facet normal 0 0 -1
    outer loop
      vertex 98.8132 3.18683 0
      vertex 101.121 0.878677 0
      vertex 100.903 0.680969 0
    endloop
  endfacet
  facet normal -0 0 -1
    outer loop
      vertex 101.986 63.2941 0
      vertex 99.0142 62.5421 0
      vertex 101.942 63.5853 0
    endloop
  endfacet
  facet normal 0 0 -1
    outer loop
      vertex 98.7296 3.11104 0
      vertex 100.903 0.680969 0
      vertex 100.667 0.505585 0
    endloop
  endfacet
  facet normal -0 0 -1
    outer loop
      vertex 101.942 63.5853 0
      vertex 99.0142 62.5421 0
      vertex 101.871 63.8708 0
    endloop
  endfacet
  facet normal 0 0 -1
    outer loop
      vertex 98.7296 3.11104 0
      vertex 100.667 0.505585 0
      vertex 100.414 0.354233 0
    endloop
  endfacet
  facet normal 0 0 -1
    outer loop
      vertex 98.9562 62.6389 0
      vertex 101.871 63.8708 0
      vertex 99.0142 62.5421 0
    endloop
  endfacet
  facet normal 0 0 -1
    outer loop
      vertex 98.6389 3.04381 0
      vertex 100.414 0.354233 0
      vertex 100.148 0.228363 0
    endloop
  endfacet
  facet normal -0 0 -1
    outer loop
      vertex 101.871 63.8708 0
      vertex 98.9562 62.6389 0
      vertex 101.772 64.1481 0
    endloop
  endfacet
  facet normal 0 0 -1
    outer loop
      vertex 98.6389 3.04381 0
      vertex 100.148 0.228363 0
      vertex 99.8708 0.129181 0
    endloop
  endfacet
  facet normal -0 0 -1
    outer loop
      vertex 101.772 64.1481 0
      vertex 98.9562 62.6389 0
      vertex 101.646 64.4142 0
    endloop
  endfacet
  facet normal 0 0 -1
    outer loop
      vertex 98.5421 2.98579 0
      vertex 99.8708 0.129181 0
      vertex 99.5853 0.0576477 0
    endloop
  endfacet
  facet normal 0 0 -1
    outer loop
      vertex 98.889 62.7296 0
      vertex 101.646 64.4142 0
      vertex 98.9562 62.6389 0
    endloop
  endfacet
  facet normal 0 0 -1
    outer loop
      vertex 98.5421 2.98579 0
      vertex 99.5853 0.0576477 0
      vertex 99.2941 0.0144501 0
    endloop
  endfacet
  facet normal -0 0 -1
    outer loop
      vertex 101.646 64.4142 0
      vertex 98.889 62.7296 0
      vertex 101.494 64.6667 0
    endloop
  endfacet
  facet normal -0 0 -1
    outer loop
      vertex 101.494 64.6667 0
      vertex 98.889 62.7296 0
      vertex 101.319 64.9032 0
    endloop
  endfacet
  facet normal 0 0 -1
    outer loop
      vertex 102 3 0
      vertex 99.1445 3.88728 0
      vertex 99.15 4 0
    endloop
  endfacet
  facet normal 0 0 -1
    outer loop
      vertex 102 3 0
      vertex 99.1279 3.77565 0
      vertex 99.1445 3.88728 0
    endloop
  endfacet
  facet normal 0 0 -1
    outer loop
      vertex 102 3 0
      vertex 99.1005 3.66617 0
      vertex 99.1279 3.77565 0
    endloop
  endfacet
  facet normal 0 0 -1
    outer loop
      vertex 102 3 0
      vertex 99.0625 3.55991 0
      vertex 99.1005 3.66617 0
    endloop
  endfacet
  facet normal 0 0 -1
    outer loop
      vertex 101.986 2.70595 0
      vertex 99.0142 3.45789 0
      vertex 99.0625 3.55991 0
    endloop
  endfacet
  facet normal 0 0 -1
    outer loop
      vertex 98.4401 2.93754 0
      vertex 99.2941 0.0144501 0
      vertex 99 0 0
    endloop
  endfacet
  facet normal 0 0 -1
    outer loop
      vertex 101.871 2.12915 0
      vertex 98.9562 3.36109 0
      vertex 99.0142 3.45789 0
    endloop
  endfacet
  facet normal 0 0 -1
    outer loop
      vertex 101.646 1.58582 0
      vertex 98.889 3.27045 0
      vertex 98.9562 3.36109 0
    endloop
  endfacet
  facet normal 0 0 -1
    outer loop
      vertex 101.319 1.09682 0
      vertex 98.8132 3.18683 0
      vertex 98.889 3.27045 0
    endloop
  endfacet
  facet normal 0 0 -1
    outer loop
      vertex 100.903 0.680969 0
      vertex 98.7296 3.11104 0
      vertex 98.8132 3.18683 0
    endloop
  endfacet
  facet normal 0 0 -1
    outer loop
      vertex 100.414 0.354233 0
      vertex 98.6389 3.04381 0
      vertex 98.7296 3.11104 0
    endloop
  endfacet
  facet normal 0 0 -1
    outer loop
      vertex 99.8708 0.129181 0
      vertex 98.5421 2.98579 0
      vertex 98.6389 3.04381 0
    endloop
  endfacet
  facet normal 0 0 -1
    outer loop
      vertex 99.2941 0.0144501 0
      vertex 98.4401 2.93754 0
      vertex 98.5421 2.98579 0
    endloop
  endfacet
  facet normal 0 0 -1
    outer loop
      vertex 99 0 0
      vertex 98.3338 2.89952 0
      vertex 98.4401 2.93754 0
    endloop
  endfacet
  facet normal 0 0 -1
    outer loop
      vertex 99 0 0
      vertex 98.2243 2.8721 0
      vertex 98.3338 2.89952 0
    endloop
  endfacet
  facet normal 0 0 -1
    outer loop
      vertex 99 0 0
      vertex 98.1127 2.85554 0
      vertex 98.2243 2.8721 0
    endloop
  endfacet
  facet normal 0 0 -1
    outer loop
      vertex 99 0 0
      vertex 98 2.85 0
      vertex 98.1127 2.85554 0
    endloop
  endfacet
  facet normal 0 0 -1
    outer loop
      vertex 99 0 0
      vertex 97.8873 2.85554 0
      vertex 98 2.85 0
    endloop
  endfacet
  facet normal 0 0 -1
    outer loop
      vertex 99 0 0
      vertex 97.7756 2.8721 0
      vertex 97.8873 2.85554 0
    endloop
  endfacet
  facet normal 0 0 -1
    outer loop
      vertex 99 0 0
      vertex 97.6662 2.89952 0
      vertex 97.7756 2.8721 0
    endloop
  endfacet
  facet normal 0 0 -1
    outer loop
      vertex 99 0 0
      vertex 97.5599 2.93754 0
      vertex 97.6662 2.89952 0
    endloop
  endfacet
  facet normal 0 0 -1
    outer loop
      vertex 99 0 0
      vertex 97.4579 2.98579 0
      vertex 97.5599 2.93754 0
    endloop
  endfacet
  facet normal 0 0 -1
    outer loop
      vertex 99 0 0
      vertex 97.3611 3.04381 0
      vertex 97.4579 2.98579 0
    endloop
  endfacet
  facet normal 0 0 -1
    outer loop
      vertex 99 0 0
      vertex 97.2704 3.11104 0
      vertex 97.3611 3.04381 0
    endloop
  endfacet
  facet normal 0 0 -1
    outer loop
      vertex 99 0 0
      vertex 97.1868 3.18683 0
      vertex 97.2704 3.11104 0
    endloop
  endfacet
  facet normal 0 0 -1
    outer loop
      vertex 99 0 0
      vertex 97.111 3.27045 0
      vertex 97.1868 3.18683 0
    endloop
  endfacet
  facet normal 0 0 -1
    outer loop
      vertex 80.05 8.05 0
      vertex 97.111 3.27045 0
      vertex 99 0 0
    endloop
  endfacet
  facet normal 0 0 -1
    outer loop
      vertex 97.111 3.27045 0
      vertex 80.05 8.05 0
      vertex 97.0438 3.36109 0
    endloop
  endfacet
  facet normal -0 0 -1
    outer loop
      vertex 97.111 61.2704 0
      vertex 93.95 57.95 0
      vertex 97.0438 61.3611 0
    endloop
  endfacet
  facet normal 0 0 -1
    outer loop
      vertex 98 5.15 0
      vertex 93.95 8.05 0
      vertex 96.8 13.7 0
    endloop
  endfacet
  facet normal 0 0 -1
    outer loop
      vertex 96.8555 3.88728 0
      vertex 93.95 8.05 0
      vertex 96.85 4 0
    endloop
  endfacet
  facet normal 0 0 -1
    outer loop
      vertex 96.8721 3.77565 0
      vertex 93.95 8.05 0
      vertex 96.8555 3.88728 0
    endloop
  endfacet
  facet normal 0 0 -1
    outer loop
      vertex 96.8995 3.66617 0
      vertex 93.95 8.05 0
      vertex 96.8721 3.77565 0
    endloop
  endfacet
  facet normal 0 0 -1
    outer loop
      vertex 80.05 8.05 0
      vertex 96.8995 3.66617 0
      vertex 96.9375 3.55991 0
    endloop
  endfacet
  facet normal 0 0 -1
    outer loop
      vertex 80.05 8.05 0
      vertex 96.9375 3.55991 0
      vertex 96.9858 3.45789 0
    endloop
  endfacet
  facet normal 0 0 -1
    outer loop
      vertex 97.0438 3.36109 0
      vertex 80.05 8.05 0
      vertex 96.9858 3.45789 0
    endloop
  endfacet
  facet normal 0 0 -1
    outer loop
      vertex 96.8995 3.66617 0
      vertex 80.05 8.05 0
      vertex 93.95 8.05 0
    endloop
  endfacet
  facet normal 0 0 -1
    outer loop
      vertex 80.05 8.05 0
      vertex 75.95 8.05 0
      vertex 80.05 13.7 0
    endloop
  endfacet
  facet normal 0 0 -1
    outer loop
      vertex 99 0 0
      vertex 75.95 8.05 0
      vertex 80.05 8.05 0
    endloop
  endfacet
  facet normal 0 0 -1
    outer loop
      vertex 99 0 0
      vertex 62.05 8.05 0
      vertex 75.95 8.05 0
    endloop
  endfacet
  facet normal 0 0 -1
    outer loop
      vertex 62.05 8.05 0
      vertex 57.95 8.05 0
      vertex 62.05 13.7 0
    endloop
  endfacet
  facet normal 0 0 -1
    outer loop
      vertex 99 0 0
      vertex 57.95 8.05 0
      vertex 62.05 8.05 0
    endloop
  endfacet
  facet normal 0 0 -1
    outer loop
      vertex 99 0 0
      vertex 44.05 8.05 0
      vertex 57.95 8.05 0
    endloop
  endfacet
  facet normal 0 0 -1
    outer loop
      vertex 44.05 8.05 0
      vertex 39.95 8.05 0
      vertex 44.05 13.7 0
    endloop
  endfacet
  facet normal 0 0 -1
    outer loop
      vertex 3 0 0
      vertex 44.05 8.05 0
      vertex 99 0 0
    endloop
  endfacet
  facet normal -0 0 -1
    outer loop
      vertex 44.05 8.05 0
      vertex 3 0 0
      vertex 39.95 8.05 0
    endloop
  endfacet
  facet normal 0 0 -1
    outer loop
      vertex 26.05 8.05 0
      vertex 21.95 8.05 0
      vertex 26.05 13.7 0
    endloop
  endfacet
  facet normal -0 0 -1
    outer loop
      vertex 39.95 8.05 0
      vertex 3 0 0
      vertex 26.05 8.05 0
    endloop
  endfacet
  facet normal -0 0 -1
    outer loop
      vertex 26.05 8.05 0
      vertex 3 0 0
      vertex 21.95 8.05 0
    endloop
  endfacet
  facet normal 0 0 -1
    outer loop
      vertex 8.05 8.05 0
      vertex 5.20001 13.7 0
      vertex 8.05 13.7 0
    endloop
  endfacet
  facet normal 0 0 0
    outer loop
      vertex 5.20001 13.7 0
      vertex 5.20001 31.7 0
      vertex 5.20001 16.3 0
    endloop
  endfacet
  facet normal 0 0 0
    outer loop
      vertex 5.20001 13.7 0
      vertex 5.20001 34.3 0
      vertex 5.20001 31.7 0
    endloop
  endfacet
  facet normal 0 0 0
    outer loop
      vertex 5.20001 13.7 0
      vertex 5.20001 49.7 0
      vertex 5.20001 34.3 0
    endloop
  endfacet
  facet normal 0 0 0
    outer loop
      vertex 5.20001 13.7 0
      vertex 5.20001 52.3 0
      vertex 5.20001 49.7 0
    endloop
  endfacet
  facet normal 0 0 -1
    outer loop
      vertex 5.1279 4.22435 0
      vertex 8.05 8.05 0
      vertex 5.14446 4.11272 0
    endloop
  endfacet
  facet normal 0 0 -1
    outer loop
      vertex 5.14446 4.11272 0
      vertex 8.05 8.05 0
      vertex 5.15 4 0
    endloop
  endfacet
  facet normal 0 -0 -1
    outer loop
      vertex 5.06246 3.55991 0
      vertex 21.95 8.05 0
      vertex 5.01421 3.45789 0
    endloop
  endfacet
  facet normal 0 0 -1
    outer loop
      vertex 8.05 8.05 0
      vertex 5.14446 3.88728 0
      vertex 5.15 4 0
    endloop
  endfacet
  facet normal 0 0 -1
    outer loop
      vertex 8.05 8.05 0
      vertex 5.1279 3.77565 0
      vertex 5.14446 3.88728 0
    endloop
  endfacet
  facet normal 0 0 -1
    outer loop
      vertex 8.05 8.05 0
      vertex 5.10048 3.66617 0
      vertex 5.1279 3.77565 0
    endloop
  endfacet
  facet normal -0 0 -1
    outer loop
      vertex 21.95 8.05 0
      vertex 5.10048 3.66617 0
      vertex 8.05 8.05 0
    endloop
  endfacet
  facet normal 0 -0 -1
    outer loop
      vertex 5.10048 3.66617 0
      vertex 21.95 8.05 0
      vertex 5.06246 3.55991 0
    endloop
  endfacet
  facet normal 0 0 -1
    outer loop
      vertex 21.95 8.05 0
      vertex 4.95619 3.36109 0
      vertex 5.01421 3.45789 0
    endloop
  endfacet
  facet normal 0 -0 -1
    outer loop
      vertex 4.88896 3.27045 0
      vertex 21.95 8.05 0
      vertex 3 0 0
    endloop
  endfacet
  facet normal 0 0 -1
    outer loop
      vertex 21.95 8.05 0
      vertex 4.88896 3.27045 0
      vertex 4.95619 3.36109 0
    endloop
  endfacet
  facet normal 0 0 -1
    outer loop
      vertex 4.88896 3.27045 0
      vertex 3 0 0
      vertex 4.81317 3.18683 0
    endloop
  endfacet
  facet normal 0 0 -1
    outer loop
      vertex 4.81317 3.18683 0
      vertex 3 0 0
      vertex 4.72955 3.11104 0
    endloop
  endfacet
  facet normal 0 0 -1
    outer loop
      vertex 4.72955 3.11104 0
      vertex 3 0 0
      vertex 4.63891 3.04381 0
    endloop
  endfacet
  facet normal 0 0 -1
    outer loop
      vertex 4.63891 3.04381 0
      vertex 3 0 0
      vertex 4.54211 2.98579 0
    endloop
  endfacet
  facet normal 0 0 -1
    outer loop
      vertex 4.54211 2.98579 0
      vertex 3 0 0
      vertex 4.44009 2.93754 0
    endloop
  endfacet
  facet normal 0 0 -1
    outer loop
      vertex 4.44009 2.93754 0
      vertex 3 0 0
      vertex 4.33383 2.89952 0
    endloop
  endfacet
  facet normal 0 0 -1
    outer loop
      vertex 4.33383 2.89952 0
      vertex 3 0 0
      vertex 4.22435 2.8721 0
    endloop
  endfacet
  facet normal 0 0 -1
    outer loop
      vertex 4.22435 2.8721 0
      vertex 3 0 0
      vertex 4.11272 2.85554 0
    endloop
  endfacet
  facet normal 0 0 -1
    outer loop
      vertex 4.11272 2.85554 0
      vertex 3 0 0
      vertex 4 2.85 0
    endloop
  endfacet
  facet normal 0 0 -1
    outer loop
      vertex 3 0 0
      vertex 3.88728 2.85554 0
      vertex 4 2.85 0
    endloop
  endfacet
  facet normal 0 0 -1
    outer loop
      vertex 3 0 0
      vertex 3.77565 2.8721 0
      vertex 3.88728 2.85554 0
    endloop
  endfacet
  facet normal 0 0 -1
    outer loop
      vertex 3 0 0
      vertex 3.66617 2.89952 0
      vertex 3.77565 2.8721 0
    endloop
  endfacet
  facet normal 0 0 -1
    outer loop
      vertex 3 0 0
      vertex 3.55991 2.93754 0
      vertex 3.66617 2.89952 0
    endloop
  endfacet
  facet normal 0 0 -1
    outer loop
      vertex 2.70595 0.0144501 0
      vertex 3.55991 2.93754 0
      vertex 3 0 0
    endloop
  endfacet
  facet normal -0 0 -1
    outer loop
      vertex 3.55991 2.93754 0
      vertex 2.70595 0.0144501 0
      vertex 3.45789 2.98579 0
    endloop
  endfacet
  facet normal 0 0 -1
    outer loop
      vertex 2.41473 0.0576477 0
      vertex 3.45789 2.98579 0
      vertex 2.70595 0.0144501 0
    endloop
  endfacet
  facet normal 0 0 -1
    outer loop
      vertex 2.12915 0.129181 0
      vertex 3.45789 2.98579 0
      vertex 2.41473 0.0576477 0
    endloop
  endfacet
  facet normal -0 0 -1
    outer loop
      vertex 3.45789 2.98579 0
      vertex 2.12915 0.129181 0
      vertex 3.36109 3.04381 0
    endloop
  endfacet
  facet normal 0 0 -1
    outer loop
      vertex 1.85194 0.228363 0
      vertex 3.36109 3.04381 0
      vertex 2.12915 0.129181 0
    endloop
  endfacet
  facet normal 0 0 -1
    outer loop
      vertex 1.58582 0.354233 0
      vertex 3.36109 3.04381 0
      vertex 1.85194 0.228363 0
    endloop
  endfacet
  facet normal -0 0 -1
    outer loop
      vertex 3.36109 3.04381 0
      vertex 1.58582 0.354233 0
      vertex 3.27045 3.11104 0
    endloop
  endfacet
  facet normal 0 0 -1
    outer loop
      vertex 1.33328 0.505585 0
      vertex 3.27045 3.11104 0
      vertex 1.58582 0.354233 0
    endloop
  endfacet
  facet normal 0 0 -1
    outer loop
      vertex 1.09682 0.680969 0
      vertex 3.27045 3.11104 0
      vertex 1.33328 0.505585 0
    endloop
  endfacet
  facet normal -0 0 -1
    outer loop
      vertex 3.27045 3.11104 0
      vertex 1.09682 0.680969 0
      vertex 3.18683 3.18683 0
    endloop
  endfacet
  facet normal 0 0 -1
    outer loop
      vertex 0.878677 0.878677 0
      vertex 3.18683 3.18683 0
      vertex 1.09682 0.680969 0
    endloop
  endfacet
  facet normal -0 0 -1
    outer loop
      vertex 3.18683 3.18683 0
      vertex 0.680969 1.09682 0
      vertex 3.11104 3.27045 0
    endloop
  endfacet
  facet normal 0 0 -1
    outer loop
      vertex 0.680969 1.09682 0
      vertex 3.18683 3.18683 0
      vertex 0.878677 0.878677 0
    endloop
  endfacet
  facet normal 0 0 -1
    outer loop
      vertex 98.8132 62.8132 0
      vertex 101.319 64.9032 0
      vertex 98.889 62.7296 0
    endloop
  endfacet
  facet normal -0 0 -1
    outer loop
      vertex 101.319 64.9032 0
      vertex 98.8132 62.8132 0
      vertex 101.121 65.1213 0
    endloop
  endfacet
  facet normal -0 0 -1
    outer loop
      vertex 101.121 65.1213 0
      vertex 98.8132 62.8132 0
      vertex 100.903 65.319 0
    endloop
  endfacet
  facet normal 0 0 -1
    outer loop
      vertex 98.7296 62.889 0
      vertex 100.903 65.319 0
      vertex 98.8132 62.8132 0
    endloop
  endfacet
  facet normal -0 0 -1
    outer loop
      vertex 100.903 65.319 0
      vertex 98.7296 62.889 0
      vertex 100.667 65.4944 0
    endloop
  endfacet
  facet normal -0 0 -1
    outer loop
      vertex 100.667 65.4944 0
      vertex 98.7296 62.889 0
      vertex 100.414 65.6458 0
    endloop
  endfacet
  facet normal 0 0 -1
    outer loop
      vertex 98.6389 62.9562 0
      vertex 100.414 65.6458 0
      vertex 98.7296 62.889 0
    endloop
  endfacet
  facet normal -0 0 -1
    outer loop
      vertex 100.414 65.6458 0
      vertex 98.6389 62.9562 0
      vertex 100.148 65.7716 0
    endloop
  endfacet
  facet normal -0 0 -1
    outer loop
      vertex 100.148 65.7716 0
      vertex 98.6389 62.9562 0
      vertex 99.8708 65.8708 0
    endloop
  endfacet
  facet normal 0 0 -1
    outer loop
      vertex 98.5421 63.0142 0
      vertex 99.8708 65.8708 0
      vertex 98.6389 62.9562 0
    endloop
  endfacet
  facet normal -0 0 -1
    outer loop
      vertex 99.8708 65.8708 0
      vertex 98.5421 63.0142 0
      vertex 99.5853 65.9424 0
    endloop
  endfacet
  facet normal -0 0 -1
    outer loop
      vertex 99.5853 65.9424 0
      vertex 98.5421 63.0142 0
      vertex 99.2941 65.9855 0
    endloop
  endfacet
  facet normal 0 0 -1
    outer loop
      vertex 98.4401 63.0625 0
      vertex 99.2941 65.9855 0
      vertex 98.5421 63.0142 0
    endloop
  endfacet
  facet normal -0 0 -1
    outer loop
      vertex 99.2941 65.9855 0
      vertex 98.4401 63.0625 0
      vertex 99 66 0
    endloop
  endfacet
  facet normal 0 0 -1
    outer loop
      vertex 98.3338 63.1005 0
      vertex 99 66 0
      vertex 98.4401 63.0625 0
    endloop
  endfacet
  facet normal 0 0 -1
    outer loop
      vertex 98.2243 63.1279 0
      vertex 99 66 0
      vertex 98.3338 63.1005 0
    endloop
  endfacet
  facet normal 0 0 -1
    outer loop
      vertex 98.1127 63.1445 0
      vertex 99 66 0
      vertex 98.2243 63.1279 0
    endloop
  endfacet
  facet normal 0 0 -1
    outer loop
      vertex 98 63.15 0
      vertex 99 66 0
      vertex 98.1127 63.1445 0
    endloop
  endfacet
  facet normal 0 0 -1
    outer loop
      vertex 97.8873 63.1445 0
      vertex 99 66 0
      vertex 98 63.15 0
    endloop
  endfacet
  facet normal 0 0 -1
    outer loop
      vertex 97.7756 63.1279 0
      vertex 99 66 0
      vertex 97.8873 63.1445 0
    endloop
  endfacet
  facet normal 0 0 -1
    outer loop
      vertex 97.6662 63.1005 0
      vertex 99 66 0
      vertex 97.7756 63.1279 0
    endloop
  endfacet
  facet normal 0 0 -1
    outer loop
      vertex 97.5599 63.0625 0
      vertex 99 66 0
      vertex 97.6662 63.1005 0
    endloop
  endfacet
  facet normal 0 0 -1
    outer loop
      vertex 97.4579 63.0142 0
      vertex 99 66 0
      vertex 97.5599 63.0625 0
    endloop
  endfacet
  facet normal 0 0 -1
    outer loop
      vertex 97.3611 62.9562 0
      vertex 99 66 0
      vertex 97.4579 63.0142 0
    endloop
  endfacet
  facet normal 0 0 -1
    outer loop
      vertex 97.2704 62.889 0
      vertex 99 66 0
      vertex 97.3611 62.9562 0
    endloop
  endfacet
  facet normal 0 0 -1
    outer loop
      vertex 97.1868 62.8132 0
      vertex 99 66 0
      vertex 97.2704 62.889 0
    endloop
  endfacet
  facet normal 0 0 -1
    outer loop
      vertex 97.111 62.7296 0
      vertex 99 66 0
      vertex 97.1868 62.8132 0
    endloop
  endfacet
  facet normal 0 0 -1
    outer loop
      vertex 80.05 57.95 0
      vertex 97.111 62.7296 0
      vertex 97.0438 62.6389 0
    endloop
  endfacet
  facet normal 0 0 -1
    outer loop
      vertex 80.05 57.95 0
      vertex 97.0438 62.6389 0
      vertex 96.9858 62.5421 0
    endloop
  endfacet
  facet normal -0 0 -1
    outer loop
      vertex 97.0438 61.3611 0
      vertex 93.95 57.95 0
      vertex 96.9858 61.4579 0
    endloop
  endfacet
  facet normal -0 0 -1
    outer loop
      vertex 96.9858 61.4579 0
      vertex 93.95 57.95 0
      vertex 96.9375 61.5599 0
    endloop
  endfacet
  facet normal -0 0 -1
    outer loop
      vertex 96.9375 61.5599 0
      vertex 93.95 57.95 0
      vertex 96.8995 61.6662 0
    endloop
  endfacet
  facet normal -0 0 -1
    outer loop
      vertex 96.8995 61.6662 0
      vertex 93.95 57.95 0
      vertex 96.8721 61.7756 0
    endloop
  endfacet
  facet normal -0 0 -1
    outer loop
      vertex 96.8721 61.7756 0
      vertex 93.95 57.95 0
      vertex 96.8555 61.8873 0
    endloop
  endfacet
  facet normal 0 0 -1
    outer loop
      vertex 93.95 57.95 0
      vertex 96.8 52.3 0
      vertex 93.95 52.3 0
    endloop
  endfacet
  facet normal -0 0 -1
    outer loop
      vertex 96.8555 61.8873 0
      vertex 93.95 57.95 0
      vertex 96.85 62 0
    endloop
  endfacet
  facet normal -0 0 -1
    outer loop
      vertex 96.85 62 0
      vertex 93.95 57.95 0
      vertex 96.8555 62.1127 0
    endloop
  endfacet
  facet normal -0 0 -1
    outer loop
      vertex 96.8555 62.1127 0
      vertex 93.95 57.95 0
      vertex 96.8721 62.2244 0
    endloop
  endfacet
  facet normal -0 0 -1
    outer loop
      vertex 96.8721 62.2244 0
      vertex 93.95 57.95 0
      vertex 96.8995 62.3338 0
    endloop
  endfacet
  facet normal 0 0 -1
    outer loop
      vertex 80.05 57.95 0
      vertex 96.8995 62.3338 0
      vertex 93.95 57.95 0
    endloop
  endfacet
  facet normal -0 0 -1
    outer loop
      vertex 96.8995 62.3338 0
      vertex 80.05 57.95 0
      vertex 96.9375 62.4401 0
    endloop
  endfacet
  facet normal -0 0 -1
    outer loop
      vertex 96.9375 62.4401 0
      vertex 80.05 57.95 0
      vertex 96.9858 62.5421 0
    endloop
  endfacet
  facet normal -0 0 -1
    outer loop
      vertex 97.111 62.7296 0
      vertex 80.05 57.95 0
      vertex 99 66 0
    endloop
  endfacet
  facet normal 0 0 -1
    outer loop
      vertex 75.95 57.95 0
      vertex 80.05 57.95 0
      vertex 75.95 52.3 0
    endloop
  endfacet
  facet normal 0 0 -1
    outer loop
      vertex 75.95 57.95 0
      vertex 99 66 0
      vertex 80.05 57.95 0
    endloop
  endfacet
  facet normal 0 0 -1
    outer loop
      vertex 62.05 57.95 0
      vertex 99 66 0
      vertex 75.95 57.95 0
    endloop
  endfacet
  facet normal 0 0 -1
    outer loop
      vertex 51.8 49.7 0
      vertex 59.2 49.7 0
      vertex 57.95 39.95 0
    endloop
  endfacet
  facet normal 0 0 -1
    outer loop
      vertex 59.2 49.7 0
      vertex 51.8 49.7 0
      vertex 59.2 52.3 0
    endloop
  endfacet
  facet normal 0 0 -1
    outer loop
      vertex 51.8 52.3 0
      vertex 59.2 52.3 0
      vertex 51.8 49.7 0
    endloop
  endfacet
  facet normal 0 0 -1
    outer loop
      vertex 59.2 52.3 0
      vertex 51.8 52.3 0
      vertex 62.05 57.95 0
    endloop
  endfacet
  facet normal 0 0 -1
    outer loop
      vertex 48.95 57.95 0
      vertex 51.8 52.3 0
      vertex 48.95 52.3 0
    endloop
  endfacet
  facet normal 0 0 -1
    outer loop
      vertex 51.8 52.3 0
      vertex 48.95 57.95 0
      vertex 62.05 57.95 0
    endloop
  endfacet
  facet normal 0 0 -1
    outer loop
      vertex 48.95 57.95 0
      vertex 99 66 0
      vertex 62.05 57.95 0
    endloop
  endfacet
  facet normal 0 0 -1
    outer loop
      vertex 3 66 0
      vertex 48.95 57.95 0
      vertex 35.05 57.95 0
    endloop
  endfacet
  facet normal 0 0 -1
    outer loop
      vertex 32.2 49.7 0
      vertex 24.8 49.7 0
      vertex 32.2 52.3 0
    endloop
  endfacet
  facet normal 0 0 -1
    outer loop
      vertex 24.8 52.3 0
      vertex 32.2 52.3 0
      vertex 24.8 49.7 0
    endloop
  endfacet
  facet normal 0 0 -1
    outer loop
      vertex 32.2 52.3 0
      vertex 24.8 52.3 0
      vertex 35.05 57.95 0
    endloop
  endfacet
  facet normal 0 0 -1
    outer loop
      vertex 21.95 57.95 0
      vertex 24.8 52.3 0
      vertex 21.95 52.3 0
    endloop
  endfacet
  facet normal 0 0 -1
    outer loop
      vertex 24.8 52.3 0
      vertex 21.95 57.95 0
      vertex 35.05 57.95 0
    endloop
  endfacet
  facet normal 0 0 -1
    outer loop
      vertex 3 66 0
      vertex 35.05 57.95 0
      vertex 21.95 57.95 0
    endloop
  endfacet
  facet normal 0 0 -1
    outer loop
      vertex 5.10048 62.3338 0
      vertex 21.95 57.95 0
      vertex 8.05 57.95 0
    endloop
  endfacet
  facet normal 0 0 -1
    outer loop
      vertex 5.10048 4.33383 0
      vertex 8.05 8.05 0
      vertex 5.1279 4.22435 0
    endloop
  endfacet
  facet normal 0 0 -1
    outer loop
      vertex 5.15 62 0
      vertex 8.05 57.95 0
      vertex 5.20001 52.3 0
    endloop
  endfacet
  facet normal 0 0 -1
    outer loop
      vertex 5.14446 62.1127 0
      vertex 8.05 57.95 0
      vertex 5.15 62 0
    endloop
  endfacet
  facet normal 0 0 -1
    outer loop
      vertex 5.1279 62.2244 0
      vertex 8.05 57.95 0
      vertex 5.14446 62.1127 0
    endloop
  endfacet
  facet normal 0 0 -1
    outer loop
      vertex 5.10048 62.3338 0
      vertex 8.05 57.95 0
      vertex 5.1279 62.2244 0
    endloop
  endfacet
  facet normal 0 0 -1
    outer loop
      vertex 21.95 57.95 0
      vertex 5.10048 62.3338 0
      vertex 5.06246 62.4401 0
    endloop
  endfacet
  facet normal 0 0 -1
    outer loop
      vertex 21.95 57.95 0
      vertex 5.06246 62.4401 0
      vertex 5.01421 62.5421 0
    endloop
  endfacet
  facet normal 0 0 -1
    outer loop
      vertex 4.95619 62.6389 0
      vertex 21.95 57.95 0
      vertex 5.01421 62.5421 0
    endloop
  endfacet
  facet normal 0 0 -1
    outer loop
      vertex 4.88896 62.7296 0
      vertex 21.95 57.95 0
      vertex 4.95619 62.6389 0
    endloop
  endfacet
  facet normal 0 0 -1
    outer loop
      vertex 21.95 57.95 0
      vertex 4.88896 62.7296 0
      vertex 3 66 0
    endloop
  endfacet
  facet normal 0 0 -1
    outer loop
      vertex 3 66 0
      vertex 4.88896 62.7296 0
      vertex 4.81317 62.8132 0
    endloop
  endfacet
  facet normal 0 0 -1
    outer loop
      vertex 3 66 0
      vertex 4.81317 62.8132 0
      vertex 4.72955 62.889 0
    endloop
  endfacet
  facet normal 0 0 -1
    outer loop
      vertex 3 66 0
      vertex 4.72955 62.889 0
      vertex 4.63891 62.9562 0
    endloop
  endfacet
  facet normal 0 0 -1
    outer loop
      vertex 3 66 0
      vertex 4.63891 62.9562 0
      vertex 4.54211 63.0142 0
    endloop
  endfacet
  facet normal 0 0 -1
    outer loop
      vertex 3 66 0
      vertex 4.54211 63.0142 0
      vertex 4.44009 63.0625 0
    endloop
  endfacet
  facet normal 0 0 -1
    outer loop
      vertex 3 66 0
      vertex 4.44009 63.0625 0
      vertex 4.33383 63.1005 0
    endloop
  endfacet
  facet normal 0 0 -1
    outer loop
      vertex 3 66 0
      vertex 4.33383 63.1005 0
      vertex 4.22435 63.1279 0
    endloop
  endfacet
  facet normal 0 0 -1
    outer loop
      vertex 3 66 0
      vertex 4.22435 63.1279 0
      vertex 4.11272 63.1445 0
    endloop
  endfacet
  facet normal 0 0 -1
    outer loop
      vertex 3 66 0
      vertex 4.11272 63.1445 0
      vertex 4 63.15 0
    endloop
  endfacet
  facet normal 0 0 -1
    outer loop
      vertex 48.95 57.95 0
      vertex 3 66 0
      vertex 99 66 0
    endloop
  endfacet
  facet normal 0 0 -1
    outer loop
      vertex 3.88728 63.1445 0
      vertex 3 66 0
      vertex 4 63.15 0
    endloop
  endfacet
  facet normal 0 0 -1
    outer loop
      vertex 3.77565 63.1279 0
      vertex 3 66 0
      vertex 3.88728 63.1445 0
    endloop
  endfacet
  facet normal 0 0 -1
    outer loop
      vertex 3.66617 63.1005 0
      vertex 3 66 0
      vertex 3.77565 63.1279 0
    endloop
  endfacet
  facet normal 0 0 -1
    outer loop
      vertex 3.55991 63.0625 0
      vertex 3 66 0
      vertex 3.66617 63.1005 0
    endloop
  endfacet
  facet normal 0 0 -1
    outer loop
      vertex 2.70595 65.9855 0
      vertex 3.55991 63.0625 0
      vertex 3.45789 63.0142 0
    endloop
  endfacet
  facet normal 0 0 -1
    outer loop
      vertex 2.12915 65.8708 0
      vertex 3.45789 63.0142 0
      vertex 3.36109 62.9562 0
    endloop
  endfacet
  facet normal 0 0 -1
    outer loop
      vertex 1.58582 65.6458 0
      vertex 3.36109 62.9562 0
      vertex 3.27045 62.889 0
    endloop
  endfacet
  facet normal 0 0 -1
    outer loop
      vertex 1.09682 65.319 0
      vertex 3.27045 62.889 0
      vertex 3.18683 62.8132 0
    endloop
  endfacet
  facet normal 0 0 -1
    outer loop
      vertex 0.680969 64.9032 0
      vertex 3.18683 62.8132 0
      vertex 3.11104 62.7296 0
    endloop
  endfacet
  facet normal 0 0 -1
    outer loop
      vertex 0.354233 64.4142 0
      vertex 3.11104 62.7296 0
      vertex 3.04381 62.6389 0
    endloop
  endfacet
  facet normal 0 0 -1
    outer loop
      vertex 0.129181 63.8708 0
      vertex 3.04381 62.6389 0
      vertex 2.98579 62.5421 0
    endloop
  endfacet
  facet normal 0 0 -1
    outer loop
      vertex 0.0144501 63.2941 0
      vertex 2.98579 62.5421 0
      vertex 2.93754 62.4401 0
    endloop
  endfacet
  facet normal 0 0 -1
    outer loop
      vertex 0 63 0
      vertex 2.93754 62.4401 0
      vertex 2.89952 62.3338 0
    endloop
  endfacet
  facet normal 0 0 -1
    outer loop
      vertex 0 63 0
      vertex 2.89952 62.3338 0
      vertex 2.8721 62.2244 0
    endloop
  endfacet
  facet normal 0 0 -1
    outer loop
      vertex 0 63 0
      vertex 2.8721 62.2244 0
      vertex 2.85554 62.1127 0
    endloop
  endfacet
  facet normal 0 0 -1
    outer loop
      vertex 0 63 0
      vertex 2.85554 62.1127 0
      vertex 2.85 62 0
    endloop
  endfacet
  facet normal 0 0 -1
    outer loop
      vertex 3.55991 63.0625 0
      vertex 2.70595 65.9855 0
      vertex 3 66 0
    endloop
  endfacet
  facet normal 0 0 -1
    outer loop
      vertex 2.8721 61.7756 0
      vertex 0 63 0
      vertex 2.85554 61.8873 0
    endloop
  endfacet
  facet normal 0 0 -1
    outer loop
      vertex 0.505585 1.33328 0
      vertex 3.11104 3.27045 0
      vertex 0.680969 1.09682 0
    endloop
  endfacet
  facet normal 0 0 -1
    outer loop
      vertex 2.85554 61.8873 0
      vertex 0 63 0
      vertex 2.85 62 0
    endloop
  endfacet
  facet normal 0 0 -1
    outer loop
      vertex 0.354233 1.58582 0
      vertex 3.11104 3.27045 0
      vertex 0.505585 1.33328 0
    endloop
  endfacet
  facet normal 0 0 -1
    outer loop
      vertex 2.93754 62.4401 0
      vertex 0 63 0
      vertex 0.0144501 63.2941 0
    endloop
  endfacet
  facet normal -0 0 -1
    outer loop
      vertex 3.11104 3.27045 0
      vertex 0.354233 1.58582 0
      vertex 3.04381 3.36109 0
    endloop
  endfacet
  facet normal 0 0 -1
    outer loop
      vertex 3.45789 63.0142 0
      vertex 2.41473 65.9424 0
      vertex 2.70595 65.9855 0
    endloop
  endfacet
  facet normal 0 0 -1
    outer loop
      vertex 0.228363 1.85194 0
      vertex 3.04381 3.36109 0
      vertex 0.354233 1.58582 0
    endloop
  endfacet
  facet normal 0 0 -1
    outer loop
      vertex 3.45789 63.0142 0
      vertex 2.12915 65.8708 0
      vertex 2.41473 65.9424 0
    endloop
  endfacet
  facet normal 0 0 -1
    outer loop
      vertex 0.129181 2.12915 0
      vertex 3.04381 3.36109 0
      vertex 0.228363 1.85194 0
    endloop
  endfacet
  facet normal 0 0 -1
    outer loop
      vertex 3.36109 62.9562 0
      vertex 1.85194 65.7716 0
      vertex 2.12915 65.8708 0
    endloop
  endfacet
  facet normal -0 0 -1
    outer loop
      vertex 3.04381 3.36109 0
      vertex 0.129181 2.12915 0
      vertex 2.98579 3.45789 0
    endloop
  endfacet
  facet normal 0 0 -1
    outer loop
      vertex 3.36109 62.9562 0
      vertex 1.58582 65.6458 0
      vertex 1.85194 65.7716 0
    endloop
  endfacet
  facet normal 0 0 -1
    outer loop
      vertex 0.0576477 2.41473 0
      vertex 2.98579 3.45789 0
      vertex 0.129181 2.12915 0
    endloop
  endfacet
  facet normal 0 0 -1
    outer loop
      vertex 3.27045 62.889 0
      vertex 1.33328 65.4944 0
      vertex 1.58582 65.6458 0
    endloop
  endfacet
  facet normal 0 0 -1
    outer loop
      vertex 0.0144501 2.70595 0
      vertex 2.98579 3.45789 0
      vertex 0.0576477 2.41473 0
    endloop
  endfacet
  facet normal 0 0 -1
    outer loop
      vertex 3.27045 62.889 0
      vertex 1.09682 65.319 0
      vertex 1.33328 65.4944 0
    endloop
  endfacet
  facet normal -0 0 -1
    outer loop
      vertex 2.98579 3.45789 0
      vertex 0.0144501 2.70595 0
      vertex 2.93754 3.55991 0
    endloop
  endfacet
  facet normal 0 0 -1
    outer loop
      vertex 3.18683 62.8132 0
      vertex 0.878677 65.1213 0
      vertex 1.09682 65.319 0
    endloop
  endfacet
  facet normal 0 0 -1
    outer loop
      vertex 0 3 0
      vertex 2.93754 3.55991 0
      vertex 0.0144501 2.70595 0
    endloop
  endfacet
  facet normal 0 0 -1
    outer loop
      vertex 3.18683 62.8132 0
      vertex 0.680969 64.9032 0
      vertex 0.878677 65.1213 0
    endloop
  endfacet
  facet normal -0 0 -1
    outer loop
      vertex 2.93754 3.55991 0
      vertex 0 3 0
      vertex 2.89952 3.66617 0
    endloop
  endfacet
  facet normal 0 0 -1
    outer loop
      vertex 3.11104 62.7296 0
      vertex 0.505585 64.6667 0
      vertex 0.680969 64.9032 0
    endloop
  endfacet
  facet normal -0 0 -1
    outer loop
      vertex 2.89952 3.66617 0
      vertex 0 3 0
      vertex 2.8721 3.77565 0
    endloop
  endfacet
  facet normal 0 0 -1
    outer loop
      vertex 3.11104 62.7296 0
      vertex 0.354233 64.4142 0
      vertex 0.505585 64.6667 0
    endloop
  endfacet
  facet normal -0 0 -1
    outer loop
      vertex 2.8721 3.77565 0
      vertex 0 3 0
      vertex 2.85554 3.88728 0
    endloop
  endfacet
  facet normal 0 0 -1
    outer loop
      vertex 3.04381 62.6389 0
      vertex 0.228363 64.1481 0
      vertex 0.354233 64.4142 0
    endloop
  endfacet
  facet normal -0 0 -1
    outer loop
      vertex 2.85554 3.88728 0
      vertex 0 3 0
      vertex 2.85 4 0
    endloop
  endfacet
  facet normal 0 0 -1
    outer loop
      vertex 3.04381 62.6389 0
      vertex 0.129181 63.8708 0
      vertex 0.228363 64.1481 0
    endloop
  endfacet
  facet normal 0 0 -1
    outer loop
      vertex 2.98579 62.5421 0
      vertex 0.0576477 63.5853 0
      vertex 0.129181 63.8708 0
    endloop
  endfacet
  facet normal 0 0 -1
    outer loop
      vertex 2.98579 62.5421 0
      vertex 0.0144501 63.2941 0
      vertex 0.0576477 63.5853 0
    endloop
  endfacet
  facet normal -0 0 -1
    outer loop
      vertex 96.8 13.7 0
      vertex 93.95 8.05 0
      vertex 93.95 13.7 0
    endloop
  endfacet
  facet normal 0 0 -1
    outer loop
      vertex 57.95 34.3 0
      vertex 62.05 39.95 0
      vertex 62.05 34.3 0
    endloop
  endfacet
  facet normal 0 0 -1
    outer loop
      vertex 57.95 39.95 0
      vertex 62.05 39.95 0
      vertex 57.95 34.3 0
    endloop
  endfacet
  facet normal 0 0 -1
    outer loop
      vertex 62.05 44.05 0
      vertex 59.2 49.7 0
      vertex 62.05 49.7 0
    endloop
  endfacet
  facet normal -0 0 -1
    outer loop
      vertex 62.05 44.05 0
      vertex 57.95 39.95 0
      vertex 59.2 49.7 0
    endloop
  endfacet
  facet normal 0 0 -1
    outer loop
      vertex 62.05 39.95 0
      vertex 57.95 39.95 0
      vertex 62.05 44.05 0
    endloop
  endfacet
  facet normal 0 0 -1
    outer loop
      vertex 57.95 21.95 0
      vertex 62.05 21.95 0
      vertex 62.05 16.3 0
    endloop
  endfacet
  facet normal 0 0 -1
    outer loop
      vertex 62.05 21.95 0
      vertex 57.95 21.95 0
      vertex 62.05 26.05 0
    endloop
  endfacet
  facet normal 0 0 -1
    outer loop
      vertex 57.95 21.95 0
      vertex 62.05 16.3 0
      vertex 57.95 16.3 0
    endloop
  endfacet
  facet normal 0 0 -1
    outer loop
      vertex 57.95 26.05 0
      vertex 62.05 26.05 0
      vertex 57.95 21.95 0
    endloop
  endfacet
  facet normal 0 0 -1
    outer loop
      vertex 62.05 26.05 0
      vertex 57.95 26.05 0
      vertex 62.05 31.7 0
    endloop
  endfacet
  facet normal -0 0 -1
    outer loop
      vertex 62.05 31.7 0
      vertex 57.95 26.05 0
      vertex 57.95 31.7 0
    endloop
  endfacet
  facet normal 0 0 -1
    outer loop
      vertex 62.05 39.95 0
      vertex 75.95 44.05 0
      vertex 75.95 39.95 0
    endloop
  endfacet
  facet normal -0 0 -1
    outer loop
      vertex 75.95 44.05 0
      vertex 62.05 39.95 0
      vertex 62.05 44.05 0
    endloop
  endfacet
  facet normal 0 0 -1
    outer loop
      vertex 62.05 21.95 0
      vertex 75.95 26.05 0
      vertex 75.95 21.95 0
    endloop
  endfacet
  facet normal -0 0 -1
    outer loop
      vertex 75.95 26.05 0
      vertex 62.05 21.95 0
      vertex 62.05 26.05 0
    endloop
  endfacet
  facet normal -0 0 -1
    outer loop
      vertex 80.05 13.7 0
      vertex 75.95 8.05 0
      vertex 75.95 13.7 0
    endloop
  endfacet
  facet normal -0.989177 -0.146728 0
    outer loop
      vertex 0.0576477 2.41473 0
      vertex 0.0144501 2.70595 1.2
      vertex 0.0144501 2.70595 0
    endloop
  endfacet
  facet normal -0.989177 -0.146728 0
    outer loop
      vertex 0.0144501 2.70595 1.2
      vertex 0.0576477 2.41473 0
      vertex 0.0576477 2.41473 1.2
    endloop
  endfacet
  facet normal 0.94178 0.336229 0
    outer loop
      vertex 101.871 63.8708 1.2
      vertex 101.772 64.1481 0
      vertex 101.772 64.1481 1.2
    endloop
  endfacet
  facet normal 0.94178 0.336229 0
    outer loop
      vertex 101.772 64.1481 0
      vertex 101.871 63.8708 1.2
      vertex 101.871 63.8708 0
    endloop
  endfacet
  facet normal 0.998869 0.047549 0
    outer loop
      vertex 102 63 1.2
      vertex 101.986 63.2941 0
      vertex 101.986 63.2941 1.2
    endloop
  endfacet
  facet normal 0.998869 0.047549 0
    outer loop
      vertex 101.986 63.2941 0
      vertex 102 63 1.2
      vertex 102 63 0
    endloop
  endfacet
  facet normal 0.596512 0.802604 -0
    outer loop
      vertex 100.903 65.319 0
      vertex 100.667 65.4944 1.2
      vertex 100.903 65.319 1.2
    endloop
  endfacet
  facet normal 0.596512 0.802604 0
    outer loop
      vertex 100.667 65.4944 1.2
      vertex 100.903 65.319 0
      vertex 100.667 65.4944 0
    endloop
  endfacet
  facet normal 0.671776 0.740754 -0
    outer loop
      vertex 101.121 65.1213 0
      vertex 100.903 65.319 1.2
      vertex 101.121 65.1213 1.2
    endloop
  endfacet
  facet normal 0.671776 0.740754 0
    outer loop
      vertex 100.903 65.319 1.2
      vertex 101.121 65.1213 0
      vertex 100.903 65.319 0
    endloop
  endfacet
  facet normal 0.998869 -0.0475571 0
    outer loop
      vertex 101.986 2.70595 1.2
      vertex 102 3 0
      vertex 102 3 1.2
    endloop
  endfacet
  facet normal 0.998869 -0.0475571 0
    outer loop
      vertex 102 3 0
      vertex 101.986 2.70595 1.2
      vertex 101.986 2.70595 0
    endloop
  endfacet
endsolid OpenSCAD_Model
