solid OpenSCAD_Model
  facet normal 0.514086 -0.857739 0
    outer loop
      vertex 7.21417 -8.44576 0
      vertex 7.46671 -8.2944 0.00999928
      vertex 7.21417 -8.44576 0.00999928
    endloop
  endfacet
  facet normal 0.514086 -0.857739 0
    outer loop
      vertex 7.46671 -8.2944 0.00999928
      vertex 7.21417 -8.44576 0
      vertex 7.46671 -8.2944 0
    endloop
  endfacet
  facet normal 0.508284 -0.848114 0.1495
    outer loop
      vertex 7.21417 -8.44576 0.00999928
      vertex 6.91672 -7.74442 5
      vertex 6.66418 -7.89577 5
    endloop
  endfacet
  facet normal 0.508309 -0.848099 0.149499
    outer loop
      vertex 6.91672 -7.74442 5
      vertex 7.21417 -8.44576 0.00999928
      vertex 7.46671 -8.2944 0.00999928
    endloop
  endfacet
  facet normal 0.423036 -0.894403 0.145203
    outer loop
      vertex 6.94804 -8.57162 0.00999928
      vertex 6.66418 -7.89577 5
      vertex 6.39806 -8.02164 5
    endloop
  endfacet
  facet normal 0.422996 -0.894422 0.145204
    outer loop
      vertex 6.66418 -7.89577 5
      vertex 6.94804 -8.57162 0.00999928
      vertex 7.21417 -8.44576 0.00999928
    endloop
  endfacet
  facet normal 0.336909 -0.941537 0
    outer loop
      vertex 6.67084 -8.67081 0
      vertex 6.94804 -8.57162 0.00999928
      vertex 6.67084 -8.67081 0.00999928
    endloop
  endfacet
  facet normal 0.336909 -0.941537 0
    outer loop
      vertex 6.94804 -8.57162 0.00999928
      vertex 6.67084 -8.67081 0
      vertex 6.94804 -8.57162 0
    endloop
  endfacet
  facet normal 0.427527 -0.904003 0
    outer loop
      vertex 6.94804 -8.57162 0
      vertex 7.21417 -8.44576 0.00999928
      vertex 6.94804 -8.57162 0.00999928
    endloop
  endfacet
  facet normal 0.427527 -0.904003 0
    outer loop
      vertex 7.21417 -8.44576 0.00999928
      vertex 6.94804 -8.57162 0
      vertex 7.21417 -8.44576 0
    endloop
  endfacet
  facet normal 0.59572 -0.803192 0
    outer loop
      vertex 7.46671 -8.2944 0
      vertex 7.70317 -8.11902 0.00999928
      vertex 7.46671 -8.2944 0.00999928
    endloop
  endfacet
  facet normal 0.59572 -0.803192 0
    outer loop
      vertex 7.70317 -8.11902 0.00999928
      vertex 7.46671 -8.2944 0
      vertex 7.70317 -8.11902 0
    endloop
  endfacet
  facet normal -0.336909 -0.941537 0
    outer loop
      vertex -6.94804 -8.57162 0
      vertex -6.67084 -8.67081 0.00999928
      vertex -6.94804 -8.57162 0.00999928
    endloop
  endfacet
  facet normal -0.336909 -0.941537 -0
    outer loop
      vertex -6.67084 -8.67081 0.00999928
      vertex -6.94804 -8.57162 0
      vertex -6.67084 -8.67081 0
    endloop
  endfacet
  facet normal -0.740952 -0.671558 0
    outer loop
      vertex -7.92131 -7.92131 0
      vertex -8.11902 -7.70317 0.00999928
      vertex -8.11902 -7.70317 0
    endloop
  endfacet
  facet normal -0.740952 -0.671558 0
    outer loop
      vertex -8.11902 -7.70317 0.00999928
      vertex -7.92131 -7.92131 0
      vertex -7.92131 -7.92131 0.00999928
    endloop
  endfacet
  facet normal -0.427527 0.904003 0
    outer loop
      vertex -6.94804 8.57162 0
      vertex -7.21417 8.44576 0.00999928
      vertex -6.94804 8.57162 0.00999928
    endloop
  endfacet
  facet normal -0.427527 0.904003 0
    outer loop
      vertex -7.21417 8.44576 0.00999928
      vertex -6.94804 8.57162 0
      vertex -7.21417 8.44576 0
    endloop
  endfacet
  facet normal 0 -1 0
    outer loop
      vertex -5.79999 -8.79999 0
      vertex 5.79999 -8.79999 0.00999928
      vertex -5.79999 -8.79999 0.00999928
    endloop
  endfacet
  facet normal 0 -1 -0
    outer loop
      vertex 5.79999 -8.79999 0.00999928
      vertex -5.79999 -8.79999 0
      vertex 5.79999 -8.79999 0
    endloop
  endfacet
  facet normal -0.981512 0.145604 0.124229
    outer loop
      vertex -8.78554 6.09404 0.00999928
      vertex -8.19235 5.83527 5
      vertex -8.74234 6.38525 0.00999928
    endloop
  endfacet
  facet normal -0.981513 0.145599 0.124229
    outer loop
      vertex -8.19235 5.83527 5
      vertex -8.78554 6.09404 0.00999928
      vertex -8.23555 5.54405 5
    endloop
  endfacet
  facet normal 0.588762 0.793812 0.152385
    outer loop
      vertex 7.46671 8.2944 0.00999928
      vertex 7.15318 7.56903 5
      vertex 7.70317 8.11902 0.00999928
    endloop
  endfacet
  facet normal 0.588784 0.793796 0.152384
    outer loop
      vertex 7.15318 7.56903 5
      vertex 7.46671 8.2944 0.00999928
      vertex 6.91672 7.74442 5
    endloop
  endfacet
  facet normal 0.048758 0.992199 0.114733
    outer loop
      vertex 5.79999 8.79999 0.00999928
      vertex 5.54405 8.23555 5
      vertex 6.09404 8.78554 0.00999928
    endloop
  endfacet
  facet normal 0.048758 0.992199 0.114733
    outer loop
      vertex 5.54405 8.23555 5
      vertex 5.79999 8.79999 0.00999928
      vertex 5.25 8.25 5
    endloop
  endfacet
  facet normal 0.588784 -0.793796 0.152384
    outer loop
      vertex 7.46671 -8.2944 0.00999928
      vertex 7.15318 -7.56903 5
      vertex 6.91672 -7.74442 5
    endloop
  endfacet
  facet normal 0.588762 -0.793812 0.152385
    outer loop
      vertex 7.15318 -7.56903 5
      vertex 7.46671 -8.2944 0.00999928
      vertex 7.70317 -8.11902 0.00999928
    endloop
  endfacet
  facet normal 0.333613 0.932327 0.139527
    outer loop
      vertex 6.67084 8.67081 0.00999928
      vertex 6.39806 8.02164 5
      vertex 6.94804 8.57162 0.00999928
    endloop
  endfacet
  facet normal 0.333573 0.932342 0.139527
    outer loop
      vertex 6.39806 8.02164 5
      vertex 6.67084 8.67081 0.00999928
      vertex 6.12085 8.12082 5
    endloop
  endfacet
  facet normal 0 0.993981 0.109555
    outer loop
      vertex 5.79999 8.79999 0.00999928
      vertex -5.25 8.25 5
      vertex 5.25 8.25 5
    endloop
  endfacet
  facet normal 0 0.993981 0.109555
    outer loop
      vertex -5.25 8.25 5
      vertex 5.79999 8.79999 0.00999928
      vertex -5.79999 8.79999 0.00999928
    endloop
  endfacet
  facet normal -0.793812 0.588762 0.152385
    outer loop
      vertex -8.2944 7.46671 0.00999928
      vertex -7.56903 7.15318 5
      vertex -8.11902 7.70317 0.00999928
    endloop
  endfacet
  facet normal -0.793796 0.588784 0.152384
    outer loop
      vertex -7.56903 7.15318 5
      vertex -8.2944 7.46671 0.00999928
      vertex -7.74442 6.91672 5
    endloop
  endfacet
  facet normal -0.333613 -0.932327 0.139527
    outer loop
      vertex -6.67084 -8.67081 0.00999928
      vertex -6.39806 -8.02164 5
      vertex -6.94804 -8.57162 0.00999928
    endloop
  endfacet
  facet normal -0.333573 -0.932342 0.139527
    outer loop
      vertex -6.39806 -8.02164 5
      vertex -6.67084 -8.67081 0.00999928
      vertex -6.12085 -8.12082 5
    endloop
  endfacet
  facet normal 0 -0.993981 0.109555
    outer loop
      vertex -5.79999 -8.79999 0.00999928
      vertex 5.25 -8.25 5
      vertex -5.25 -8.25 5
    endloop
  endfacet
  facet normal 0 -0.993981 0.109555
    outer loop
      vertex 5.25 -8.25 5
      vertex -5.79999 -8.79999 0.00999928
      vertex 5.79999 -8.79999 0.00999928
    endloop
  endfacet
  facet normal -0.671558 -0.740952 0
    outer loop
      vertex -7.92131 -7.92131 0
      vertex -7.70317 -8.11902 0.00999928
      vertex -7.92131 -7.92131 0.00999928
    endloop
  endfacet
  facet normal -0.671558 -0.740952 -0
    outer loop
      vertex -7.70317 -8.11902 0.00999928
      vertex -7.92131 -7.92131 0
      vertex -7.70317 -8.11902 0
    endloop
  endfacet
  facet normal 0 1 -0
    outer loop
      vertex 5.79999 8.79999 0
      vertex -5.79999 8.79999 0.00999928
      vertex 5.79999 8.79999 0.00999928
    endloop
  endfacet
  facet normal 0 1 0
    outer loop
      vertex -5.79999 8.79999 0.00999928
      vertex 5.79999 8.79999 0
      vertex -5.79999 8.79999 0
    endloop
  endfacet
  facet normal 0.932342 -0.333573 0.139527
    outer loop
      vertex 8.02164 -6.39806 5
      vertex 8.67081 -6.67084 0.00999928
      vertex 8.12082 -6.12085 5
    endloop
  endfacet
  facet normal 0.932327 -0.333613 0.139527
    outer loop
      vertex 8.67081 -6.67084 0.00999928
      vertex 8.02164 -6.39806 5
      vertex 8.57162 -6.94804 0.00999928
    endloop
  endfacet
  facet normal 0.514086 0.857739 -0
    outer loop
      vertex 7.46671 8.2944 0
      vertex 7.21417 8.44576 0.00999928
      vertex 7.46671 8.2944 0.00999928
    endloop
  endfacet
  facet normal 0.514086 0.857739 0
    outer loop
      vertex 7.21417 8.44576 0.00999928
      vertex 7.46671 8.2944 0
      vertex 7.21417 8.44576 0
    endloop
  endfacet
  facet normal 0.732133 0.663564 0.153832
    outer loop
      vertex 7.37132 7.37132 5
      vertex 8.11902 7.70317 0.00999928
      vertex 7.92131 7.92131 0.00999928
    endloop
  endfacet
  facet normal 0.732133 0.663564 0.153832
    outer loop
      vertex 8.11902 7.70317 0.00999928
      vertex 7.37132 7.37132 5
      vertex 7.56903 7.15318 5
    endloop
  endfacet
  facet normal -0.588784 0.793796 0.152384
    outer loop
      vertex -7.46671 8.2944 0.00999928
      vertex -7.15318 7.56903 5
      vertex -6.91672 7.74442 5
    endloop
  endfacet
  facet normal -0.588762 0.793812 0.152385
    outer loop
      vertex -7.15318 7.56903 5
      vertex -7.46671 8.2944 0.00999928
      vertex -7.70317 8.11902 0.00999928
    endloop
  endfacet
  facet normal -0.848114 -0.508284 0.1495
    outer loop
      vertex -8.44576 -7.21417 0.00999928
      vertex -7.74442 -6.91672 5
      vertex -7.89577 -6.66418 5
    endloop
  endfacet
  facet normal -0.848099 -0.508309 0.149499
    outer loop
      vertex -7.74442 -6.91672 5
      vertex -8.44576 -7.21417 0.00999928
      vertex -8.2944 -7.46671 0.00999928
    endloop
  endfacet
  facet normal -0.992199 -0.048758 0.114733
    outer loop
      vertex -8.79999 -5.79999 0.00999928
      vertex -8.23555 -5.54405 5
      vertex -8.25 -5.25 5
    endloop
  endfacet
  facet normal -0.992199 -0.048758 0.114733
    outer loop
      vertex -8.23555 -5.54405 5
      vertex -8.79999 -5.79999 0.00999928
      vertex -8.78554 -6.09404 0.00999928
    endloop
  endfacet
  facet normal -0.932327 0.333613 0.139527
    outer loop
      vertex -8.67081 6.67084 0.00999928
      vertex -8.02164 6.39806 5
      vertex -8.57162 6.94804 0.00999928
    endloop
  endfacet
  facet normal -0.932342 0.333573 0.139527
    outer loop
      vertex -8.02164 6.39806 5
      vertex -8.67081 6.67084 0.00999928
      vertex -8.12082 6.12085 5
    endloop
  endfacet
  facet normal 0.145599 -0.981513 0.124229
    outer loop
      vertex 6.09404 -8.78554 0.00999928
      vertex 5.83527 -8.19235 5
      vertex 5.54405 -8.23555 5
    endloop
  endfacet
  facet normal 0.145604 -0.981512 0.124229
    outer loop
      vertex 5.83527 -8.19235 5
      vertex 6.09404 -8.78554 0.00999928
      vertex 6.38525 -8.74234 0.00999928
    endloop
  endfacet
  facet normal 0.240824 -0.96148 0.132516
    outer loop
      vertex 6.38525 -8.74234 0.00999928
      vertex 6.12085 -8.12082 5
      vertex 5.83527 -8.19235 5
    endloop
  endfacet
  facet normal 0.240817 -0.961482 0.132515
    outer loop
      vertex 6.12085 -8.12082 5
      vertex 6.38525 -8.74234 0.00999928
      vertex 6.67084 -8.67081 0.00999928
    endloop
  endfacet
  facet normal 0.333573 -0.932342 0.139527
    outer loop
      vertex 6.67084 -8.67081 0.00999928
      vertex 6.39806 -8.02164 5
      vertex 6.12085 -8.12082 5
    endloop
  endfacet
  facet normal 0.333613 -0.932327 0.139527
    outer loop
      vertex 6.39806 -8.02164 5
      vertex 6.67084 -8.67081 0.00999928
      vertex 6.94804 -8.57162 0.00999928
    endloop
  endfacet
  facet normal -0.422996 -0.894422 0.145204
    outer loop
      vertex -6.94804 -8.57162 0.00999928
      vertex -6.66418 -7.89577 5
      vertex -7.21417 -8.44576 0.00999928
    endloop
  endfacet
  facet normal -0.423036 -0.894403 0.145203
    outer loop
      vertex -6.66418 -7.89577 5
      vertex -6.94804 -8.57162 0.00999928
      vertex -6.39806 -8.02164 5
    endloop
  endfacet
  facet normal -0.146741 -0.989175 0
    outer loop
      vertex -6.38525 -8.74234 0
      vertex -6.09404 -8.78554 0.00999928
      vertex -6.38525 -8.74234 0.00999928
    endloop
  endfacet
  facet normal -0.146741 -0.989175 -0
    outer loop
      vertex -6.09404 -8.78554 0.00999928
      vertex -6.38525 -8.74234 0
      vertex -6.09404 -8.78554 0
    endloop
  endfacet
  facet normal -0.793796 -0.588784 0.152384
    outer loop
      vertex -8.2944 -7.46671 0.00999928
      vertex -7.56903 -7.15318 5
      vertex -7.74442 -6.91672 5
    endloop
  endfacet
  facet normal -0.793812 -0.588762 0.152385
    outer loop
      vertex -7.56903 -7.15318 5
      vertex -8.2944 -7.46671 0.00999928
      vertex -8.11902 -7.70317 0.00999928
    endloop
  endfacet
  facet normal -0.333573 0.932342 0.139527
    outer loop
      vertex -6.67084 8.67081 0.00999928
      vertex -6.39806 8.02164 5
      vertex -6.12085 8.12082 5
    endloop
  endfacet
  facet normal -0.333613 0.932327 0.139527
    outer loop
      vertex -6.39806 8.02164 5
      vertex -6.67084 8.67081 0.00999928
      vertex -6.94804 8.57162 0.00999928
    endloop
  endfacet
  facet normal -0.242959 0.970037 0
    outer loop
      vertex -6.38525 8.74234 0
      vertex -6.67084 8.67081 0.00999928
      vertex -6.38525 8.74234 0.00999928
    endloop
  endfacet
  facet normal -0.242959 0.970037 0
    outer loop
      vertex -6.67084 8.67081 0.00999928
      vertex -6.38525 8.74234 0
      vertex -6.67084 8.67081 0
    endloop
  endfacet
  facet normal 0.993981 -0 0.109555
    outer loop
      vertex 8.25 -5.25 5
      vertex 8.79999 5.79999 0.00999928
      vertex 8.25 5.25 5
    endloop
  endfacet
  facet normal 0.993981 0 0.109555
    outer loop
      vertex 8.79999 5.79999 0.00999928
      vertex 8.25 -5.25 5
      vertex 8.79999 -5.79999 0.00999928
    endloop
  endfacet
  facet normal 0.989175 0.146741 0
    outer loop
      vertex 8.78554 6.09404 0.00999928
      vertex 8.74234 6.38525 0
      vertex 8.74234 6.38525 0.00999928
    endloop
  endfacet
  facet normal 0.989175 0.146741 0
    outer loop
      vertex 8.74234 6.38525 0
      vertex 8.78554 6.09404 0.00999928
      vertex 8.78554 6.09404 0
    endloop
  endfacet
  facet normal 0.422996 0.894422 0.145204
    outer loop
      vertex 6.94804 8.57162 0.00999928
      vertex 6.66418 7.89577 5
      vertex 7.21417 8.44576 0.00999928
    endloop
  endfacet
  facet normal 0.423036 0.894403 0.145203
    outer loop
      vertex 6.66418 7.89577 5
      vertex 6.94804 8.57162 0.00999928
      vertex 6.39806 8.02164 5
    endloop
  endfacet
  facet normal -0.048758 0.992199 0.114733
    outer loop
      vertex -5.79999 8.79999 0.00999928
      vertex -5.54405 8.23555 5
      vertex -5.25 8.25 5
    endloop
  endfacet
  facet normal -0.048758 0.992199 0.114733
    outer loop
      vertex -5.54405 8.23555 5
      vertex -5.79999 8.79999 0.00999928
      vertex -6.09404 8.78554 0.00999928
    endloop
  endfacet
  facet normal -0.508284 0.848114 0.1495
    outer loop
      vertex -7.21417 8.44576 0.00999928
      vertex -6.91672 7.74442 5
      vertex -6.66418 7.89577 5
    endloop
  endfacet
  facet normal -0.508309 0.848099 0.149499
    outer loop
      vertex -6.91672 7.74442 5
      vertex -7.21417 8.44576 0.00999928
      vertex -7.46671 8.2944 0.00999928
    endloop
  endfacet
  facet normal -0.941537 -0.336909 0
    outer loop
      vertex -8.57162 -6.94804 0
      vertex -8.67081 -6.67084 0.00999928
      vertex -8.67081 -6.67084 0
    endloop
  endfacet
  facet normal -0.941537 -0.336909 0
    outer loop
      vertex -8.67081 -6.67084 0.00999928
      vertex -8.57162 -6.94804 0
      vertex -8.57162 -6.94804 0.00999928
    endloop
  endfacet
  facet normal -0.993981 0 0.109555
    outer loop
      vertex -8.79999 5.79999 0.00999928
      vertex -8.25 -5.25 5
      vertex -8.25 5.25 5
    endloop
  endfacet
  facet normal -0.993981 0 0.109555
    outer loop
      vertex -8.25 -5.25 5
      vertex -8.79999 5.79999 0.00999928
      vertex -8.79999 -5.79999 0.00999928
    endloop
  endfacet
  facet normal 0 0 -1
    outer loop
      vertex 6.87048 -5.79387 0
      vertex 8.79999 -5.79999 0
      vertex 8.78554 -6.09404 0
    endloop
  endfacet
  facet normal 0 0 -1
    outer loop
      vertex 8.79999 -5.79999 0
      vertex 6.87625 -5.67625 0
      vertex 8.79999 5.79999 0
    endloop
  endfacet
  facet normal 0 0 -1
    outer loop
      vertex 6.85319 -5.91037 0
      vertex 8.78554 -6.09404 0
      vertex 8.74234 -6.38525 0
    endloop
  endfacet
  facet normal 0 0 -1
    outer loop
      vertex 6.87625 5.67625 0
      vertex 8.79999 5.79999 0
      vertex 6.87625 -5.67625 0
    endloop
  endfacet
  facet normal 0 0 -1
    outer loop
      vertex 6.82458 -6.0246 0
      vertex 8.74234 -6.38525 0
      vertex 8.67081 -6.67084 0
    endloop
  endfacet
  facet normal 0 0 -1
    outer loop
      vertex 6.87048 5.79387 0
      vertex 8.79999 5.79999 0
      vertex 6.87625 5.67625 0
    endloop
  endfacet
  facet normal 0 0 -1
    outer loop
      vertex 6.78491 -6.13547 0
      vertex 8.67081 -6.67084 0
      vertex 8.57162 -6.94804 0
    endloop
  endfacet
  facet normal -0 0 -1
    outer loop
      vertex 8.79999 5.79999 0
      vertex 6.87048 5.79387 0
      vertex 8.78554 6.09404 0
    endloop
  endfacet
  facet normal 0 0 -1
    outer loop
      vertex 6.73456 -6.24193 0
      vertex 8.57162 -6.94804 0
      vertex 8.44576 -7.21417 0
    endloop
  endfacet
  facet normal 0 0 -1
    outer loop
      vertex 6.85319 5.91037 0
      vertex 8.78554 6.09404 0
      vertex 6.87048 5.79387 0
    endloop
  endfacet
  facet normal 0 0 -1
    outer loop
      vertex 6.67401 -6.34294 0
      vertex 8.44576 -7.21417 0
      vertex 8.2944 -7.46671 0
    endloop
  endfacet
  facet normal -0 0 -1
    outer loop
      vertex 8.78554 6.09404 0
      vertex 6.85319 5.91037 0
      vertex 8.74234 6.38525 0
    endloop
  endfacet
  facet normal 0 0 -1
    outer loop
      vertex 6.60386 -6.43753 0
      vertex 8.2944 -7.46671 0
      vertex 8.11902 -7.70317 0
    endloop
  endfacet
  facet normal 0 0 -1
    outer loop
      vertex 6.82458 6.0246 0
      vertex 8.74234 6.38525 0
      vertex 6.85319 5.91037 0
    endloop
  endfacet
  facet normal 0 0 -1
    outer loop
      vertex 6.60386 -6.43753 0
      vertex 8.11902 -7.70317 0
      vertex 7.92131 -7.92131 0
    endloop
  endfacet
  facet normal -0 0 -1
    outer loop
      vertex 8.74234 6.38525 0
      vertex 6.82458 6.0246 0
      vertex 8.67081 6.67084 0
    endloop
  endfacet
  facet normal 0 0 -1
    outer loop
      vertex 6.52478 -6.52478 0
      vertex 7.92131 -7.92131 0
      vertex 7.70317 -8.11902 0
    endloop
  endfacet
  facet normal 0 0 -1
    outer loop
      vertex 6.78491 6.13547 0
      vertex 8.67081 6.67084 0
      vertex 6.82458 6.0246 0
    endloop
  endfacet
  facet normal 0 0 -1
    outer loop
      vertex 6.43753 -6.60386 0
      vertex 7.70317 -8.11902 0
      vertex 7.46671 -8.2944 0
    endloop
  endfacet
  facet normal -0 0 -1
    outer loop
      vertex 8.67081 6.67084 0
      vertex 6.78491 6.13547 0
      vertex 8.57162 6.94804 0
    endloop
  endfacet
  facet normal 0 0 -1
    outer loop
      vertex 6.34294 -6.67401 0
      vertex 7.46671 -8.2944 0
      vertex 7.21417 -8.44576 0
    endloop
  endfacet
  facet normal 0 0 -1
    outer loop
      vertex 6.73456 6.24193 0
      vertex 8.57162 6.94804 0
      vertex 6.78491 6.13547 0
    endloop
  endfacet
  facet normal 0 0 -1
    outer loop
      vertex 6.24193 -6.73456 0
      vertex 7.21417 -8.44576 0
      vertex 6.94804 -8.57162 0
    endloop
  endfacet
  facet normal -0 0 -1
    outer loop
      vertex 8.57162 6.94804 0
      vertex 6.73456 6.24193 0
      vertex 8.44576 7.21417 0
    endloop
  endfacet
  facet normal 0 0 -1
    outer loop
      vertex 6.67401 6.34294 0
      vertex 8.44576 7.21417 0
      vertex 6.73456 6.24193 0
    endloop
  endfacet
  facet normal 0 0 -1
    outer loop
      vertex 8.79999 -5.79999 0
      vertex 6.87048 -5.79387 0
      vertex 6.87625 -5.67625 0
    endloop
  endfacet
  facet normal 0 0 -1
    outer loop
      vertex 8.78554 -6.09404 0
      vertex 6.85319 -5.91037 0
      vertex 6.87048 -5.79387 0
    endloop
  endfacet
  facet normal 0 0 -1
    outer loop
      vertex 8.74234 -6.38525 0
      vertex 6.82458 -6.0246 0
      vertex 6.85319 -5.91037 0
    endloop
  endfacet
  facet normal 0 0 -1
    outer loop
      vertex 8.67081 -6.67084 0
      vertex 6.78491 -6.13547 0
      vertex 6.82458 -6.0246 0
    endloop
  endfacet
  facet normal 0 0 -1
    outer loop
      vertex 8.57162 -6.94804 0
      vertex 6.73456 -6.24193 0
      vertex 6.78491 -6.13547 0
    endloop
  endfacet
  facet normal 0 0 -1
    outer loop
      vertex 8.44576 -7.21417 0
      vertex 6.67401 -6.34294 0
      vertex 6.73456 -6.24193 0
    endloop
  endfacet
  facet normal 0 0 -1
    outer loop
      vertex 6.13547 -6.78491 0
      vertex 6.94804 -8.57162 0
      vertex 6.67084 -8.67081 0
    endloop
  endfacet
  facet normal 0 0 -1
    outer loop
      vertex 8.2944 -7.46671 0
      vertex 6.60386 -6.43753 0
      vertex 6.67401 -6.34294 0
    endloop
  endfacet
  facet normal 0 0 -1
    outer loop
      vertex 7.92131 -7.92131 0
      vertex 6.52478 -6.52478 0
      vertex 6.60386 -6.43753 0
    endloop
  endfacet
  facet normal 0 0 -1
    outer loop
      vertex 7.70317 -8.11902 0
      vertex 6.43753 -6.60386 0
      vertex 6.52478 -6.52478 0
    endloop
  endfacet
  facet normal 0 0 -1
    outer loop
      vertex 6.0246 -6.82458 0
      vertex 6.67084 -8.67081 0
      vertex 6.38525 -8.74234 0
    endloop
  endfacet
  facet normal 0 0 -1
    outer loop
      vertex 7.46671 -8.2944 0
      vertex 6.34294 -6.67401 0
      vertex 6.43753 -6.60386 0
    endloop
  endfacet
  facet normal 0 0 -1
    outer loop
      vertex 7.21417 -8.44576 0
      vertex 6.24193 -6.73456 0
      vertex 6.34294 -6.67401 0
    endloop
  endfacet
  facet normal 0 0 -1
    outer loop
      vertex 6.94804 -8.57162 0
      vertex 6.13547 -6.78491 0
      vertex 6.24193 -6.73456 0
    endloop
  endfacet
  facet normal 0 0 -1
    outer loop
      vertex 5.91037 -6.85319 0
      vertex 6.38525 -8.74234 0
      vertex 6.09404 -8.78554 0
    endloop
  endfacet
  facet normal 0 0 -1
    outer loop
      vertex 6.67084 -8.67081 0
      vertex 6.0246 -6.82458 0
      vertex 6.13547 -6.78491 0
    endloop
  endfacet
  facet normal 0 0 -1
    outer loop
      vertex 6.38525 -8.74234 0
      vertex 5.91037 -6.85319 0
      vertex 6.0246 -6.82458 0
    endloop
  endfacet
  facet normal 0 0 -1
    outer loop
      vertex 5.79387 -6.87048 0
      vertex 6.09404 -8.78554 0
      vertex 5.79999 -8.79999 0
    endloop
  endfacet
  facet normal 0 0 -1
    outer loop
      vertex 6.09404 -8.78554 0
      vertex 5.79387 -6.87048 0
      vertex 5.91037 -6.85319 0
    endloop
  endfacet
  facet normal 0 0 -1
    outer loop
      vertex 5.79999 -8.79999 0
      vertex 5.67625 -6.87625 0
      vertex 5.79387 -6.87048 0
    endloop
  endfacet
  facet normal 0 0 -1
    outer loop
      vertex 5.79999 -8.79999 0
      vertex -5.67625 -6.87625 0
      vertex 5.67625 -6.87625 0
    endloop
  endfacet
  facet normal 0 0 -1
    outer loop
      vertex -5.79999 -8.79999 0
      vertex -5.67625 -6.87625 0
      vertex 5.79999 -8.79999 0
    endloop
  endfacet
  facet normal -0 0 -1
    outer loop
      vertex -5.67625 -6.87625 0
      vertex -5.79999 -8.79999 0
      vertex -5.79387 -6.87048 0
    endloop
  endfacet
  facet normal 0 0 -1
    outer loop
      vertex -6.09404 -8.78554 0
      vertex -5.79387 -6.87048 0
      vertex -5.79999 -8.79999 0
    endloop
  endfacet
  facet normal -0 0 -1
    outer loop
      vertex -5.79387 -6.87048 0
      vertex -6.09404 -8.78554 0
      vertex -5.91037 -6.85319 0
    endloop
  endfacet
  facet normal 0 0 -1
    outer loop
      vertex -6.38525 -8.74234 0
      vertex -5.91037 -6.85319 0
      vertex -6.09404 -8.78554 0
    endloop
  endfacet
  facet normal -0 0 -1
    outer loop
      vertex -5.91037 -6.85319 0
      vertex -6.38525 -8.74234 0
      vertex -6.0246 -6.82458 0
    endloop
  endfacet
  facet normal 0 0 -1
    outer loop
      vertex -6.67084 -8.67081 0
      vertex -6.0246 -6.82458 0
      vertex -6.38525 -8.74234 0
    endloop
  endfacet
  facet normal -0 0 -1
    outer loop
      vertex -6.0246 -6.82458 0
      vertex -6.67084 -8.67081 0
      vertex -6.13547 -6.78491 0
    endloop
  endfacet
  facet normal 0 0 -1
    outer loop
      vertex -6.94804 -8.57162 0
      vertex -6.13547 -6.78491 0
      vertex -6.67084 -8.67081 0
    endloop
  endfacet
  facet normal -0 0 -1
    outer loop
      vertex -6.13547 -6.78491 0
      vertex -6.94804 -8.57162 0
      vertex -6.24193 -6.73456 0
    endloop
  endfacet
  facet normal 0 0 -1
    outer loop
      vertex -7.21417 -8.44576 0
      vertex -6.24193 -6.73456 0
      vertex -6.94804 -8.57162 0
    endloop
  endfacet
  facet normal -0 0 -1
    outer loop
      vertex -6.24193 -6.73456 0
      vertex -7.21417 -8.44576 0
      vertex -6.34294 -6.67401 0
    endloop
  endfacet
  facet normal 0 0 -1
    outer loop
      vertex -7.46671 -8.2944 0
      vertex -6.34294 -6.67401 0
      vertex -7.21417 -8.44576 0
    endloop
  endfacet
  facet normal -0 0 -1
    outer loop
      vertex -6.34294 -6.67401 0
      vertex -7.46671 -8.2944 0
      vertex -6.43753 -6.60386 0
    endloop
  endfacet
  facet normal 0 0 -1
    outer loop
      vertex -7.70317 -8.11902 0
      vertex -6.43753 -6.60386 0
      vertex -7.46671 -8.2944 0
    endloop
  endfacet
  facet normal -0 0 -1
    outer loop
      vertex -6.43753 -6.60386 0
      vertex -7.70317 -8.11902 0
      vertex -6.52478 -6.52478 0
    endloop
  endfacet
  facet normal 0 0 -1
    outer loop
      vertex -7.92131 -7.92131 0
      vertex -6.52478 -6.52478 0
      vertex -7.70317 -8.11902 0
    endloop
  endfacet
  facet normal -0 0 -1
    outer loop
      vertex -6.52478 -6.52478 0
      vertex -7.92131 -7.92131 0
      vertex -6.60386 -6.43753 0
    endloop
  endfacet
  facet normal 0 0 -1
    outer loop
      vertex -8.11902 -7.70317 0
      vertex -6.60386 -6.43753 0
      vertex -7.92131 -7.92131 0
    endloop
  endfacet
  facet normal 0 0 -1
    outer loop
      vertex -8.44576 -7.21417 0
      vertex -6.67401 -6.34294 0
      vertex -8.2944 -7.46671 0
    endloop
  endfacet
  facet normal -0 0 -1
    outer loop
      vertex -6.60386 -6.43753 0
      vertex -8.2944 -7.46671 0
      vertex -6.67401 -6.34294 0
    endloop
  endfacet
  facet normal 0 0 -1
    outer loop
      vertex -8.2944 -7.46671 0
      vertex -6.60386 -6.43753 0
      vertex -8.11902 -7.70317 0
    endloop
  endfacet
  facet normal -0 0 -1
    outer loop
      vertex 8.44576 7.21417 0
      vertex 6.67401 6.34294 0
      vertex 8.2944 7.46671 0
    endloop
  endfacet
  facet normal 0 0 -1
    outer loop
      vertex 6.60386 6.43753 0
      vertex 8.2944 7.46671 0
      vertex 6.67401 6.34294 0
    endloop
  endfacet
  facet normal -0 0 -1
    outer loop
      vertex 8.2944 7.46671 0
      vertex 6.60386 6.43753 0
      vertex 8.11902 7.70317 0
    endloop
  endfacet
  facet normal -0 0 -1
    outer loop
      vertex 8.11902 7.70317 0
      vertex 6.60386 6.43753 0
      vertex 7.92131 7.92131 0
    endloop
  endfacet
  facet normal 0 0 -1
    outer loop
      vertex 6.52478 6.52478 0
      vertex 7.92131 7.92131 0
      vertex 6.60386 6.43753 0
    endloop
  endfacet
  facet normal -0 0 -1
    outer loop
      vertex 7.92131 7.92131 0
      vertex 6.52478 6.52478 0
      vertex 7.70317 8.11902 0
    endloop
  endfacet
  facet normal 0 0 -1
    outer loop
      vertex 6.43753 6.60386 0
      vertex 7.70317 8.11902 0
      vertex 6.52478 6.52478 0
    endloop
  endfacet
  facet normal -0 0 -1
    outer loop
      vertex 7.70317 8.11902 0
      vertex 6.43753 6.60386 0
      vertex 7.46671 8.2944 0
    endloop
  endfacet
  facet normal 0 0 -1
    outer loop
      vertex 6.34294 6.67401 0
      vertex 7.46671 8.2944 0
      vertex 6.43753 6.60386 0
    endloop
  endfacet
  facet normal -0 0 -1
    outer loop
      vertex 7.46671 8.2944 0
      vertex 6.34294 6.67401 0
      vertex 7.21417 8.44576 0
    endloop
  endfacet
  facet normal 0 0 -1
    outer loop
      vertex 6.24193 6.73456 0
      vertex 7.21417 8.44576 0
      vertex 6.34294 6.67401 0
    endloop
  endfacet
  facet normal -0 0 -1
    outer loop
      vertex 7.21417 8.44576 0
      vertex 6.24193 6.73456 0
      vertex 6.94804 8.57162 0
    endloop
  endfacet
  facet normal 0 0 -1
    outer loop
      vertex 6.13547 6.78491 0
      vertex 6.94804 8.57162 0
      vertex 6.24193 6.73456 0
    endloop
  endfacet
  facet normal -0 0 -1
    outer loop
      vertex 6.94804 8.57162 0
      vertex 6.13547 6.78491 0
      vertex 6.67084 8.67081 0
    endloop
  endfacet
  facet normal 0 0 -1
    outer loop
      vertex 6.0246 6.82458 0
      vertex 6.67084 8.67081 0
      vertex 6.13547 6.78491 0
    endloop
  endfacet
  facet normal -0 0 -1
    outer loop
      vertex 6.67084 8.67081 0
      vertex 6.0246 6.82458 0
      vertex 6.38525 8.74234 0
    endloop
  endfacet
  facet normal 0 0 -1
    outer loop
      vertex 5.91037 6.85319 0
      vertex 6.38525 8.74234 0
      vertex 6.0246 6.82458 0
    endloop
  endfacet
  facet normal -0 0 -1
    outer loop
      vertex 6.38525 8.74234 0
      vertex 5.91037 6.85319 0
      vertex 6.09404 8.78554 0
    endloop
  endfacet
  facet normal 0 0 -1
    outer loop
      vertex 5.79387 6.87048 0
      vertex 6.09404 8.78554 0
      vertex 5.91037 6.85319 0
    endloop
  endfacet
  facet normal -0 0 -1
    outer loop
      vertex 6.09404 8.78554 0
      vertex 5.79387 6.87048 0
      vertex 5.79999 8.79999 0
    endloop
  endfacet
  facet normal 0 0 -1
    outer loop
      vertex 5.67625 6.87625 0
      vertex 5.79999 8.79999 0
      vertex 5.79387 6.87048 0
    endloop
  endfacet
  facet normal 0 0 -1
    outer loop
      vertex -5.67625 6.87625 0
      vertex 5.79999 8.79999 0
      vertex 5.67625 6.87625 0
    endloop
  endfacet
  facet normal 0 0 -1
    outer loop
      vertex -5.79999 8.79999 0
      vertex -5.67625 6.87625 0
      vertex -5.79387 6.87048 0
    endloop
  endfacet
  facet normal 0 0 -1
    outer loop
      vertex -5.67625 6.87625 0
      vertex -5.79999 8.79999 0
      vertex 5.79999 8.79999 0
    endloop
  endfacet
  facet normal 0 0 -1
    outer loop
      vertex -6.09404 8.78554 0
      vertex -5.79387 6.87048 0
      vertex -5.91037 6.85319 0
    endloop
  endfacet
  facet normal 0 0 -1
    outer loop
      vertex -6.38525 8.74234 0
      vertex -5.91037 6.85319 0
      vertex -6.0246 6.82458 0
    endloop
  endfacet
  facet normal 0 0 -1
    outer loop
      vertex -5.79387 6.87048 0
      vertex -6.09404 8.78554 0
      vertex -5.79999 8.79999 0
    endloop
  endfacet
  facet normal 0 0 -1
    outer loop
      vertex -6.67084 8.67081 0
      vertex -6.0246 6.82458 0
      vertex -6.13547 6.78491 0
    endloop
  endfacet
  facet normal 0 0 -1
    outer loop
      vertex -6.94804 8.57162 0
      vertex -6.13547 6.78491 0
      vertex -6.24193 6.73456 0
    endloop
  endfacet
  facet normal 0 0 -1
    outer loop
      vertex -7.21417 8.44576 0
      vertex -6.24193 6.73456 0
      vertex -6.34294 6.67401 0
    endloop
  endfacet
  facet normal 0 0 -1
    outer loop
      vertex -5.91037 6.85319 0
      vertex -6.38525 8.74234 0
      vertex -6.09404 8.78554 0
    endloop
  endfacet
  facet normal 0 0 -1
    outer loop
      vertex -7.46671 8.2944 0
      vertex -6.34294 6.67401 0
      vertex -6.43753 6.60386 0
    endloop
  endfacet
  facet normal 0 0 -1
    outer loop
      vertex -7.70317 8.11902 0
      vertex -6.43753 6.60386 0
      vertex -6.52478 6.52478 0
    endloop
  endfacet
  facet normal 0 0 -1
    outer loop
      vertex -7.92131 7.92131 0
      vertex -6.52478 6.52478 0
      vertex -6.60386 6.43753 0
    endloop
  endfacet
  facet normal 0 0 -1
    outer loop
      vertex -6.0246 6.82458 0
      vertex -6.67084 8.67081 0
      vertex -6.38525 8.74234 0
    endloop
  endfacet
  facet normal 0 0 -1
    outer loop
      vertex -8.2944 7.46671 0
      vertex -6.60386 6.43753 0
      vertex -6.67401 6.34294 0
    endloop
  endfacet
  facet normal 0 0 -1
    outer loop
      vertex -8.44576 7.21417 0
      vertex -6.67401 6.34294 0
      vertex -6.73456 6.24193 0
    endloop
  endfacet
  facet normal 0 0 -1
    outer loop
      vertex -8.57162 6.94804 0
      vertex -6.73456 6.24193 0
      vertex -6.78491 6.13547 0
    endloop
  endfacet
  facet normal 0 0 -1
    outer loop
      vertex -8.67081 6.67084 0
      vertex -6.78491 6.13547 0
      vertex -6.82458 6.0246 0
    endloop
  endfacet
  facet normal 0 0 -1
    outer loop
      vertex -8.74234 6.38525 0
      vertex -6.82458 6.0246 0
      vertex -6.85319 5.91037 0
    endloop
  endfacet
  facet normal 0 0 -1
    outer loop
      vertex -8.78554 6.09404 0
      vertex -6.85319 5.91037 0
      vertex -6.87048 5.79387 0
    endloop
  endfacet
  facet normal 0 0 -1
    outer loop
      vertex -6.13547 6.78491 0
      vertex -6.94804 8.57162 0
      vertex -6.67084 8.67081 0
    endloop
  endfacet
  facet normal 0 0 -1
    outer loop
      vertex -8.79999 5.79999 0
      vertex -6.87048 5.79387 0
      vertex -6.87625 5.67625 0
    endloop
  endfacet
  facet normal -0 0 -1
    outer loop
      vertex -6.87625 -5.67625 0
      vertex -8.79999 -5.79999 0
      vertex -6.87625 5.67625 0
    endloop
  endfacet
  facet normal -0 0 -1
    outer loop
      vertex -6.67401 -6.34294 0
      vertex -8.44576 -7.21417 0
      vertex -6.73456 -6.24193 0
    endloop
  endfacet
  facet normal 0 0 -1
    outer loop
      vertex -8.79999 5.79999 0
      vertex -6.87625 5.67625 0
      vertex -8.79999 -5.79999 0
    endloop
  endfacet
  facet normal 0 0 -1
    outer loop
      vertex -8.57162 -6.94804 0
      vertex -6.73456 -6.24193 0
      vertex -8.44576 -7.21417 0
    endloop
  endfacet
  facet normal 0 0 -1
    outer loop
      vertex -6.87048 5.79387 0
      vertex -8.79999 5.79999 0
      vertex -8.78554 6.09404 0
    endloop
  endfacet
  facet normal -0 0 -1
    outer loop
      vertex -6.73456 -6.24193 0
      vertex -8.57162 -6.94804 0
      vertex -6.78491 -6.13547 0
    endloop
  endfacet
  facet normal 0 0 -1
    outer loop
      vertex -6.24193 6.73456 0
      vertex -7.21417 8.44576 0
      vertex -6.94804 8.57162 0
    endloop
  endfacet
  facet normal 0 0 -1
    outer loop
      vertex -8.67081 -6.67084 0
      vertex -6.78491 -6.13547 0
      vertex -8.57162 -6.94804 0
    endloop
  endfacet
  facet normal 0 0 -1
    outer loop
      vertex -6.34294 6.67401 0
      vertex -7.46671 8.2944 0
      vertex -7.21417 8.44576 0
    endloop
  endfacet
  facet normal -0 0 -1
    outer loop
      vertex -6.78491 -6.13547 0
      vertex -8.67081 -6.67084 0
      vertex -6.82458 -6.0246 0
    endloop
  endfacet
  facet normal 0 0 -1
    outer loop
      vertex -6.43753 6.60386 0
      vertex -7.70317 8.11902 0
      vertex -7.46671 8.2944 0
    endloop
  endfacet
  facet normal 0 0 -1
    outer loop
      vertex -8.74234 -6.38525 0
      vertex -6.82458 -6.0246 0
      vertex -8.67081 -6.67084 0
    endloop
  endfacet
  facet normal 0 0 -1
    outer loop
      vertex -6.52478 6.52478 0
      vertex -7.92131 7.92131 0
      vertex -7.70317 8.11902 0
    endloop
  endfacet
  facet normal -0 0 -1
    outer loop
      vertex -6.82458 -6.0246 0
      vertex -8.74234 -6.38525 0
      vertex -6.85319 -5.91037 0
    endloop
  endfacet
  facet normal 0 0 -1
    outer loop
      vertex -6.60386 6.43753 0
      vertex -8.11902 7.70317 0
      vertex -7.92131 7.92131 0
    endloop
  endfacet
  facet normal 0 0 -1
    outer loop
      vertex -8.78554 -6.09404 0
      vertex -6.85319 -5.91037 0
      vertex -8.74234 -6.38525 0
    endloop
  endfacet
  facet normal 0 0 -1
    outer loop
      vertex -6.60386 6.43753 0
      vertex -8.2944 7.46671 0
      vertex -8.11902 7.70317 0
    endloop
  endfacet
  facet normal -0 0 -1
    outer loop
      vertex -6.85319 -5.91037 0
      vertex -8.78554 -6.09404 0
      vertex -6.87048 -5.79387 0
    endloop
  endfacet
  facet normal 0 0 -1
    outer loop
      vertex -6.67401 6.34294 0
      vertex -8.44576 7.21417 0
      vertex -8.2944 7.46671 0
    endloop
  endfacet
  facet normal 0 0 -1
    outer loop
      vertex -8.79999 -5.79999 0
      vertex -6.87048 -5.79387 0
      vertex -8.78554 -6.09404 0
    endloop
  endfacet
  facet normal 0 0 -1
    outer loop
      vertex -6.73456 6.24193 0
      vertex -8.57162 6.94804 0
      vertex -8.44576 7.21417 0
    endloop
  endfacet
  facet normal -0 0 -1
    outer loop
      vertex -6.87048 -5.79387 0
      vertex -8.79999 -5.79999 0
      vertex -6.87625 -5.67625 0
    endloop
  endfacet
  facet normal 0 0 -1
    outer loop
      vertex -6.78491 6.13547 0
      vertex -8.67081 6.67084 0
      vertex -8.57162 6.94804 0
    endloop
  endfacet
  facet normal 0 0 -1
    outer loop
      vertex -6.82458 6.0246 0
      vertex -8.74234 6.38525 0
      vertex -8.67081 6.67084 0
    endloop
  endfacet
  facet normal 0 0 -1
    outer loop
      vertex -6.85319 5.91037 0
      vertex -8.78554 6.09404 0
      vertex -8.74234 6.38525 0
    endloop
  endfacet
  facet normal -0.894422 0.422996 0.145204
    outer loop
      vertex -8.57162 6.94804 0.00999928
      vertex -7.89577 6.66418 5
      vertex -8.44576 7.21417 0.00999928
    endloop
  endfacet
  facet normal -0.894403 0.423036 0.145203
    outer loop
      vertex -7.89577 6.66418 5
      vertex -8.57162 6.94804 0.00999928
      vertex -8.02164 6.39806 5
    endloop
  endfacet
  facet normal 0.242959 -0.970037 0
    outer loop
      vertex 6.38525 -8.74234 0
      vertex 6.67084 -8.67081 0.00999928
      vertex 6.38525 -8.74234 0.00999928
    endloop
  endfacet
  facet normal 0.242959 -0.970037 0
    outer loop
      vertex 6.67084 -8.67081 0.00999928
      vertex 6.38525 -8.74234 0
      vertex 6.67084 -8.67081 0
    endloop
  endfacet
  facet normal -0.242959 -0.970037 0
    outer loop
      vertex -6.67084 -8.67081 0
      vertex -6.38525 -8.74234 0.00999928
      vertex -6.67084 -8.67081 0.00999928
    endloop
  endfacet
  facet normal -0.242959 -0.970037 -0
    outer loop
      vertex -6.38525 -8.74234 0.00999928
      vertex -6.67084 -8.67081 0
      vertex -6.38525 -8.74234 0
    endloop
  endfacet
  facet normal -0.427527 -0.904003 0
    outer loop
      vertex -7.21417 -8.44576 0
      vertex -6.94804 -8.57162 0.00999928
      vertex -7.21417 -8.44576 0.00999928
    endloop
  endfacet
  facet normal -0.427527 -0.904003 -0
    outer loop
      vertex -6.94804 -8.57162 0.00999928
      vertex -7.21417 -8.44576 0
      vertex -6.94804 -8.57162 0
    endloop
  endfacet
  facet normal 0.048758 -0.992199 0.114733
    outer loop
      vertex 5.79999 -8.79999 0.00999928
      vertex 5.54405 -8.23555 5
      vertex 5.25 -8.25 5
    endloop
  endfacet
  facet normal 0.048758 -0.992199 0.114733
    outer loop
      vertex 5.54405 -8.23555 5
      vertex 5.79999 -8.79999 0.00999928
      vertex 6.09404 -8.78554 0.00999928
    endloop
  endfacet
  facet normal -0.514086 -0.857739 0
    outer loop
      vertex -7.46671 -8.2944 0
      vertex -7.21417 -8.44576 0.00999928
      vertex -7.46671 -8.2944 0.00999928
    endloop
  endfacet
  facet normal -0.514086 -0.857739 -0
    outer loop
      vertex -7.21417 -8.44576 0.00999928
      vertex -7.46671 -8.2944 0
      vertex -7.21417 -8.44576 0
    endloop
  endfacet
  facet normal -0.894403 -0.423036 0.145203
    outer loop
      vertex -8.57162 -6.94804 0.00999928
      vertex -7.89577 -6.66418 5
      vertex -8.02164 -6.39806 5
    endloop
  endfacet
  facet normal -0.894422 -0.422996 0.145204
    outer loop
      vertex -7.89577 -6.66418 5
      vertex -8.57162 -6.94804 0.00999928
      vertex -8.44576 -7.21417 0.00999928
    endloop
  endfacet
  facet normal -0.904003 -0.427527 0
    outer loop
      vertex -8.44576 -7.21417 0
      vertex -8.57162 -6.94804 0.00999928
      vertex -8.57162 -6.94804 0
    endloop
  endfacet
  facet normal -0.904003 -0.427527 0
    outer loop
      vertex -8.57162 -6.94804 0.00999928
      vertex -8.44576 -7.21417 0
      vertex -8.44576 -7.21417 0.00999928
    endloop
  endfacet
  facet normal -0.336909 0.941537 0
    outer loop
      vertex -6.67084 8.67081 0
      vertex -6.94804 8.57162 0.00999928
      vertex -6.67084 8.67081 0.00999928
    endloop
  endfacet
  facet normal -0.336909 0.941537 0
    outer loop
      vertex -6.94804 8.57162 0.00999928
      vertex -6.67084 8.67081 0
      vertex -6.94804 8.57162 0
    endloop
  endfacet
  facet normal 0.848099 0.508309 0.149499
    outer loop
      vertex 7.74442 6.91672 5
      vertex 8.44576 7.21417 0.00999928
      vertex 8.2944 7.46671 0.00999928
    endloop
  endfacet
  facet normal 0.848114 0.508284 0.1495
    outer loop
      vertex 8.44576 7.21417 0.00999928
      vertex 7.74442 6.91672 5
      vertex 7.89577 6.66418 5
    endloop
  endfacet
  facet normal 1 -0 0
    outer loop
      vertex 8.79999 -5.79999 0.00999928
      vertex 8.79999 5.79999 0
      vertex 8.79999 5.79999 0.00999928
    endloop
  endfacet
  facet normal 1 0 0
    outer loop
      vertex 8.79999 5.79999 0
      vertex 8.79999 -5.79999 0.00999928
      vertex 8.79999 -5.79999 0
    endloop
  endfacet
  facet normal 0.848114 -0.508284 0.1495
    outer loop
      vertex 7.74442 -6.91672 5
      vertex 8.44576 -7.21417 0.00999928
      vertex 7.89577 -6.66418 5
    endloop
  endfacet
  facet normal 0.848099 -0.508309 0.149499
    outer loop
      vertex 8.44576 -7.21417 0.00999928
      vertex 7.74442 -6.91672 5
      vertex 8.2944 -7.46671 0.00999928
    endloop
  endfacet
  facet normal 0.894403 -0.423036 0.145203
    outer loop
      vertex 7.89577 -6.66418 5
      vertex 8.57162 -6.94804 0.00999928
      vertex 8.02164 -6.39806 5
    endloop
  endfacet
  facet normal 0.894422 -0.422996 0.145204
    outer loop
      vertex 8.57162 -6.94804 0.00999928
      vertex 7.89577 -6.66418 5
      vertex 8.44576 -7.21417 0.00999928
    endloop
  endfacet
  facet normal 0.989175 -0.146741 0
    outer loop
      vertex 8.74234 -6.38525 0.00999928
      vertex 8.78554 -6.09404 0
      vertex 8.78554 -6.09404 0.00999928
    endloop
  endfacet
  facet normal 0.989175 -0.146741 0
    outer loop
      vertex 8.78554 -6.09404 0
      vertex 8.74234 -6.38525 0.00999928
      vertex 8.74234 -6.38525 0
    endloop
  endfacet
  facet normal 0.793796 -0.588784 0.152384
    outer loop
      vertex 7.56903 -7.15318 5
      vertex 8.2944 -7.46671 0.00999928
      vertex 7.74442 -6.91672 5
    endloop
  endfacet
  facet normal 0.793812 -0.588762 0.152385
    outer loop
      vertex 8.2944 -7.46671 0.00999928
      vertex 7.56903 -7.15318 5
      vertex 8.11902 -7.70317 0.00999928
    endloop
  endfacet
  facet normal 0.146741 0.989175 -0
    outer loop
      vertex 6.38525 8.74234 0
      vertex 6.09404 8.78554 0.00999928
      vertex 6.38525 8.74234 0.00999928
    endloop
  endfacet
  facet normal 0.146741 0.989175 0
    outer loop
      vertex 6.09404 8.78554 0.00999928
      vertex 6.38525 8.74234 0
      vertex 6.09404 8.78554 0
    endloop
  endfacet
  facet normal 0.336909 0.941537 -0
    outer loop
      vertex 6.94804 8.57162 0
      vertex 6.67084 8.67081 0.00999928
      vertex 6.94804 8.57162 0.00999928
    endloop
  endfacet
  facet normal 0.336909 0.941537 0
    outer loop
      vertex 6.67084 8.67081 0.00999928
      vertex 6.94804 8.57162 0
      vertex 6.67084 8.67081 0
    endloop
  endfacet
  facet normal 0.427527 0.904003 -0
    outer loop
      vertex 7.21417 8.44576 0
      vertex 6.94804 8.57162 0.00999928
      vertex 7.21417 8.44576 0.00999928
    endloop
  endfacet
  facet normal 0.427527 0.904003 0
    outer loop
      vertex 6.94804 8.57162 0.00999928
      vertex 7.21417 8.44576 0
      vertex 6.94804 8.57162 0
    endloop
  endfacet
  facet normal 0.740952 0.671558 0
    outer loop
      vertex 8.11902 7.70317 0.00999928
      vertex 7.92131 7.92131 0
      vertex 7.92131 7.92131 0.00999928
    endloop
  endfacet
  facet normal 0.740952 0.671558 0
    outer loop
      vertex 7.92131 7.92131 0
      vertex 8.11902 7.70317 0.00999928
      vertex 8.11902 7.70317 0
    endloop
  endfacet
  facet normal 0.663564 0.732133 0.153832
    outer loop
      vertex 7.70317 8.11902 0.00999928
      vertex 7.37132 7.37132 5
      vertex 7.92131 7.92131 0.00999928
    endloop
  endfacet
  facet normal 0.663564 0.732133 0.153832
    outer loop
      vertex 7.37132 7.37132 5
      vertex 7.70317 8.11902 0.00999928
      vertex 7.15318 7.56903 5
    endloop
  endfacet
  facet normal 0.508309 0.848099 0.149499
    outer loop
      vertex 7.21417 8.44576 0.00999928
      vertex 6.91672 7.74442 5
      vertex 7.46671 8.2944 0.00999928
    endloop
  endfacet
  facet normal 0.508284 0.848114 0.1495
    outer loop
      vertex 6.91672 7.74442 5
      vertex 7.21417 8.44576 0.00999928
      vertex 6.66418 7.89577 5
    endloop
  endfacet
  facet normal -0.240824 0.96148 0.132516
    outer loop
      vertex -6.38525 8.74234 0.00999928
      vertex -6.12085 8.12082 5
      vertex -5.83527 8.19235 5
    endloop
  endfacet
  facet normal -0.240817 0.961482 0.132515
    outer loop
      vertex -6.12085 8.12082 5
      vertex -6.38525 8.74234 0.00999928
      vertex -6.67084 8.67081 0.00999928
    endloop
  endfacet
  facet normal -0.998795 -0.0490821 0
    outer loop
      vertex -8.78554 -6.09404 0
      vertex -8.79999 -5.79999 0.00999928
      vertex -8.79999 -5.79999 0
    endloop
  endfacet
  facet normal -0.998795 -0.0490821 0
    outer loop
      vertex -8.79999 -5.79999 0.00999928
      vertex -8.78554 -6.09404 0
      vertex -8.78554 -6.09404 0.00999928
    endloop
  endfacet
  facet normal -0.96148 -0.240824 0.132516
    outer loop
      vertex -8.74234 -6.38525 0.00999928
      vertex -8.12082 -6.12085 5
      vertex -8.19235 -5.83527 5
    endloop
  endfacet
  facet normal -0.961482 -0.240817 0.132515
    outer loop
      vertex -8.12082 -6.12085 5
      vertex -8.74234 -6.38525 0.00999928
      vertex -8.67081 -6.67084 0.00999928
    endloop
  endfacet
  facet normal -0.981513 -0.145599 0.124229
    outer loop
      vertex -8.78554 -6.09404 0.00999928
      vertex -8.19235 -5.83527 5
      vertex -8.23555 -5.54405 5
    endloop
  endfacet
  facet normal -0.981512 -0.145604 0.124229
    outer loop
      vertex -8.19235 -5.83527 5
      vertex -8.78554 -6.09404 0.00999928
      vertex -8.74234 -6.38525 0.00999928
    endloop
  endfacet
  facet normal -0.992199 0.048758 0.114733
    outer loop
      vertex -8.79999 5.79999 0.00999928
      vertex -8.23555 5.54405 5
      vertex -8.78554 6.09404 0.00999928
    endloop
  endfacet
  facet normal -0.992199 0.048758 0.114733
    outer loop
      vertex -8.23555 5.54405 5
      vertex -8.79999 5.79999 0.00999928
      vertex -8.25 5.25 5
    endloop
  endfacet
  facet normal -1 0 0
    outer loop
      vertex -8.79999 -5.79999 0
      vertex -8.79999 5.79999 0.00999928
      vertex -8.79999 5.79999 0
    endloop
  endfacet
  facet normal -1 -0 0
    outer loop
      vertex -8.79999 5.79999 0.00999928
      vertex -8.79999 -5.79999 0
      vertex -8.79999 -5.79999 0.00999928
    endloop
  endfacet
  facet normal -0.998795 0.0490821 0
    outer loop
      vertex -8.79999 5.79999 0
      vertex -8.78554 6.09404 0.00999928
      vertex -8.78554 6.09404 0
    endloop
  endfacet
  facet normal -0.998795 0.0490821 0
    outer loop
      vertex -8.78554 6.09404 0.00999928
      vertex -8.79999 5.79999 0
      vertex -8.79999 5.79999 0.00999928
    endloop
  endfacet
  facet normal 0 0 1
    outer loop
      vertex 5.25 8.25 5
      vertex 8.25 5.25 5
      vertex 8.23555 5.54405 5
    endloop
  endfacet
  facet normal 0 0 1
    outer loop
      vertex 8.25 5.25 5
      vertex 5.25 8.25 5
      vertex 8.25 -5.25 5
    endloop
  endfacet
  facet normal 0 0 1
    outer loop
      vertex 5.25 8.25 5
      vertex 8.23555 5.54405 5
      vertex 8.19235 5.83527 5
    endloop
  endfacet
  facet normal 0 0 1
    outer loop
      vertex 5.25 -8.25 5
      vertex 8.25 -5.25 5
      vertex 5.25 8.25 5
    endloop
  endfacet
  facet normal 0 0 1
    outer loop
      vertex 5.25 8.25 5
      vertex 8.19235 5.83527 5
      vertex 8.12082 6.12085 5
    endloop
  endfacet
  facet normal 0 0 1
    outer loop
      vertex 8.25 -5.25 5
      vertex 5.25 -8.25 5
      vertex 8.23555 -5.54405 5
    endloop
  endfacet
  facet normal 0 0 1
    outer loop
      vertex 5.25 8.25 5
      vertex 8.12082 6.12085 5
      vertex 8.02164 6.39806 5
    endloop
  endfacet
  facet normal 0 0 1
    outer loop
      vertex 8.23555 -5.54405 5
      vertex 5.25 -8.25 5
      vertex 8.19235 -5.83527 5
    endloop
  endfacet
  facet normal 0 0 1
    outer loop
      vertex 5.25 8.25 5
      vertex 8.02164 6.39806 5
      vertex 7.89577 6.66418 5
    endloop
  endfacet
  facet normal 0 0 1
    outer loop
      vertex 8.19235 -5.83527 5
      vertex 5.25 -8.25 5
      vertex 8.12082 -6.12085 5
    endloop
  endfacet
  facet normal 0 0 1
    outer loop
      vertex 5.25 8.25 5
      vertex 7.89577 6.66418 5
      vertex 7.74442 6.91672 5
    endloop
  endfacet
  facet normal 0 0 1
    outer loop
      vertex 8.12082 -6.12085 5
      vertex 5.25 -8.25 5
      vertex 8.02164 -6.39806 5
    endloop
  endfacet
  facet normal 0 0 1
    outer loop
      vertex 5.25 8.25 5
      vertex 7.74442 6.91672 5
      vertex 7.56903 7.15318 5
    endloop
  endfacet
  facet normal 0 0 1
    outer loop
      vertex 8.02164 -6.39806 5
      vertex 5.25 -8.25 5
      vertex 7.89577 -6.66418 5
    endloop
  endfacet
  facet normal 0 0 1
    outer loop
      vertex 5.25 8.25 5
      vertex 7.56903 7.15318 5
      vertex 7.37132 7.37132 5
    endloop
  endfacet
  facet normal 0 0 1
    outer loop
      vertex 7.89577 -6.66418 5
      vertex 5.25 -8.25 5
      vertex 7.74442 -6.91672 5
    endloop
  endfacet
  facet normal 0 0 1
    outer loop
      vertex 5.25 8.25 5
      vertex 7.37132 7.37132 5
      vertex 7.15318 7.56903 5
    endloop
  endfacet
  facet normal 0 0 1
    outer loop
      vertex 7.74442 -6.91672 5
      vertex 5.25 -8.25 5
      vertex 7.56903 -7.15318 5
    endloop
  endfacet
  facet normal 0 0 1
    outer loop
      vertex 5.25 8.25 5
      vertex 7.15318 7.56903 5
      vertex 6.91672 7.74442 5
    endloop
  endfacet
  facet normal 0 0 1
    outer loop
      vertex 7.56903 -7.15318 5
      vertex 5.25 -8.25 5
      vertex 7.37132 -7.37132 5
    endloop
  endfacet
  facet normal 0 0 1
    outer loop
      vertex 5.25 8.25 5
      vertex 6.91672 7.74442 5
      vertex 6.66418 7.89577 5
    endloop
  endfacet
  facet normal 0 0 1
    outer loop
      vertex 7.37132 -7.37132 5
      vertex 5.25 -8.25 5
      vertex 7.15318 -7.56903 5
    endloop
  endfacet
  facet normal 0 0 1
    outer loop
      vertex 5.25 8.25 5
      vertex 6.66418 7.89577 5
      vertex 6.39806 8.02164 5
    endloop
  endfacet
  facet normal 0 0 1
    outer loop
      vertex 7.15318 -7.56903 5
      vertex 5.25 -8.25 5
      vertex 6.91672 -7.74442 5
    endloop
  endfacet
  facet normal 0 0 1
    outer loop
      vertex 5.25 8.25 5
      vertex 6.39806 8.02164 5
      vertex 6.12085 8.12082 5
    endloop
  endfacet
  facet normal 0 0 1
    outer loop
      vertex 6.91672 -7.74442 5
      vertex 5.25 -8.25 5
      vertex 6.66418 -7.89577 5
    endloop
  endfacet
  facet normal 0 0 1
    outer loop
      vertex 5.25 8.25 5
      vertex 6.12085 8.12082 5
      vertex 5.83527 8.19235 5
    endloop
  endfacet
  facet normal 0 0 1
    outer loop
      vertex 6.66418 -7.89577 5
      vertex 5.25 -8.25 5
      vertex 6.39806 -8.02164 5
    endloop
  endfacet
  facet normal 0 0 1
    outer loop
      vertex 5.25 8.25 5
      vertex 5.83527 8.19235 5
      vertex 5.54405 8.23555 5
    endloop
  endfacet
  facet normal 0 0 1
    outer loop
      vertex 6.39806 -8.02164 5
      vertex 5.25 -8.25 5
      vertex 6.12085 -8.12082 5
    endloop
  endfacet
  facet normal 0 0 1
    outer loop
      vertex 6.12085 -8.12082 5
      vertex 5.25 -8.25 5
      vertex 5.83527 -8.19235 5
    endloop
  endfacet
  facet normal 0 0 1
    outer loop
      vertex 5.83527 -8.19235 5
      vertex 5.25 -8.25 5
      vertex 5.54405 -8.23555 5
    endloop
  endfacet
  facet normal -0 0 1
    outer loop
      vertex -5.25 8.25 5
      vertex 5.25 -8.25 5
      vertex 5.25 8.25 5
    endloop
  endfacet
  facet normal 0 0 1
    outer loop
      vertex -5.25 8.25 5
      vertex -5.25 -8.25 5
      vertex 5.25 -8.25 5
    endloop
  endfacet
  facet normal 0 0 1
    outer loop
      vertex -8.25 5.25 5
      vertex -5.25 8.25 5
      vertex -5.54405 8.23555 5
    endloop
  endfacet
  facet normal 0 0 1
    outer loop
      vertex -5.25 8.25 5
      vertex -8.25 5.25 5
      vertex -5.25 -8.25 5
    endloop
  endfacet
  facet normal 0 0 1
    outer loop
      vertex -8.25 5.25 5
      vertex -5.54405 8.23555 5
      vertex -5.83527 8.19235 5
    endloop
  endfacet
  facet normal -0 0 1
    outer loop
      vertex -8.25 -5.25 5
      vertex -5.25 -8.25 5
      vertex -8.25 5.25 5
    endloop
  endfacet
  facet normal 0 0 1
    outer loop
      vertex -8.25 5.25 5
      vertex -5.83527 8.19235 5
      vertex -6.12085 8.12082 5
    endloop
  endfacet
  facet normal 0 0 1
    outer loop
      vertex -5.25 -8.25 5
      vertex -8.25 -5.25 5
      vertex -5.54405 -8.23555 5
    endloop
  endfacet
  facet normal 0 0 1
    outer loop
      vertex -8.25 5.25 5
      vertex -6.12085 8.12082 5
      vertex -6.39806 8.02164 5
    endloop
  endfacet
  facet normal 0 0 1
    outer loop
      vertex -5.54405 -8.23555 5
      vertex -8.25 -5.25 5
      vertex -5.83527 -8.19235 5
    endloop
  endfacet
  facet normal 0 0 1
    outer loop
      vertex -8.25 5.25 5
      vertex -6.39806 8.02164 5
      vertex -6.66418 7.89577 5
    endloop
  endfacet
  facet normal 0 0 1
    outer loop
      vertex -5.83527 -8.19235 5
      vertex -8.25 -5.25 5
      vertex -6.12085 -8.12082 5
    endloop
  endfacet
  facet normal 0 0 1
    outer loop
      vertex -8.25 5.25 5
      vertex -6.66418 7.89577 5
      vertex -6.91672 7.74442 5
    endloop
  endfacet
  facet normal 0 0 1
    outer loop
      vertex -6.12085 -8.12082 5
      vertex -8.25 -5.25 5
      vertex -6.39806 -8.02164 5
    endloop
  endfacet
  facet normal 0 0 1
    outer loop
      vertex -8.25 5.25 5
      vertex -6.91672 7.74442 5
      vertex -7.15318 7.56903 5
    endloop
  endfacet
  facet normal 0 0 1
    outer loop
      vertex -6.39806 -8.02164 5
      vertex -8.25 -5.25 5
      vertex -6.66418 -7.89577 5
    endloop
  endfacet
  facet normal 0 0 1
    outer loop
      vertex -8.25 5.25 5
      vertex -7.15318 7.56903 5
      vertex -7.37132 7.37132 5
    endloop
  endfacet
  facet normal 0 0 1
    outer loop
      vertex -6.66418 -7.89577 5
      vertex -8.25 -5.25 5
      vertex -6.91672 -7.74442 5
    endloop
  endfacet
  facet normal 0 0 1
    outer loop
      vertex -8.25 5.25 5
      vertex -7.37132 7.37132 5
      vertex -7.56903 7.15318 5
    endloop
  endfacet
  facet normal 0 0 1
    outer loop
      vertex -6.91672 -7.74442 5
      vertex -8.25 -5.25 5
      vertex -7.15318 -7.56903 5
    endloop
  endfacet
  facet normal 0 0 1
    outer loop
      vertex -8.25 5.25 5
      vertex -7.56903 7.15318 5
      vertex -7.74442 6.91672 5
    endloop
  endfacet
  facet normal 0 0 1
    outer loop
      vertex -7.15318 -7.56903 5
      vertex -8.25 -5.25 5
      vertex -7.37132 -7.37132 5
    endloop
  endfacet
  facet normal 0 0 1
    outer loop
      vertex -8.25 5.25 5
      vertex -7.74442 6.91672 5
      vertex -7.89577 6.66418 5
    endloop
  endfacet
  facet normal 0 0 1
    outer loop
      vertex -7.37132 -7.37132 5
      vertex -8.25 -5.25 5
      vertex -7.56903 -7.15318 5
    endloop
  endfacet
  facet normal 0 0 1
    outer loop
      vertex -8.25 5.25 5
      vertex -7.89577 6.66418 5
      vertex -8.02164 6.39806 5
    endloop
  endfacet
  facet normal 0 0 1
    outer loop
      vertex -7.56903 -7.15318 5
      vertex -8.25 -5.25 5
      vertex -7.74442 -6.91672 5
    endloop
  endfacet
  facet normal 0 0 1
    outer loop
      vertex -8.25 5.25 5
      vertex -8.02164 6.39806 5
      vertex -8.12082 6.12085 5
    endloop
  endfacet
  facet normal 0 0 1
    outer loop
      vertex -7.74442 -6.91672 5
      vertex -8.25 -5.25 5
      vertex -7.89577 -6.66418 5
    endloop
  endfacet
  facet normal 0 0 1
    outer loop
      vertex -8.25 5.25 5
      vertex -8.12082 6.12085 5
      vertex -8.19235 5.83527 5
    endloop
  endfacet
  facet normal 0 0 1
    outer loop
      vertex -7.89577 -6.66418 5
      vertex -8.25 -5.25 5
      vertex -8.02164 -6.39806 5
    endloop
  endfacet
  facet normal 0 0 1
    outer loop
      vertex -8.25 5.25 5
      vertex -8.19235 5.83527 5
      vertex -8.23555 5.54405 5
    endloop
  endfacet
  facet normal 0 0 1
    outer loop
      vertex -8.02164 -6.39806 5
      vertex -8.25 -5.25 5
      vertex -8.12082 -6.12085 5
    endloop
  endfacet
  facet normal 0 0 1
    outer loop
      vertex -8.12082 -6.12085 5
      vertex -8.25 -5.25 5
      vertex -8.19235 -5.83527 5
    endloop
  endfacet
  facet normal 0 0 1
    outer loop
      vertex -8.19235 -5.83527 5
      vertex -8.25 -5.25 5
      vertex -8.23555 -5.54405 5
    endloop
  endfacet
  facet normal -0.932342 -0.333573 0.139527
    outer loop
      vertex -8.67081 -6.67084 0.00999928
      vertex -8.02164 -6.39806 5
      vertex -8.12082 -6.12085 5
    endloop
  endfacet
  facet normal -0.932327 -0.333613 0.139527
    outer loop
      vertex -8.02164 -6.39806 5
      vertex -8.67081 -6.67084 0.00999928
      vertex -8.57162 -6.94804 0.00999928
    endloop
  endfacet
  facet normal -0.848099 0.508309 0.149499
    outer loop
      vertex -8.44576 7.21417 0.00999928
      vertex -7.74442 6.91672 5
      vertex -8.2944 7.46671 0.00999928
    endloop
  endfacet
  facet normal -0.848114 0.508284 0.1495
    outer loop
      vertex -7.74442 6.91672 5
      vertex -8.44576 7.21417 0.00999928
      vertex -7.89577 6.66418 5
    endloop
  endfacet
  facet normal -0.904003 0.427527 0
    outer loop
      vertex -8.57162 6.94804 0
      vertex -8.44576 7.21417 0.00999928
      vertex -8.44576 7.21417 0
    endloop
  endfacet
  facet normal -0.904003 0.427527 0
    outer loop
      vertex -8.44576 7.21417 0.00999928
      vertex -8.57162 6.94804 0
      vertex -8.57162 6.94804 0.00999928
    endloop
  endfacet
  facet normal -0.857739 0.514086 0
    outer loop
      vertex -8.44576 7.21417 0
      vertex -8.2944 7.46671 0.00999928
      vertex -8.2944 7.46671 0
    endloop
  endfacet
  facet normal -0.857739 0.514086 0
    outer loop
      vertex -8.2944 7.46671 0.00999928
      vertex -8.44576 7.21417 0
      vertex -8.44576 7.21417 0.00999928
    endloop
  endfacet
  facet normal -0.663564 0.732133 0.153832
    outer loop
      vertex -7.70317 8.11902 0.00999928
      vertex -7.37132 7.37132 5
      vertex -7.15318 7.56903 5
    endloop
  endfacet
  facet normal -0.663564 0.732133 0.153832
    outer loop
      vertex -7.37132 7.37132 5
      vertex -7.70317 8.11902 0.00999928
      vertex -7.92131 7.92131 0.00999928
    endloop
  endfacet
  facet normal -0.732133 0.663564 0.153832
    outer loop
      vertex -8.11902 7.70317 0.00999928
      vertex -7.37132 7.37132 5
      vertex -7.92131 7.92131 0.00999928
    endloop
  endfacet
  facet normal -0.732133 0.663564 0.153832
    outer loop
      vertex -7.37132 7.37132 5
      vertex -8.11902 7.70317 0.00999928
      vertex -7.56903 7.15318 5
    endloop
  endfacet
  facet normal -0.961482 0.240817 0.132515
    outer loop
      vertex -8.74234 6.38525 0.00999928
      vertex -8.12082 6.12085 5
      vertex -8.67081 6.67084 0.00999928
    endloop
  endfacet
  facet normal -0.96148 0.240824 0.132516
    outer loop
      vertex -8.12082 6.12085 5
      vertex -8.74234 6.38525 0.00999928
      vertex -8.19235 5.83527 5
    endloop
  endfacet
  facet normal -0.941537 0.336909 0
    outer loop
      vertex -8.67081 6.67084 0
      vertex -8.57162 6.94804 0.00999928
      vertex -8.57162 6.94804 0
    endloop
  endfacet
  facet normal -0.941537 0.336909 0
    outer loop
      vertex -8.57162 6.94804 0.00999928
      vertex -8.67081 6.67084 0
      vertex -8.67081 6.67084 0.00999928
    endloop
  endfacet
  facet normal -0.048758 -0.992199 0.114733
    outer loop
      vertex -5.79999 -8.79999 0.00999928
      vertex -5.54405 -8.23555 5
      vertex -6.09404 -8.78554 0.00999928
    endloop
  endfacet
  facet normal -0.048758 -0.992199 0.114733
    outer loop
      vertex -5.54405 -8.23555 5
      vertex -5.79999 -8.79999 0.00999928
      vertex -5.25 -8.25 5
    endloop
  endfacet
  facet normal -0.588762 -0.793812 0.152385
    outer loop
      vertex -7.46671 -8.2944 0.00999928
      vertex -7.15318 -7.56903 5
      vertex -7.70317 -8.11902 0.00999928
    endloop
  endfacet
  facet normal -0.588784 -0.793796 0.152384
    outer loop
      vertex -7.15318 -7.56903 5
      vertex -7.46671 -8.2944 0.00999928
      vertex -6.91672 -7.74442 5
    endloop
  endfacet
  facet normal 0.0490821 -0.998795 0
    outer loop
      vertex 5.79999 -8.79999 0
      vertex 6.09404 -8.78554 0.00999928
      vertex 5.79999 -8.79999 0.00999928
    endloop
  endfacet
  facet normal 0.0490821 -0.998795 0
    outer loop
      vertex 6.09404 -8.78554 0.00999928
      vertex 5.79999 -8.79999 0
      vertex 6.09404 -8.78554 0
    endloop
  endfacet
  facet normal -0.803192 -0.59572 0
    outer loop
      vertex -8.11902 -7.70317 0
      vertex -8.2944 -7.46671 0.00999928
      vertex -8.2944 -7.46671 0
    endloop
  endfacet
  facet normal -0.803192 -0.59572 0
    outer loop
      vertex -8.2944 -7.46671 0.00999928
      vertex -8.11902 -7.70317 0
      vertex -8.11902 -7.70317 0.00999928
    endloop
  endfacet
  facet normal 0.793812 0.588762 0.152385
    outer loop
      vertex 7.56903 7.15318 5
      vertex 8.2944 7.46671 0.00999928
      vertex 8.11902 7.70317 0.00999928
    endloop
  endfacet
  facet normal 0.793796 0.588784 0.152384
    outer loop
      vertex 8.2944 7.46671 0.00999928
      vertex 7.56903 7.15318 5
      vertex 7.74442 6.91672 5
    endloop
  endfacet
  facet normal 0.803192 0.59572 0
    outer loop
      vertex 8.2944 7.46671 0.00999928
      vertex 8.11902 7.70317 0
      vertex 8.11902 7.70317 0.00999928
    endloop
  endfacet
  facet normal 0.803192 0.59572 0
    outer loop
      vertex 8.11902 7.70317 0
      vertex 8.2944 7.46671 0.00999928
      vertex 8.2944 7.46671 0
    endloop
  endfacet
  facet normal 0.894422 0.422996 0.145204
    outer loop
      vertex 7.89577 6.66418 5
      vertex 8.57162 6.94804 0.00999928
      vertex 8.44576 7.21417 0.00999928
    endloop
  endfacet
  facet normal 0.894403 0.423036 0.145203
    outer loop
      vertex 8.57162 6.94804 0.00999928
      vertex 7.89577 6.66418 5
      vertex 8.02164 6.39806 5
    endloop
  endfacet
  facet normal 0.857739 0.514086 0
    outer loop
      vertex 8.44576 7.21417 0.00999928
      vertex 8.2944 7.46671 0
      vertex 8.2944 7.46671 0.00999928
    endloop
  endfacet
  facet normal 0.857739 0.514086 0
    outer loop
      vertex 8.2944 7.46671 0
      vertex 8.44576 7.21417 0.00999928
      vertex 8.44576 7.21417 0
    endloop
  endfacet
  facet normal 0.932327 0.333613 0.139527
    outer loop
      vertex 8.02164 6.39806 5
      vertex 8.67081 6.67084 0.00999928
      vertex 8.57162 6.94804 0.00999928
    endloop
  endfacet
  facet normal 0.932342 0.333573 0.139527
    outer loop
      vertex 8.67081 6.67084 0.00999928
      vertex 8.02164 6.39806 5
      vertex 8.12082 6.12085 5
    endloop
  endfacet
  facet normal 0.992199 0.048758 0.114733
    outer loop
      vertex 8.23555 5.54405 5
      vertex 8.79999 5.79999 0.00999928
      vertex 8.78554 6.09404 0.00999928
    endloop
  endfacet
  facet normal 0.992199 0.048758 0.114733
    outer loop
      vertex 8.79999 5.79999 0.00999928
      vertex 8.23555 5.54405 5
      vertex 8.25 5.25 5
    endloop
  endfacet
  facet normal 0.663564 -0.732133 0.153832
    outer loop
      vertex 7.70317 -8.11902 0.00999928
      vertex 7.37132 -7.37132 5
      vertex 7.15318 -7.56903 5
    endloop
  endfacet
  facet normal 0.663564 -0.732133 0.153832
    outer loop
      vertex 7.37132 -7.37132 5
      vertex 7.70317 -8.11902 0.00999928
      vertex 7.92131 -7.92131 0.00999928
    endloop
  endfacet
  facet normal 0.732133 -0.663564 0.153832
    outer loop
      vertex 7.37132 -7.37132 5
      vertex 8.11902 -7.70317 0.00999928
      vertex 7.56903 -7.15318 5
    endloop
  endfacet
  facet normal 0.732133 -0.663564 0.153832
    outer loop
      vertex 8.11902 -7.70317 0.00999928
      vertex 7.37132 -7.37132 5
      vertex 7.92131 -7.92131 0.00999928
    endloop
  endfacet
  facet normal 0.857739 -0.514086 0
    outer loop
      vertex 8.2944 -7.46671 0.00999928
      vertex 8.44576 -7.21417 0
      vertex 8.44576 -7.21417 0.00999928
    endloop
  endfacet
  facet normal 0.857739 -0.514086 0
    outer loop
      vertex 8.44576 -7.21417 0
      vertex 8.2944 -7.46671 0.00999928
      vertex 8.2944 -7.46671 0
    endloop
  endfacet
  facet normal 0.904003 -0.427527 0
    outer loop
      vertex 8.44576 -7.21417 0.00999928
      vertex 8.57162 -6.94804 0
      vertex 8.57162 -6.94804 0.00999928
    endloop
  endfacet
  facet normal 0.904003 -0.427527 0
    outer loop
      vertex 8.57162 -6.94804 0
      vertex 8.44576 -7.21417 0.00999928
      vertex 8.44576 -7.21417 0
    endloop
  endfacet
  facet normal 0.803192 -0.59572 0
    outer loop
      vertex 8.11902 -7.70317 0.00999928
      vertex 8.2944 -7.46671 0
      vertex 8.2944 -7.46671 0.00999928
    endloop
  endfacet
  facet normal 0.803192 -0.59572 0
    outer loop
      vertex 8.2944 -7.46671 0
      vertex 8.11902 -7.70317 0.00999928
      vertex 8.11902 -7.70317 0
    endloop
  endfacet
  facet normal 0.0490821 0.998795 -0
    outer loop
      vertex 6.09404 8.78554 0
      vertex 5.79999 8.79999 0.00999928
      vertex 6.09404 8.78554 0.00999928
    endloop
  endfacet
  facet normal 0.0490821 0.998795 0
    outer loop
      vertex 5.79999 8.79999 0.00999928
      vertex 6.09404 8.78554 0
      vertex 5.79999 8.79999 0
    endloop
  endfacet
  facet normal 0.242959 0.970037 -0
    outer loop
      vertex 6.67084 8.67081 0
      vertex 6.38525 8.74234 0.00999928
      vertex 6.67084 8.67081 0.00999928
    endloop
  endfacet
  facet normal 0.242959 0.970037 0
    outer loop
      vertex 6.38525 8.74234 0.00999928
      vertex 6.67084 8.67081 0
      vertex 6.38525 8.74234 0
    endloop
  endfacet
  facet normal 0.240817 0.961482 0.132515
    outer loop
      vertex 6.38525 8.74234 0.00999928
      vertex 6.12085 8.12082 5
      vertex 6.67084 8.67081 0.00999928
    endloop
  endfacet
  facet normal 0.240824 0.96148 0.132516
    outer loop
      vertex 6.12085 8.12082 5
      vertex 6.38525 8.74234 0.00999928
      vertex 5.83527 8.19235 5
    endloop
  endfacet
  facet normal 0.59572 0.803192 -0
    outer loop
      vertex 7.70317 8.11902 0
      vertex 7.46671 8.2944 0.00999928
      vertex 7.70317 8.11902 0.00999928
    endloop
  endfacet
  facet normal 0.59572 0.803192 0
    outer loop
      vertex 7.46671 8.2944 0.00999928
      vertex 7.70317 8.11902 0
      vertex 7.46671 8.2944 0
    endloop
  endfacet
  facet normal 0.671558 0.740952 -0
    outer loop
      vertex 7.92131 7.92131 0
      vertex 7.70317 8.11902 0.00999928
      vertex 7.92131 7.92131 0.00999928
    endloop
  endfacet
  facet normal 0.671558 0.740952 0
    outer loop
      vertex 7.70317 8.11902 0.00999928
      vertex 7.92131 7.92131 0
      vertex 7.70317 8.11902 0
    endloop
  endfacet
  facet normal -0.0490821 0.998795 0
    outer loop
      vertex -5.79999 8.79999 0
      vertex -6.09404 8.78554 0.00999928
      vertex -5.79999 8.79999 0.00999928
    endloop
  endfacet
  facet normal -0.0490821 0.998795 0
    outer loop
      vertex -6.09404 8.78554 0.00999928
      vertex -5.79999 8.79999 0
      vertex -6.09404 8.78554 0
    endloop
  endfacet
  facet normal -0.145599 0.981513 0.124229
    outer loop
      vertex -6.09404 8.78554 0.00999928
      vertex -5.83527 8.19235 5
      vertex -5.54405 8.23555 5
    endloop
  endfacet
  facet normal -0.145604 0.981512 0.124229
    outer loop
      vertex -5.83527 8.19235 5
      vertex -6.09404 8.78554 0.00999928
      vertex -6.38525 8.74234 0.00999928
    endloop
  endfacet
  facet normal -0.970037 -0.242959 0
    outer loop
      vertex -8.67081 -6.67084 0
      vertex -8.74234 -6.38525 0.00999928
      vertex -8.74234 -6.38525 0
    endloop
  endfacet
  facet normal -0.970037 -0.242959 0
    outer loop
      vertex -8.74234 -6.38525 0.00999928
      vertex -8.67081 -6.67084 0
      vertex -8.67081 -6.67084 0.00999928
    endloop
  endfacet
  facet normal -0.989175 -0.146741 0
    outer loop
      vertex -8.74234 -6.38525 0
      vertex -8.78554 -6.09404 0.00999928
      vertex -8.78554 -6.09404 0
    endloop
  endfacet
  facet normal -0.989175 -0.146741 0
    outer loop
      vertex -8.78554 -6.09404 0.00999928
      vertex -8.74234 -6.38525 0
      vertex -8.74234 -6.38525 0.00999928
    endloop
  endfacet
  facet normal -0.740952 0.671558 0
    outer loop
      vertex -8.11902 7.70317 0
      vertex -7.92131 7.92131 0.00999928
      vertex -7.92131 7.92131 0
    endloop
  endfacet
  facet normal -0.740952 0.671558 0
    outer loop
      vertex -7.92131 7.92131 0.00999928
      vertex -8.11902 7.70317 0
      vertex -8.11902 7.70317 0.00999928
    endloop
  endfacet
  facet normal -0.671558 0.740952 0
    outer loop
      vertex -7.70317 8.11902 0
      vertex -7.92131 7.92131 0.00999928
      vertex -7.70317 8.11902 0.00999928
    endloop
  endfacet
  facet normal -0.671558 0.740952 0
    outer loop
      vertex -7.92131 7.92131 0.00999928
      vertex -7.70317 8.11902 0
      vertex -7.92131 7.92131 0
    endloop
  endfacet
  facet normal -0.989175 0.146741 0
    outer loop
      vertex -8.78554 6.09404 0
      vertex -8.74234 6.38525 0.00999928
      vertex -8.74234 6.38525 0
    endloop
  endfacet
  facet normal -0.989175 0.146741 0
    outer loop
      vertex -8.74234 6.38525 0.00999928
      vertex -8.78554 6.09404 0
      vertex -8.78554 6.09404 0.00999928
    endloop
  endfacet
  facet normal -0.970037 0.242959 0
    outer loop
      vertex -8.74234 6.38525 0
      vertex -8.67081 6.67084 0.00999928
      vertex -8.67081 6.67084 0
    endloop
  endfacet
  facet normal -0.970037 0.242959 0
    outer loop
      vertex -8.67081 6.67084 0.00999928
      vertex -8.74234 6.38525 0
      vertex -8.74234 6.38525 0.00999928
    endloop
  endfacet
  facet normal -0.240817 -0.961482 0.132515
    outer loop
      vertex -6.38525 -8.74234 0.00999928
      vertex -6.12085 -8.12082 5
      vertex -6.67084 -8.67081 0.00999928
    endloop
  endfacet
  facet normal -0.240824 -0.96148 0.132516
    outer loop
      vertex -6.12085 -8.12082 5
      vertex -6.38525 -8.74234 0.00999928
      vertex -5.83527 -8.19235 5
    endloop
  endfacet
  facet normal -0.145604 -0.981512 0.124229
    outer loop
      vertex -6.09404 -8.78554 0.00999928
      vertex -5.83527 -8.19235 5
      vertex -6.38525 -8.74234 0.00999928
    endloop
  endfacet
  facet normal -0.145599 -0.981513 0.124229
    outer loop
      vertex -5.83527 -8.19235 5
      vertex -6.09404 -8.78554 0.00999928
      vertex -5.54405 -8.23555 5
    endloop
  endfacet
  facet normal -0.0490821 -0.998795 0
    outer loop
      vertex -6.09404 -8.78554 0
      vertex -5.79999 -8.79999 0.00999928
      vertex -6.09404 -8.78554 0.00999928
    endloop
  endfacet
  facet normal -0.0490821 -0.998795 -0
    outer loop
      vertex -5.79999 -8.79999 0.00999928
      vertex -6.09404 -8.78554 0
      vertex -5.79999 -8.79999 0
    endloop
  endfacet
  facet normal -0.508309 -0.848099 0.149499
    outer loop
      vertex -7.21417 -8.44576 0.00999928
      vertex -6.91672 -7.74442 5
      vertex -7.46671 -8.2944 0.00999928
    endloop
  endfacet
  facet normal -0.508284 -0.848114 0.1495
    outer loop
      vertex -6.91672 -7.74442 5
      vertex -7.21417 -8.44576 0.00999928
      vertex -6.66418 -7.89577 5
    endloop
  endfacet
  facet normal -0.663564 -0.732133 0.153832
    outer loop
      vertex -7.70317 -8.11902 0.00999928
      vertex -7.37132 -7.37132 5
      vertex -7.92131 -7.92131 0.00999928
    endloop
  endfacet
  facet normal -0.663564 -0.732133 0.153832
    outer loop
      vertex -7.37132 -7.37132 5
      vertex -7.70317 -8.11902 0.00999928
      vertex -7.15318 -7.56903 5
    endloop
  endfacet
  facet normal -0.732133 -0.663564 0.153832
    outer loop
      vertex -8.11902 -7.70317 0.00999928
      vertex -7.37132 -7.37132 5
      vertex -7.56903 -7.15318 5
    endloop
  endfacet
  facet normal -0.732133 -0.663564 0.153832
    outer loop
      vertex -7.37132 -7.37132 5
      vertex -8.11902 -7.70317 0.00999928
      vertex -7.92131 -7.92131 0.00999928
    endloop
  endfacet
  facet normal 0.146741 -0.989175 0
    outer loop
      vertex 6.09404 -8.78554 0
      vertex 6.38525 -8.74234 0.00999928
      vertex 6.09404 -8.78554 0.00999928
    endloop
  endfacet
  facet normal 0.146741 -0.989175 0
    outer loop
      vertex 6.38525 -8.74234 0.00999928
      vertex 6.09404 -8.78554 0
      vertex 6.38525 -8.74234 0
    endloop
  endfacet
  facet normal -0.857739 -0.514086 0
    outer loop
      vertex -8.2944 -7.46671 0
      vertex -8.44576 -7.21417 0.00999928
      vertex -8.44576 -7.21417 0
    endloop
  endfacet
  facet normal -0.857739 -0.514086 0
    outer loop
      vertex -8.44576 -7.21417 0.00999928
      vertex -8.2944 -7.46671 0
      vertex -8.2944 -7.46671 0.00999928
    endloop
  endfacet
  facet normal 0.961482 0.240817 0.132515
    outer loop
      vertex 8.12082 6.12085 5
      vertex 8.74234 6.38525 0.00999928
      vertex 8.67081 6.67084 0.00999928
    endloop
  endfacet
  facet normal 0.96148 0.240824 0.132516
    outer loop
      vertex 8.74234 6.38525 0.00999928
      vertex 8.12082 6.12085 5
      vertex 8.19235 5.83527 5
    endloop
  endfacet
  facet normal 0.998795 0.0490821 0
    outer loop
      vertex 8.79999 5.79999 0.00999928
      vertex 8.78554 6.09404 0
      vertex 8.78554 6.09404 0.00999928
    endloop
  endfacet
  facet normal 0.998795 0.0490821 0
    outer loop
      vertex 8.78554 6.09404 0
      vertex 8.79999 5.79999 0.00999928
      vertex 8.79999 5.79999 0
    endloop
  endfacet
  facet normal 0.992199 -0.048758 0.114733
    outer loop
      vertex 8.23555 -5.54405 5
      vertex 8.79999 -5.79999 0.00999928
      vertex 8.25 -5.25 5
    endloop
  endfacet
  facet normal 0.992199 -0.048758 0.114733
    outer loop
      vertex 8.79999 -5.79999 0.00999928
      vertex 8.23555 -5.54405 5
      vertex 8.78554 -6.09404 0.00999928
    endloop
  endfacet
  facet normal 0.740952 -0.671558 0
    outer loop
      vertex 7.92131 -7.92131 0.00999928
      vertex 8.11902 -7.70317 0
      vertex 8.11902 -7.70317 0.00999928
    endloop
  endfacet
  facet normal 0.740952 -0.671558 0
    outer loop
      vertex 8.11902 -7.70317 0
      vertex 7.92131 -7.92131 0.00999928
      vertex 7.92131 -7.92131 0
    endloop
  endfacet
  facet normal 0.671558 -0.740952 0
    outer loop
      vertex 7.70317 -8.11902 0
      vertex 7.92131 -7.92131 0.00999928
      vertex 7.70317 -8.11902 0.00999928
    endloop
  endfacet
  facet normal 0.671558 -0.740952 0
    outer loop
      vertex 7.92131 -7.92131 0.00999928
      vertex 7.70317 -8.11902 0
      vertex 7.92131 -7.92131 0
    endloop
  endfacet
  facet normal 0.145604 0.981512 0.124229
    outer loop
      vertex 6.09404 8.78554 0.00999928
      vertex 5.83527 8.19235 5
      vertex 6.38525 8.74234 0.00999928
    endloop
  endfacet
  facet normal 0.145599 0.981513 0.124229
    outer loop
      vertex 5.83527 8.19235 5
      vertex 6.09404 8.78554 0.00999928
      vertex 5.54405 8.23555 5
    endloop
  endfacet
  facet normal -0.146741 0.989175 0
    outer loop
      vertex -6.09404 8.78554 0
      vertex -6.38525 8.74234 0.00999928
      vertex -6.09404 8.78554 0.00999928
    endloop
  endfacet
  facet normal -0.146741 0.989175 0
    outer loop
      vertex -6.38525 8.74234 0.00999928
      vertex -6.09404 8.78554 0
      vertex -6.38525 8.74234 0
    endloop
  endfacet
  facet normal -0.803192 0.59572 0
    outer loop
      vertex -8.2944 7.46671 0
      vertex -8.11902 7.70317 0.00999928
      vertex -8.11902 7.70317 0
    endloop
  endfacet
  facet normal -0.803192 0.59572 0
    outer loop
      vertex -8.11902 7.70317 0.00999928
      vertex -8.2944 7.46671 0
      vertex -8.2944 7.46671 0.00999928
    endloop
  endfacet
  facet normal -0.59572 -0.803192 0
    outer loop
      vertex -7.70317 -8.11902 0
      vertex -7.46671 -8.2944 0.00999928
      vertex -7.70317 -8.11902 0.00999928
    endloop
  endfacet
  facet normal -0.59572 -0.803192 -0
    outer loop
      vertex -7.46671 -8.2944 0.00999928
      vertex -7.70317 -8.11902 0
      vertex -7.46671 -8.2944 0
    endloop
  endfacet
  facet normal 0.904003 0.427527 0
    outer loop
      vertex 8.57162 6.94804 0.00999928
      vertex 8.44576 7.21417 0
      vertex 8.44576 7.21417 0.00999928
    endloop
  endfacet
  facet normal 0.904003 0.427527 0
    outer loop
      vertex 8.44576 7.21417 0
      vertex 8.57162 6.94804 0.00999928
      vertex 8.57162 6.94804 0
    endloop
  endfacet
  facet normal 0.941537 0.336909 0
    outer loop
      vertex 8.67081 6.67084 0.00999928
      vertex 8.57162 6.94804 0
      vertex 8.57162 6.94804 0.00999928
    endloop
  endfacet
  facet normal 0.941537 0.336909 0
    outer loop
      vertex 8.57162 6.94804 0
      vertex 8.67081 6.67084 0.00999928
      vertex 8.67081 6.67084 0
    endloop
  endfacet
  facet normal 0.970037 0.242959 0
    outer loop
      vertex 8.74234 6.38525 0.00999928
      vertex 8.67081 6.67084 0
      vertex 8.67081 6.67084 0.00999928
    endloop
  endfacet
  facet normal 0.970037 0.242959 0
    outer loop
      vertex 8.67081 6.67084 0
      vertex 8.74234 6.38525 0.00999928
      vertex 8.74234 6.38525 0
    endloop
  endfacet
  facet normal 0.981512 0.145604 0.124229
    outer loop
      vertex 8.19235 5.83527 5
      vertex 8.78554 6.09404 0.00999928
      vertex 8.74234 6.38525 0.00999928
    endloop
  endfacet
  facet normal 0.981513 0.145599 0.124229
    outer loop
      vertex 8.78554 6.09404 0.00999928
      vertex 8.19235 5.83527 5
      vertex 8.23555 5.54405 5
    endloop
  endfacet
  facet normal 0.981513 -0.145599 0.124229
    outer loop
      vertex 8.19235 -5.83527 5
      vertex 8.78554 -6.09404 0.00999928
      vertex 8.23555 -5.54405 5
    endloop
  endfacet
  facet normal 0.981512 -0.145604 0.124229
    outer loop
      vertex 8.78554 -6.09404 0.00999928
      vertex 8.19235 -5.83527 5
      vertex 8.74234 -6.38525 0.00999928
    endloop
  endfacet
  facet normal 0.96148 -0.240824 0.132516
    outer loop
      vertex 8.12082 -6.12085 5
      vertex 8.74234 -6.38525 0.00999928
      vertex 8.19235 -5.83527 5
    endloop
  endfacet
  facet normal 0.961482 -0.240817 0.132515
    outer loop
      vertex 8.74234 -6.38525 0.00999928
      vertex 8.12082 -6.12085 5
      vertex 8.67081 -6.67084 0.00999928
    endloop
  endfacet
  facet normal 0.998795 -0.0490821 0
    outer loop
      vertex 8.78554 -6.09404 0.00999928
      vertex 8.79999 -5.79999 0
      vertex 8.79999 -5.79999 0.00999928
    endloop
  endfacet
  facet normal 0.998795 -0.0490821 0
    outer loop
      vertex 8.79999 -5.79999 0
      vertex 8.78554 -6.09404 0.00999928
      vertex 8.78554 -6.09404 0
    endloop
  endfacet
  facet normal 0.970037 -0.242959 0
    outer loop
      vertex 8.67081 -6.67084 0.00999928
      vertex 8.74234 -6.38525 0
      vertex 8.74234 -6.38525 0.00999928
    endloop
  endfacet
  facet normal 0.970037 -0.242959 0
    outer loop
      vertex 8.74234 -6.38525 0
      vertex 8.67081 -6.67084 0.00999928
      vertex 8.67081 -6.67084 0
    endloop
  endfacet
  facet normal 0.941537 -0.336909 0
    outer loop
      vertex 8.57162 -6.94804 0.00999928
      vertex 8.67081 -6.67084 0
      vertex 8.67081 -6.67084 0.00999928
    endloop
  endfacet
  facet normal 0.941537 -0.336909 0
    outer loop
      vertex 8.67081 -6.67084 0
      vertex 8.57162 -6.94804 0.00999928
      vertex 8.57162 -6.94804 0
    endloop
  endfacet
  facet normal -0.59572 0.803192 0
    outer loop
      vertex -7.46671 8.2944 0
      vertex -7.70317 8.11902 0.00999928
      vertex -7.46671 8.2944 0.00999928
    endloop
  endfacet
  facet normal -0.59572 0.803192 0
    outer loop
      vertex -7.70317 8.11902 0.00999928
      vertex -7.46671 8.2944 0
      vertex -7.70317 8.11902 0
    endloop
  endfacet
  facet normal -0.514086 0.857739 0
    outer loop
      vertex -7.21417 8.44576 0
      vertex -7.46671 8.2944 0.00999928
      vertex -7.21417 8.44576 0.00999928
    endloop
  endfacet
  facet normal -0.514086 0.857739 0
    outer loop
      vertex -7.46671 8.2944 0.00999928
      vertex -7.21417 8.44576 0
      vertex -7.46671 8.2944 0
    endloop
  endfacet
  facet normal -0.423036 0.894403 0.145203
    outer loop
      vertex -6.94804 8.57162 0.00999928
      vertex -6.66418 7.89577 5
      vertex -6.39806 8.02164 5
    endloop
  endfacet
  facet normal -0.422996 0.894422 0.145204
    outer loop
      vertex -6.66418 7.89577 5
      vertex -6.94804 8.57162 0.00999928
      vertex -7.21417 8.44576 0.00999928
    endloop
  endfacet
  facet normal -0.0485824 0.990341 -0.129866
    outer loop
      vertex 5.67625 -6.87625 0
      vertex 5.36761 -6.44423 3.41
      vertex 5.79387 -6.87048 0
    endloop
  endfacet
  facet normal -0.0485866 0.99034 -0.129866
    outer loop
      vertex 5.36761 -6.44423 3.41
      vertex 5.67625 -6.87625 0
      vertex 5.25 -6.45 3.41
    endloop
  endfacet
  facet normal 0.145346 -0.979342 -0.140586
    outer loop
      vertex -5.79387 6.87048 0
      vertex -5.48412 6.42694 3.41
      vertex -5.91037 6.85319 0
    endloop
  endfacet
  facet normal 0.145334 -0.979344 -0.140585
    outer loop
      vertex -5.48412 6.42694 3.41
      vertex -5.79387 6.87048 0
      vertex -5.36761 6.44423 3.41
    endloop
  endfacet
  facet normal 0 0.992278 -0.124035
    outer loop
      vertex 5.67625 -6.87625 0
      vertex -5.25 -6.45 3.41
      vertex 5.25 -6.45 3.41
    endloop
  endfacet
  facet normal 0 0.992278 -0.124035
    outer loop
      vertex -5.25 -6.45 3.41
      vertex 5.67625 -6.87625 0
      vertex -5.67625 -6.87625 0
    endloop
  endfacet
  facet normal 0.791213 0.586781 -0.172249
    outer loop
      vertex -6.17761 -6.01128 3.41
      vertex -6.67401 -6.34294 0
      vertex -6.24776 -5.91669 3.41
    endloop
  endfacet
  facet normal 0.791213 0.586781 -0.172249
    outer loop
      vertex -6.67401 -6.34294 0
      vertex -6.17761 -6.01128 3.41
      vertex -6.60386 -6.43753 0
    endloop
  endfacet
  facet normal 0.992278 0 -0.124035
    outer loop
      vertex -6.45 -5.25 3.41
      vertex -6.87625 5.67625 0
      vertex -6.45 5.25 3.41
    endloop
  endfacet
  facet normal 0.992278 0 -0.124035
    outer loop
      vertex -6.87625 5.67625 0
      vertex -6.45 -5.25 3.41
      vertex -6.87625 -5.67625 0
    endloop
  endfacet
  facet normal 0.0485866 0.99034 -0.129866
    outer loop
      vertex -5.67625 -6.87625 0
      vertex -5.36761 -6.44423 3.41
      vertex -5.25 -6.45 3.41
    endloop
  endfacet
  facet normal 0.0485824 0.990341 -0.129866
    outer loop
      vertex -5.36761 -6.44423 3.41
      vertex -5.67625 -6.87625 0
      vertex -5.79387 -6.87048 0
    endloop
  endfacet
  facet normal 0 -0.992278 -0.124035
    outer loop
      vertex -5.67625 6.87625 0
      vertex 5.25 6.45 3.41
      vertex -5.25 6.45 3.41
    endloop
  endfacet
  facet normal 0 -0.992278 -0.124035
    outer loop
      vertex 5.25 6.45 3.41
      vertex -5.67625 6.87625 0
      vertex 5.67625 6.87625 0
    endloop
  endfacet
  facet normal -0.891695 0.421809 -0.164189
    outer loop
      vertex 6.78491 -6.13547 0
      vertex 6.3083 -5.81567 3.41
      vertex 6.35866 -5.70921 3.41
    endloop
  endfacet
  facet normal -0.891727 0.42174 -0.164187
    outer loop
      vertex 6.3083 -5.81567 3.41
      vertex 6.78491 -6.13547 0
      vertex 6.73456 -6.24193 0
    endloop
  endfacet
  facet normal -0.72966 0.661335 -0.173874
    outer loop
      vertex 6.60386 -6.43753 0
      vertex 6.09853 -6.09853 3.41
      vertex 6.17761 -6.01128 3.41
    endloop
  endfacet
  facet normal -0.72966 0.661335 -0.173874
    outer loop
      vertex 6.09853 -6.09853 3.41
      vertex 6.60386 -6.43753 0
      vertex 6.52478 -6.52478 0
    endloop
  endfacet
  facet normal 0.99034 0.0485866 -0.129866
    outer loop
      vertex -6.44423 -5.36761 3.41
      vertex -6.87625 -5.67625 0
      vertex -6.45 -5.25 3.41
    endloop
  endfacet
  facet normal 0.990341 0.0485824 -0.129866
    outer loop
      vertex -6.87625 -5.67625 0
      vertex -6.44423 -5.36761 3.41
      vertex -6.87048 -5.79387 0
    endloop
  endfacet
  facet normal 0.990341 -0.0485824 -0.129866
    outer loop
      vertex -6.44423 5.36761 3.41
      vertex -6.87625 5.67625 0
      vertex -6.87048 5.79387 0
    endloop
  endfacet
  facet normal 0.99034 -0.0485866 -0.129866
    outer loop
      vertex -6.87625 5.67625 0
      vertex -6.44423 5.36761 3.41
      vertex -6.45 5.25 3.41
    endloop
  endfacet
  facet normal 0 0 -1
    outer loop
      vertex 5.25 -6.45 3.41
      vertex 6.45 -5.25 3.41
      vertex 6.44423 -5.36761 3.41
    endloop
  endfacet
  facet normal -0 0 -1
    outer loop
      vertex 6.45 -5.25 3.41
      vertex 5.25 -6.45 3.41
      vertex 6.45 5.25 3.41
    endloop
  endfacet
  facet normal 0 0 -1
    outer loop
      vertex 5.25 -6.45 3.41
      vertex 6.44423 -5.36761 3.41
      vertex 6.42694 -5.48412 3.41
    endloop
  endfacet
  facet normal 0 0 -1
    outer loop
      vertex 5.25 6.45 3.41
      vertex 6.45 5.25 3.41
      vertex 5.25 -6.45 3.41
    endloop
  endfacet
  facet normal 0 0 -1
    outer loop
      vertex 5.25 -6.45 3.41
      vertex 6.42694 -5.48412 3.41
      vertex 6.39833 -5.59834 3.41
    endloop
  endfacet
  facet normal 0 0 -1
    outer loop
      vertex 6.45 5.25 3.41
      vertex 5.25 6.45 3.41
      vertex 6.44423 5.36761 3.41
    endloop
  endfacet
  facet normal 0 0 -1
    outer loop
      vertex 5.25 -6.45 3.41
      vertex 6.39833 -5.59834 3.41
      vertex 6.35866 -5.70921 3.41
    endloop
  endfacet
  facet normal 0 0 -1
    outer loop
      vertex 6.44423 5.36761 3.41
      vertex 5.25 6.45 3.41
      vertex 6.42694 5.48412 3.41
    endloop
  endfacet
  facet normal 0 0 -1
    outer loop
      vertex 5.25 -6.45 3.41
      vertex 6.35866 -5.70921 3.41
      vertex 6.3083 -5.81567 3.41
    endloop
  endfacet
  facet normal 0 0 -1
    outer loop
      vertex 6.42694 5.48412 3.41
      vertex 5.25 6.45 3.41
      vertex 6.39833 5.59834 3.41
    endloop
  endfacet
  facet normal 0 0 -1
    outer loop
      vertex 5.25 -6.45 3.41
      vertex 6.3083 -5.81567 3.41
      vertex 6.24776 -5.91669 3.41
    endloop
  endfacet
  facet normal 0 0 -1
    outer loop
      vertex 6.39833 5.59834 3.41
      vertex 5.25 6.45 3.41
      vertex 6.35866 5.70921 3.41
    endloop
  endfacet
  facet normal 0 0 -1
    outer loop
      vertex 5.25 -6.45 3.41
      vertex 6.24776 -5.91669 3.41
      vertex 6.17761 -6.01128 3.41
    endloop
  endfacet
  facet normal 0 0 -1
    outer loop
      vertex 6.35866 5.70921 3.41
      vertex 5.25 6.45 3.41
      vertex 6.3083 5.81567 3.41
    endloop
  endfacet
  facet normal 0 0 -1
    outer loop
      vertex 5.25 -6.45 3.41
      vertex 6.17761 -6.01128 3.41
      vertex 6.09853 -6.09853 3.41
    endloop
  endfacet
  facet normal 0 0 -1
    outer loop
      vertex 6.3083 5.81567 3.41
      vertex 5.25 6.45 3.41
      vertex 6.24776 5.91669 3.41
    endloop
  endfacet
  facet normal 0 0 -1
    outer loop
      vertex 5.25 -6.45 3.41
      vertex 6.09853 -6.09853 3.41
      vertex 6.01128 -6.17761 3.41
    endloop
  endfacet
  facet normal 0 0 -1
    outer loop
      vertex 6.24776 5.91669 3.41
      vertex 5.25 6.45 3.41
      vertex 6.17761 6.01128 3.41
    endloop
  endfacet
  facet normal 0 0 -1
    outer loop
      vertex 5.25 -6.45 3.41
      vertex 6.01128 -6.17761 3.41
      vertex 5.91669 -6.24776 3.41
    endloop
  endfacet
  facet normal 0 0 -1
    outer loop
      vertex 6.17761 6.01128 3.41
      vertex 5.25 6.45 3.41
      vertex 6.09853 6.09853 3.41
    endloop
  endfacet
  facet normal 0 0 -1
    outer loop
      vertex 5.25 -6.45 3.41
      vertex 5.91669 -6.24776 3.41
      vertex 5.81567 -6.3083 3.41
    endloop
  endfacet
  facet normal 0 0 -1
    outer loop
      vertex 6.09853 6.09853 3.41
      vertex 5.25 6.45 3.41
      vertex 6.01128 6.17761 3.41
    endloop
  endfacet
  facet normal 0 0 -1
    outer loop
      vertex 5.25 -6.45 3.41
      vertex 5.81567 -6.3083 3.41
      vertex 5.70921 -6.35866 3.41
    endloop
  endfacet
  facet normal 0 0 -1
    outer loop
      vertex 6.01128 6.17761 3.41
      vertex 5.25 6.45 3.41
      vertex 5.91669 6.24776 3.41
    endloop
  endfacet
  facet normal 0 0 -1
    outer loop
      vertex 5.25 -6.45 3.41
      vertex 5.70921 -6.35866 3.41
      vertex 5.59834 -6.39833 3.41
    endloop
  endfacet
  facet normal 0 0 -1
    outer loop
      vertex 5.91669 6.24776 3.41
      vertex 5.25 6.45 3.41
      vertex 5.81567 6.3083 3.41
    endloop
  endfacet
  facet normal 0 0 -1
    outer loop
      vertex 5.25 -6.45 3.41
      vertex 5.59834 -6.39833 3.41
      vertex 5.48412 -6.42694 3.41
    endloop
  endfacet
  facet normal 0 0 -1
    outer loop
      vertex 5.81567 6.3083 3.41
      vertex 5.25 6.45 3.41
      vertex 5.70921 6.35866 3.41
    endloop
  endfacet
  facet normal 0 0 -1
    outer loop
      vertex 5.25 -6.45 3.41
      vertex 5.48412 -6.42694 3.41
      vertex 5.36761 -6.44423 3.41
    endloop
  endfacet
  facet normal 0 0 -1
    outer loop
      vertex 5.70921 6.35866 3.41
      vertex 5.25 6.45 3.41
      vertex 5.59834 6.39833 3.41
    endloop
  endfacet
  facet normal 0 0 -1
    outer loop
      vertex 5.59834 6.39833 3.41
      vertex 5.25 6.45 3.41
      vertex 5.48412 6.42694 3.41
    endloop
  endfacet
  facet normal 0 0 -1
    outer loop
      vertex 5.48412 6.42694 3.41
      vertex 5.25 6.45 3.41
      vertex 5.36761 6.44423 3.41
    endloop
  endfacet
  facet normal 0 0 -1
    outer loop
      vertex -5.25 -6.45 3.41
      vertex 5.25 6.45 3.41
      vertex 5.25 -6.45 3.41
    endloop
  endfacet
  facet normal 0 0 -1
    outer loop
      vertex -5.25 -6.45 3.41
      vertex -5.25 6.45 3.41
      vertex 5.25 6.45 3.41
    endloop
  endfacet
  facet normal 0 0 -1
    outer loop
      vertex -6.45 -5.25 3.41
      vertex -5.25 -6.45 3.41
      vertex -5.36761 -6.44423 3.41
    endloop
  endfacet
  facet normal 0 0 -1
    outer loop
      vertex -5.25 -6.45 3.41
      vertex -6.45 -5.25 3.41
      vertex -5.25 6.45 3.41
    endloop
  endfacet
  facet normal 0 0 -1
    outer loop
      vertex -6.45 -5.25 3.41
      vertex -5.36761 -6.44423 3.41
      vertex -5.48412 -6.42694 3.41
    endloop
  endfacet
  facet normal 0 0 -1
    outer loop
      vertex -6.45 5.25 3.41
      vertex -5.25 6.45 3.41
      vertex -6.45 -5.25 3.41
    endloop
  endfacet
  facet normal 0 0 -1
    outer loop
      vertex -6.45 -5.25 3.41
      vertex -5.48412 -6.42694 3.41
      vertex -5.59834 -6.39833 3.41
    endloop
  endfacet
  facet normal 0 0 -1
    outer loop
      vertex -5.25 6.45 3.41
      vertex -6.45 5.25 3.41
      vertex -5.36761 6.44423 3.41
    endloop
  endfacet
  facet normal 0 0 -1
    outer loop
      vertex -6.45 -5.25 3.41
      vertex -5.59834 -6.39833 3.41
      vertex -5.70921 -6.35866 3.41
    endloop
  endfacet
  facet normal 0 0 -1
    outer loop
      vertex -5.36761 6.44423 3.41
      vertex -6.45 5.25 3.41
      vertex -5.48412 6.42694 3.41
    endloop
  endfacet
  facet normal 0 0 -1
    outer loop
      vertex -6.45 -5.25 3.41
      vertex -5.70921 -6.35866 3.41
      vertex -5.81567 -6.3083 3.41
    endloop
  endfacet
  facet normal 0 0 -1
    outer loop
      vertex -5.48412 6.42694 3.41
      vertex -6.45 5.25 3.41
      vertex -5.59834 6.39833 3.41
    endloop
  endfacet
  facet normal 0 0 -1
    outer loop
      vertex -6.45 -5.25 3.41
      vertex -5.81567 -6.3083 3.41
      vertex -5.91669 -6.24776 3.41
    endloop
  endfacet
  facet normal 0 0 -1
    outer loop
      vertex -5.59834 6.39833 3.41
      vertex -6.45 5.25 3.41
      vertex -5.70921 6.35866 3.41
    endloop
  endfacet
  facet normal 0 0 -1
    outer loop
      vertex -6.45 -5.25 3.41
      vertex -5.91669 -6.24776 3.41
      vertex -6.01128 -6.17761 3.41
    endloop
  endfacet
  facet normal 0 0 -1
    outer loop
      vertex -5.70921 6.35866 3.41
      vertex -6.45 5.25 3.41
      vertex -5.81567 6.3083 3.41
    endloop
  endfacet
  facet normal 0 0 -1
    outer loop
      vertex -6.45 -5.25 3.41
      vertex -6.01128 -6.17761 3.41
      vertex -6.09853 -6.09853 3.41
    endloop
  endfacet
  facet normal 0 0 -1
    outer loop
      vertex -5.81567 6.3083 3.41
      vertex -6.45 5.25 3.41
      vertex -5.91669 6.24776 3.41
    endloop
  endfacet
  facet normal 0 0 -1
    outer loop
      vertex -6.45 -5.25 3.41
      vertex -6.09853 -6.09853 3.41
      vertex -6.17761 -6.01128 3.41
    endloop
  endfacet
  facet normal 0 0 -1
    outer loop
      vertex -5.91669 6.24776 3.41
      vertex -6.45 5.25 3.41
      vertex -6.01128 6.17761 3.41
    endloop
  endfacet
  facet normal 0 0 -1
    outer loop
      vertex -6.45 -5.25 3.41
      vertex -6.17761 -6.01128 3.41
      vertex -6.24776 -5.91669 3.41
    endloop
  endfacet
  facet normal 0 0 -1
    outer loop
      vertex -6.01128 6.17761 3.41
      vertex -6.45 5.25 3.41
      vertex -6.09853 6.09853 3.41
    endloop
  endfacet
  facet normal 0 0 -1
    outer loop
      vertex -6.45 -5.25 3.41
      vertex -6.24776 -5.91669 3.41
      vertex -6.3083 -5.81567 3.41
    endloop
  endfacet
  facet normal 0 0 -1
    outer loop
      vertex -6.09853 6.09853 3.41
      vertex -6.45 5.25 3.41
      vertex -6.17761 6.01128 3.41
    endloop
  endfacet
  facet normal 0 0 -1
    outer loop
      vertex -6.45 -5.25 3.41
      vertex -6.3083 -5.81567 3.41
      vertex -6.35866 -5.70921 3.41
    endloop
  endfacet
  facet normal 0 0 -1
    outer loop
      vertex -6.17761 6.01128 3.41
      vertex -6.45 5.25 3.41
      vertex -6.24776 5.91669 3.41
    endloop
  endfacet
  facet normal 0 0 -1
    outer loop
      vertex -6.45 -5.25 3.41
      vertex -6.35866 -5.70921 3.41
      vertex -6.39833 -5.59834 3.41
    endloop
  endfacet
  facet normal 0 0 -1
    outer loop
      vertex -6.24776 5.91669 3.41
      vertex -6.45 5.25 3.41
      vertex -6.3083 5.81567 3.41
    endloop
  endfacet
  facet normal 0 0 -1
    outer loop
      vertex -6.45 -5.25 3.41
      vertex -6.39833 -5.59834 3.41
      vertex -6.42694 -5.48412 3.41
    endloop
  endfacet
  facet normal 0 0 -1
    outer loop
      vertex -6.3083 5.81567 3.41
      vertex -6.45 5.25 3.41
      vertex -6.35866 5.70921 3.41
    endloop
  endfacet
  facet normal 0 0 -1
    outer loop
      vertex -6.45 -5.25 3.41
      vertex -6.42694 -5.48412 3.41
      vertex -6.44423 -5.36761 3.41
    endloop
  endfacet
  facet normal 0 0 -1
    outer loop
      vertex -6.35866 5.70921 3.41
      vertex -6.45 5.25 3.41
      vertex -6.39833 5.59834 3.41
    endloop
  endfacet
  facet normal 0 0 -1
    outer loop
      vertex -6.39833 5.59834 3.41
      vertex -6.45 5.25 3.41
      vertex -6.42694 5.48412 3.41
    endloop
  endfacet
  facet normal 0 0 -1
    outer loop
      vertex -6.42694 5.48412 3.41
      vertex -6.45 5.25 3.41
      vertex -6.44423 5.36761 3.41
    endloop
  endfacet
  facet normal 0.72966 0.661335 -0.173874
    outer loop
      vertex -6.09853 -6.09853 3.41
      vertex -6.60386 -6.43753 0
      vertex -6.17761 -6.01128 3.41
    endloop
  endfacet
  facet normal 0.72966 0.661335 -0.173874
    outer loop
      vertex -6.60386 -6.43753 0
      vertex -6.09853 -6.09853 3.41
      vertex -6.52478 -6.52478 0
    endloop
  endfacet
  facet normal 0.661335 0.72966 -0.173874
    outer loop
      vertex -6.43753 -6.60386 0
      vertex -6.09853 -6.09853 3.41
      vertex -6.01128 -6.17761 3.41
    endloop
  endfacet
  facet normal 0.661335 0.72966 -0.173874
    outer loop
      vertex -6.09853 -6.09853 3.41
      vertex -6.43753 -6.60386 0
      vertex -6.52478 -6.52478 0
    endloop
  endfacet
  facet normal 0.72966 -0.661335 -0.173874
    outer loop
      vertex -6.09853 6.09853 3.41
      vertex -6.60386 6.43753 0
      vertex -6.52478 6.52478 0
    endloop
  endfacet
  facet normal 0.72966 -0.661335 -0.173874
    outer loop
      vertex -6.60386 6.43753 0
      vertex -6.09853 6.09853 3.41
      vertex -6.17761 6.01128 3.41
    endloop
  endfacet
  facet normal -0.332669 -0.929747 -0.157803
    outer loop
      vertex 6.0246 6.82458 0
      vertex 5.70921 6.35866 3.41
      vertex 5.59834 6.39833 3.41
    endloop
  endfacet
  facet normal -0.332669 -0.929747 -0.157803
    outer loop
      vertex 5.70921 6.35866 3.41
      vertex 6.0246 6.82458 0
      vertex 6.13547 6.78491 0
    endloop
  endfacet
  facet normal -0.992278 0 -0.124035
    outer loop
      vertex 6.87625 5.67625 0
      vertex 6.45 -5.25 3.41
      vertex 6.45 5.25 3.41
    endloop
  endfacet
  facet normal -0.992278 0 -0.124035
    outer loop
      vertex 6.45 -5.25 3.41
      vertex 6.87625 5.67625 0
      vertex 6.87625 -5.67625 0
    endloop
  endfacet
  facet normal -0.929747 0.332669 -0.157803
    outer loop
      vertex 6.82458 -6.0246 0
      vertex 6.35866 -5.70921 3.41
      vertex 6.39833 -5.59834 3.41
    endloop
  endfacet
  facet normal -0.929747 0.332669 -0.157803
    outer loop
      vertex 6.35866 -5.70921 3.41
      vertex 6.82458 -6.0246 0
      vertex 6.78491 -6.13547 0
    endloop
  endfacet
  facet normal 0.891695 0.421809 -0.164189
    outer loop
      vertex -6.3083 -5.81567 3.41
      vertex -6.78491 -6.13547 0
      vertex -6.35866 -5.70921 3.41
    endloop
  endfacet
  facet normal 0.891727 0.42174 -0.164187
    outer loop
      vertex -6.78491 -6.13547 0
      vertex -6.3083 -5.81567 3.41
      vertex -6.73456 -6.24193 0
    endloop
  endfacet
  facet normal 0.845423 0.506651 -0.169013
    outer loop
      vertex -6.24776 -5.91669 3.41
      vertex -6.73456 -6.24193 0
      vertex -6.3083 -5.81567 3.41
    endloop
  endfacet
  facet normal 0.845363 0.506749 -0.169014
    outer loop
      vertex -6.73456 -6.24193 0
      vertex -6.24776 -5.91669 3.41
      vertex -6.67401 -6.34294 0
    endloop
  endfacet
  facet normal 0.979344 0.145334 -0.140585
    outer loop
      vertex -6.42694 -5.48412 3.41
      vertex -6.87048 -5.79387 0
      vertex -6.44423 -5.36761 3.41
    endloop
  endfacet
  facet normal 0.979342 0.145346 -0.140586
    outer loop
      vertex -6.87048 -5.79387 0
      vertex -6.42694 -5.48412 3.41
      vertex -6.85319 -5.91037 0
    endloop
  endfacet
  facet normal 0.959076 -0.24021 -0.149911
    outer loop
      vertex -6.39833 5.59834 3.41
      vertex -6.85319 5.91037 0
      vertex -6.82458 6.0246 0
    endloop
  endfacet
  facet normal 0.95907 -0.240229 -0.149912
    outer loop
      vertex -6.85319 5.91037 0
      vertex -6.39833 5.59834 3.41
      vertex -6.42694 5.48412 3.41
    endloop
  endfacet
  facet normal 0.95907 0.240229 -0.149912
    outer loop
      vertex -6.39833 -5.59834 3.41
      vertex -6.85319 -5.91037 0
      vertex -6.42694 -5.48412 3.41
    endloop
  endfacet
  facet normal 0.959076 0.24021 -0.149911
    outer loop
      vertex -6.85319 -5.91037 0
      vertex -6.39833 -5.59834 3.41
      vertex -6.82458 -6.0246 0
    endloop
  endfacet
  facet normal 0.332669 0.929747 -0.157803
    outer loop
      vertex -6.0246 -6.82458 0
      vertex -5.70921 -6.35866 3.41
      vertex -5.59834 -6.39833 3.41
    endloop
  endfacet
  facet normal 0.332669 0.929747 -0.157803
    outer loop
      vertex -5.70921 -6.35866 3.41
      vertex -6.0246 -6.82458 0
      vertex -6.13547 -6.78491 0
    endloop
  endfacet
  facet normal 0.586781 0.791213 -0.172249
    outer loop
      vertex -6.34294 -6.67401 0
      vertex -6.01128 -6.17761 3.41
      vertex -5.91669 -6.24776 3.41
    endloop
  endfacet
  facet normal 0.586781 0.791213 -0.172249
    outer loop
      vertex -6.01128 -6.17761 3.41
      vertex -6.34294 -6.67401 0
      vertex -6.43753 -6.60386 0
    endloop
  endfacet
  facet normal 0.421809 0.891695 -0.164189
    outer loop
      vertex -6.13547 -6.78491 0
      vertex -5.81567 -6.3083 3.41
      vertex -5.70921 -6.35866 3.41
    endloop
  endfacet
  facet normal 0.42174 0.891727 -0.164187
    outer loop
      vertex -5.81567 -6.3083 3.41
      vertex -6.13547 -6.78491 0
      vertex -6.24193 -6.73456 0
    endloop
  endfacet
  facet normal 0.661335 -0.72966 -0.173874
    outer loop
      vertex -6.43753 6.60386 0
      vertex -6.09853 6.09853 3.41
      vertex -6.52478 6.52478 0
    endloop
  endfacet
  facet normal 0.661335 -0.72966 -0.173874
    outer loop
      vertex -6.09853 6.09853 3.41
      vertex -6.43753 6.60386 0
      vertex -6.01128 6.17761 3.41
    endloop
  endfacet
  facet normal 0.42174 -0.891727 -0.164187
    outer loop
      vertex -6.13547 6.78491 0
      vertex -5.81567 6.3083 3.41
      vertex -6.24193 6.73456 0
    endloop
  endfacet
  facet normal 0.421809 -0.891695 -0.164189
    outer loop
      vertex -5.81567 6.3083 3.41
      vertex -6.13547 6.78491 0
      vertex -5.70921 6.35866 3.41
    endloop
  endfacet
  facet normal 0.0485824 -0.990341 -0.129866
    outer loop
      vertex -5.67625 6.87625 0
      vertex -5.36761 6.44423 3.41
      vertex -5.79387 6.87048 0
    endloop
  endfacet
  facet normal 0.0485866 -0.99034 -0.129866
    outer loop
      vertex -5.36761 6.44423 3.41
      vertex -5.67625 6.87625 0
      vertex -5.25 6.45 3.41
    endloop
  endfacet
  facet normal 0.506749 -0.845363 -0.169014
    outer loop
      vertex -6.24193 6.73456 0
      vertex -5.91669 6.24776 3.41
      vertex -6.34294 6.67401 0
    endloop
  endfacet
  facet normal 0.506651 -0.845423 -0.169013
    outer loop
      vertex -5.91669 6.24776 3.41
      vertex -6.24193 6.73456 0
      vertex -5.81567 6.3083 3.41
    endloop
  endfacet
  facet normal 0.332669 -0.929747 -0.157803
    outer loop
      vertex -6.0246 6.82458 0
      vertex -5.70921 6.35866 3.41
      vertex -6.13547 6.78491 0
    endloop
  endfacet
  facet normal 0.332669 -0.929747 -0.157803
    outer loop
      vertex -5.70921 6.35866 3.41
      vertex -6.0246 6.82458 0
      vertex -5.59834 6.39833 3.41
    endloop
  endfacet
  facet normal 0.791213 -0.586781 -0.172249
    outer loop
      vertex -6.17761 6.01128 3.41
      vertex -6.67401 6.34294 0
      vertex -6.60386 6.43753 0
    endloop
  endfacet
  facet normal 0.791213 -0.586781 -0.172249
    outer loop
      vertex -6.67401 6.34294 0
      vertex -6.17761 6.01128 3.41
      vertex -6.24776 5.91669 3.41
    endloop
  endfacet
  facet normal -0.421809 -0.891695 -0.164189
    outer loop
      vertex 6.13547 6.78491 0
      vertex 5.81567 6.3083 3.41
      vertex 5.70921 6.35866 3.41
    endloop
  endfacet
  facet normal -0.42174 -0.891727 -0.164187
    outer loop
      vertex 5.81567 6.3083 3.41
      vertex 6.13547 6.78491 0
      vertex 6.24193 6.73456 0
    endloop
  endfacet
  facet normal -0.0485866 -0.99034 -0.129866
    outer loop
      vertex 5.67625 6.87625 0
      vertex 5.36761 6.44423 3.41
      vertex 5.25 6.45 3.41
    endloop
  endfacet
  facet normal -0.0485824 -0.990341 -0.129866
    outer loop
      vertex 5.36761 6.44423 3.41
      vertex 5.67625 6.87625 0
      vertex 5.79387 6.87048 0
    endloop
  endfacet
  facet normal -0.240229 -0.95907 -0.149912
    outer loop
      vertex 5.91037 6.85319 0
      vertex 5.59834 6.39833 3.41
      vertex 5.48412 6.42694 3.41
    endloop
  endfacet
  facet normal -0.24021 -0.959076 -0.149911
    outer loop
      vertex 5.59834 6.39833 3.41
      vertex 5.91037 6.85319 0
      vertex 6.0246 6.82458 0
    endloop
  endfacet
  facet normal -0.959076 -0.24021 -0.149911
    outer loop
      vertex 6.85319 5.91037 0
      vertex 6.39833 5.59834 3.41
      vertex 6.82458 6.0246 0
    endloop
  endfacet
  facet normal -0.95907 -0.240229 -0.149912
    outer loop
      vertex 6.39833 5.59834 3.41
      vertex 6.85319 5.91037 0
      vertex 6.42694 5.48412 3.41
    endloop
  endfacet
  facet normal -0.99034 0.0485866 -0.129866
    outer loop
      vertex 6.87625 -5.67625 0
      vertex 6.44423 -5.36761 3.41
      vertex 6.45 -5.25 3.41
    endloop
  endfacet
  facet normal -0.990341 0.0485824 -0.129866
    outer loop
      vertex 6.44423 -5.36761 3.41
      vertex 6.87625 -5.67625 0
      vertex 6.87048 -5.79387 0
    endloop
  endfacet
  facet normal -0.586781 -0.791213 -0.172249
    outer loop
      vertex 6.34294 6.67401 0
      vertex 6.01128 6.17761 3.41
      vertex 5.91669 6.24776 3.41
    endloop
  endfacet
  facet normal -0.586781 -0.791213 -0.172249
    outer loop
      vertex 6.01128 6.17761 3.41
      vertex 6.34294 6.67401 0
      vertex 6.43753 6.60386 0
    endloop
  endfacet
  facet normal -0.72966 -0.661335 -0.173874
    outer loop
      vertex 6.60386 6.43753 0
      vertex 6.09853 6.09853 3.41
      vertex 6.52478 6.52478 0
    endloop
  endfacet
  facet normal -0.72966 -0.661335 -0.173874
    outer loop
      vertex 6.09853 6.09853 3.41
      vertex 6.60386 6.43753 0
      vertex 6.17761 6.01128 3.41
    endloop
  endfacet
  facet normal 0.929747 -0.332669 -0.157803
    outer loop
      vertex -6.35866 5.70921 3.41
      vertex -6.82458 6.0246 0
      vertex -6.78491 6.13547 0
    endloop
  endfacet
  facet normal 0.929747 -0.332669 -0.157803
    outer loop
      vertex -6.82458 6.0246 0
      vertex -6.35866 5.70921 3.41
      vertex -6.39833 5.59834 3.41
    endloop
  endfacet
  facet normal 0.979342 -0.145346 -0.140586
    outer loop
      vertex -6.42694 5.48412 3.41
      vertex -6.87048 5.79387 0
      vertex -6.85319 5.91037 0
    endloop
  endfacet
  facet normal 0.979344 -0.145334 -0.140585
    outer loop
      vertex -6.87048 5.79387 0
      vertex -6.42694 5.48412 3.41
      vertex -6.44423 5.36761 3.41
    endloop
  endfacet
  facet normal 0.929747 0.332669 -0.157803
    outer loop
      vertex -6.35866 -5.70921 3.41
      vertex -6.82458 -6.0246 0
      vertex -6.39833 -5.59834 3.41
    endloop
  endfacet
  facet normal 0.929747 0.332669 -0.157803
    outer loop
      vertex -6.82458 -6.0246 0
      vertex -6.35866 -5.70921 3.41
      vertex -6.78491 -6.13547 0
    endloop
  endfacet
  facet normal 0.506651 0.845423 -0.169013
    outer loop
      vertex -6.24193 -6.73456 0
      vertex -5.91669 -6.24776 3.41
      vertex -5.81567 -6.3083 3.41
    endloop
  endfacet
  facet normal 0.506749 0.845363 -0.169014
    outer loop
      vertex -5.91669 -6.24776 3.41
      vertex -6.24193 -6.73456 0
      vertex -6.34294 -6.67401 0
    endloop
  endfacet
  facet normal 0.586781 -0.791213 -0.172249
    outer loop
      vertex -6.34294 6.67401 0
      vertex -6.01128 6.17761 3.41
      vertex -6.43753 6.60386 0
    endloop
  endfacet
  facet normal 0.586781 -0.791213 -0.172249
    outer loop
      vertex -6.01128 6.17761 3.41
      vertex -6.34294 6.67401 0
      vertex -5.91669 6.24776 3.41
    endloop
  endfacet
  facet normal 0.24021 -0.959076 -0.149911
    outer loop
      vertex -5.91037 6.85319 0
      vertex -5.59834 6.39833 3.41
      vertex -6.0246 6.82458 0
    endloop
  endfacet
  facet normal 0.240229 -0.95907 -0.149912
    outer loop
      vertex -5.59834 6.39833 3.41
      vertex -5.91037 6.85319 0
      vertex -5.48412 6.42694 3.41
    endloop
  endfacet
  facet normal 0.845363 -0.506749 -0.169014
    outer loop
      vertex -6.24776 5.91669 3.41
      vertex -6.73456 6.24193 0
      vertex -6.67401 6.34294 0
    endloop
  endfacet
  facet normal 0.845423 -0.506651 -0.169013
    outer loop
      vertex -6.73456 6.24193 0
      vertex -6.24776 5.91669 3.41
      vertex -6.3083 5.81567 3.41
    endloop
  endfacet
  facet normal -0.979342 -0.145346 -0.140586
    outer loop
      vertex 6.87048 5.79387 0
      vertex 6.42694 5.48412 3.41
      vertex 6.85319 5.91037 0
    endloop
  endfacet
  facet normal -0.979344 -0.145334 -0.140585
    outer loop
      vertex 6.42694 5.48412 3.41
      vertex 6.87048 5.79387 0
      vertex 6.44423 5.36761 3.41
    endloop
  endfacet
  facet normal -0.332669 0.929747 -0.157803
    outer loop
      vertex 6.0246 -6.82458 0
      vertex 5.70921 -6.35866 3.41
      vertex 6.13547 -6.78491 0
    endloop
  endfacet
  facet normal -0.332669 0.929747 -0.157803
    outer loop
      vertex 5.70921 -6.35866 3.41
      vertex 6.0246 -6.82458 0
      vertex 5.59834 -6.39833 3.41
    endloop
  endfacet
  facet normal -0.586781 0.791213 -0.172249
    outer loop
      vertex 6.34294 -6.67401 0
      vertex 6.01128 -6.17761 3.41
      vertex 6.43753 -6.60386 0
    endloop
  endfacet
  facet normal -0.586781 0.791213 -0.172249
    outer loop
      vertex 6.01128 -6.17761 3.41
      vertex 6.34294 -6.67401 0
      vertex 5.91669 -6.24776 3.41
    endloop
  endfacet
  facet normal -0.506651 -0.845423 -0.169013
    outer loop
      vertex 6.24193 6.73456 0
      vertex 5.91669 6.24776 3.41
      vertex 5.81567 6.3083 3.41
    endloop
  endfacet
  facet normal -0.506749 -0.845363 -0.169014
    outer loop
      vertex 5.91669 6.24776 3.41
      vertex 6.24193 6.73456 0
      vertex 6.34294 6.67401 0
    endloop
  endfacet
  facet normal -0.791213 0.586781 -0.172249
    outer loop
      vertex 6.67401 -6.34294 0
      vertex 6.17761 -6.01128 3.41
      vertex 6.24776 -5.91669 3.41
    endloop
  endfacet
  facet normal -0.791213 0.586781 -0.172249
    outer loop
      vertex 6.17761 -6.01128 3.41
      vertex 6.67401 -6.34294 0
      vertex 6.60386 -6.43753 0
    endloop
  endfacet
  facet normal 0.240229 0.95907 -0.149912
    outer loop
      vertex -5.91037 -6.85319 0
      vertex -5.59834 -6.39833 3.41
      vertex -5.48412 -6.42694 3.41
    endloop
  endfacet
  facet normal 0.24021 0.959076 -0.149911
    outer loop
      vertex -5.59834 -6.39833 3.41
      vertex -5.91037 -6.85319 0
      vertex -6.0246 -6.82458 0
    endloop
  endfacet
  facet normal 0.891727 -0.42174 -0.164187
    outer loop
      vertex -6.3083 5.81567 3.41
      vertex -6.78491 6.13547 0
      vertex -6.73456 6.24193 0
    endloop
  endfacet
  facet normal 0.891695 -0.421809 -0.164189
    outer loop
      vertex -6.78491 6.13547 0
      vertex -6.3083 5.81567 3.41
      vertex -6.35866 5.70921 3.41
    endloop
  endfacet
  facet normal -0.145334 -0.979344 -0.140585
    outer loop
      vertex 5.79387 6.87048 0
      vertex 5.48412 6.42694 3.41
      vertex 5.36761 6.44423 3.41
    endloop
  endfacet
  facet normal -0.145346 -0.979342 -0.140586
    outer loop
      vertex 5.48412 6.42694 3.41
      vertex 5.79387 6.87048 0
      vertex 5.91037 6.85319 0
    endloop
  endfacet
  facet normal -0.791213 -0.586781 -0.172249
    outer loop
      vertex 6.67401 6.34294 0
      vertex 6.17761 6.01128 3.41
      vertex 6.60386 6.43753 0
    endloop
  endfacet
  facet normal -0.791213 -0.586781 -0.172249
    outer loop
      vertex 6.17761 6.01128 3.41
      vertex 6.67401 6.34294 0
      vertex 6.24776 5.91669 3.41
    endloop
  endfacet
  facet normal -0.990341 -0.0485824 -0.129866
    outer loop
      vertex 6.87625 5.67625 0
      vertex 6.44423 5.36761 3.41
      vertex 6.87048 5.79387 0
    endloop
  endfacet
  facet normal -0.99034 -0.0485866 -0.129866
    outer loop
      vertex 6.44423 5.36761 3.41
      vertex 6.87625 5.67625 0
      vertex 6.45 5.25 3.41
    endloop
  endfacet
  facet normal -0.929747 -0.332669 -0.157803
    outer loop
      vertex 6.82458 6.0246 0
      vertex 6.35866 5.70921 3.41
      vertex 6.78491 6.13547 0
    endloop
  endfacet
  facet normal -0.929747 -0.332669 -0.157803
    outer loop
      vertex 6.35866 5.70921 3.41
      vertex 6.82458 6.0246 0
      vertex 6.39833 5.59834 3.41
    endloop
  endfacet
  facet normal -0.891727 -0.42174 -0.164187
    outer loop
      vertex 6.78491 6.13547 0
      vertex 6.3083 5.81567 3.41
      vertex 6.73456 6.24193 0
    endloop
  endfacet
  facet normal -0.891695 -0.421809 -0.164189
    outer loop
      vertex 6.3083 5.81567 3.41
      vertex 6.78491 6.13547 0
      vertex 6.35866 5.70921 3.41
    endloop
  endfacet
  facet normal -0.145346 0.979342 -0.140586
    outer loop
      vertex 5.79387 -6.87048 0
      vertex 5.48412 -6.42694 3.41
      vertex 5.91037 -6.85319 0
    endloop
  endfacet
  facet normal -0.145334 0.979344 -0.140585
    outer loop
      vertex 5.48412 -6.42694 3.41
      vertex 5.79387 -6.87048 0
      vertex 5.36761 -6.44423 3.41
    endloop
  endfacet
  facet normal -0.24021 0.959076 -0.149911
    outer loop
      vertex 5.91037 -6.85319 0
      vertex 5.59834 -6.39833 3.41
      vertex 6.0246 -6.82458 0
    endloop
  endfacet
  facet normal -0.240229 0.95907 -0.149912
    outer loop
      vertex 5.59834 -6.39833 3.41
      vertex 5.91037 -6.85319 0
      vertex 5.48412 -6.42694 3.41
    endloop
  endfacet
  facet normal -0.42174 0.891727 -0.164187
    outer loop
      vertex 6.13547 -6.78491 0
      vertex 5.81567 -6.3083 3.41
      vertex 6.24193 -6.73456 0
    endloop
  endfacet
  facet normal -0.421809 0.891695 -0.164189
    outer loop
      vertex 5.81567 -6.3083 3.41
      vertex 6.13547 -6.78491 0
      vertex 5.70921 -6.35866 3.41
    endloop
  endfacet
  facet normal -0.506749 0.845363 -0.169014
    outer loop
      vertex 6.24193 -6.73456 0
      vertex 5.91669 -6.24776 3.41
      vertex 6.34294 -6.67401 0
    endloop
  endfacet
  facet normal -0.506651 0.845423 -0.169013
    outer loop
      vertex 5.91669 -6.24776 3.41
      vertex 6.24193 -6.73456 0
      vertex 5.81567 -6.3083 3.41
    endloop
  endfacet
  facet normal -0.661335 0.72966 -0.173874
    outer loop
      vertex 6.43753 -6.60386 0
      vertex 6.09853 -6.09853 3.41
      vertex 6.52478 -6.52478 0
    endloop
  endfacet
  facet normal -0.661335 0.72966 -0.173874
    outer loop
      vertex 6.09853 -6.09853 3.41
      vertex 6.43753 -6.60386 0
      vertex 6.01128 -6.17761 3.41
    endloop
  endfacet
  facet normal -0.95907 0.240229 -0.149912
    outer loop
      vertex 6.85319 -5.91037 0
      vertex 6.39833 -5.59834 3.41
      vertex 6.42694 -5.48412 3.41
    endloop
  endfacet
  facet normal -0.959076 0.24021 -0.149911
    outer loop
      vertex 6.39833 -5.59834 3.41
      vertex 6.85319 -5.91037 0
      vertex 6.82458 -6.0246 0
    endloop
  endfacet
  facet normal -0.661335 -0.72966 -0.173874
    outer loop
      vertex 6.43753 6.60386 0
      vertex 6.09853 6.09853 3.41
      vertex 6.01128 6.17761 3.41
    endloop
  endfacet
  facet normal -0.661335 -0.72966 -0.173874
    outer loop
      vertex 6.09853 6.09853 3.41
      vertex 6.43753 6.60386 0
      vertex 6.52478 6.52478 0
    endloop
  endfacet
  facet normal -0.845423 0.506651 -0.169013
    outer loop
      vertex 6.73456 -6.24193 0
      vertex 6.24776 -5.91669 3.41
      vertex 6.3083 -5.81567 3.41
    endloop
  endfacet
  facet normal -0.845363 0.506749 -0.169014
    outer loop
      vertex 6.24776 -5.91669 3.41
      vertex 6.73456 -6.24193 0
      vertex 6.67401 -6.34294 0
    endloop
  endfacet
  facet normal -0.979344 0.145334 -0.140585
    outer loop
      vertex 6.87048 -5.79387 0
      vertex 6.42694 -5.48412 3.41
      vertex 6.44423 -5.36761 3.41
    endloop
  endfacet
  facet normal -0.979342 0.145346 -0.140586
    outer loop
      vertex 6.42694 -5.48412 3.41
      vertex 6.87048 -5.79387 0
      vertex 6.85319 -5.91037 0
    endloop
  endfacet
  facet normal 0.145334 0.979344 -0.140585
    outer loop
      vertex -5.79387 -6.87048 0
      vertex -5.48412 -6.42694 3.41
      vertex -5.36761 -6.44423 3.41
    endloop
  endfacet
  facet normal 0.145346 0.979342 -0.140586
    outer loop
      vertex -5.48412 -6.42694 3.41
      vertex -5.79387 -6.87048 0
      vertex -5.91037 -6.85319 0
    endloop
  endfacet
  facet normal -0.845363 -0.506749 -0.169014
    outer loop
      vertex 6.73456 6.24193 0
      vertex 6.24776 5.91669 3.41
      vertex 6.67401 6.34294 0
    endloop
  endfacet
  facet normal -0.845423 -0.506651 -0.169013
    outer loop
      vertex 6.24776 5.91669 3.41
      vertex 6.73456 6.24193 0
      vertex 6.3083 5.81567 3.41
    endloop
  endfacet
  facet normal 1 -0 0
    outer loop
      vertex -2 -0.65 3.1
      vertex -2 0.65 0
      vertex -2 0.65 3.1
    endloop
  endfacet
  facet normal 1 0 0
    outer loop
      vertex -2 0.65 0
      vertex -2 -0.65 3.1
      vertex -2 -0.65 0
    endloop
  endfacet
  facet normal 0 0 -1
    outer loop
      vertex -2 -0.65 3.1
      vertex -0.65 0.65 3.1
      vertex -0.65 -0.65 3.1
    endloop
  endfacet
  facet normal -0 0 -1
    outer loop
      vertex -0.65 0.65 3.1
      vertex -2 -0.65 3.1
      vertex -2 0.65 3.1
    endloop
  endfacet
  facet normal 0 0 -1
    outer loop
      vertex -0.65 -0.65 3.1
      vertex 0.65 -0.65 3.1
      vertex 0.65 -2 3.1
    endloop
  endfacet
  facet normal 0 0 -1
    outer loop
      vertex 0.65 -0.65 3.1
      vertex -0.65 -0.65 3.1
      vertex 0.65 0.65 3.1
    endloop
  endfacet
  facet normal 0 0 -1
    outer loop
      vertex -0.65 -0.65 3.1
      vertex 0.65 -2 3.1
      vertex -0.65 -2 3.1
    endloop
  endfacet
  facet normal 0 0 -1
    outer loop
      vertex -0.65 0.65 3.1
      vertex 0.65 0.65 3.1
      vertex -0.65 -0.65 3.1
    endloop
  endfacet
  facet normal 0 0 -1
    outer loop
      vertex 0.65 0.65 3.1
      vertex -0.65 0.65 3.1
      vertex 0.65 2 3.1
    endloop
  endfacet
  facet normal -0 0 -1
    outer loop
      vertex 0.65 2 3.1
      vertex -0.65 0.65 3.1
      vertex -0.65 2 3.1
    endloop
  endfacet
  facet normal 0 0 -1
    outer loop
      vertex 0.65 -0.65 3.1
      vertex 2 0.65 3.1
      vertex 2 -0.65 3.1
    endloop
  endfacet
  facet normal -0 0 -1
    outer loop
      vertex 2 0.65 3.1
      vertex 0.65 -0.65 3.1
      vertex 0.65 0.65 3.1
    endloop
  endfacet
  facet normal -1 0 0
    outer loop
      vertex 2 -0.65 0
      vertex 2 0.65 3.1
      vertex 2 0.65 0
    endloop
  endfacet
  facet normal -1 -0 0
    outer loop
      vertex 2 0.65 3.1
      vertex 2 -0.65 0
      vertex 2 -0.65 3.1
    endloop
  endfacet
  facet normal 0 -1 0
    outer loop
      vertex 0.65 0.65 0
      vertex 2 0.65 3.1
      vertex 0.65 0.65 3.1
    endloop
  endfacet
  facet normal 0 -1 -0
    outer loop
      vertex 2 0.65 3.1
      vertex 0.65 0.65 0
      vertex 2 0.65 0
    endloop
  endfacet
  facet normal 0 -1 0
    outer loop
      vertex -2 0.65 0
      vertex -0.65 0.65 3.1
      vertex -2 0.65 3.1
    endloop
  endfacet
  facet normal 0 -1 -0
    outer loop
      vertex -0.65 0.65 3.1
      vertex -2 0.65 0
      vertex -0.65 0.65 0
    endloop
  endfacet
  facet normal 0 1 -0
    outer loop
      vertex 2 -0.65 0
      vertex 0.65 -0.65 3.1
      vertex 2 -0.65 3.1
    endloop
  endfacet
  facet normal 0 1 0
    outer loop
      vertex 0.65 -0.65 3.1
      vertex 2 -0.65 0
      vertex 0.65 -0.65 0
    endloop
  endfacet
  facet normal 0 1 -0
    outer loop
      vertex -0.65 -0.65 0
      vertex -2 -0.65 3.1
      vertex -0.65 -0.65 3.1
    endloop
  endfacet
  facet normal 0 1 0
    outer loop
      vertex -2 -0.65 3.1
      vertex -0.65 -0.65 0
      vertex -2 -0.65 0
    endloop
  endfacet
  facet normal 1 -0 0
    outer loop
      vertex -0.65 -2 3.1
      vertex -0.65 -0.65 0
      vertex -0.65 -0.65 3.1
    endloop
  endfacet
  facet normal 1 0 0
    outer loop
      vertex -0.65 -0.65 0
      vertex -0.65 -2 3.1
      vertex -0.65 -2 0
    endloop
  endfacet
  facet normal 1 -0 0
    outer loop
      vertex -0.65 0.65 3.1
      vertex -0.65 2 0
      vertex -0.65 2 3.1
    endloop
  endfacet
  facet normal 1 0 0
    outer loop
      vertex -0.65 2 0
      vertex -0.65 0.65 3.1
      vertex -0.65 0.65 0
    endloop
  endfacet
  facet normal -1 0 0
    outer loop
      vertex 0.65 -2 0
      vertex 0.65 -0.65 3.1
      vertex 0.65 -0.65 0
    endloop
  endfacet
  facet normal -1 -0 0
    outer loop
      vertex 0.65 -0.65 3.1
      vertex 0.65 -2 0
      vertex 0.65 -2 3.1
    endloop
  endfacet
  facet normal -1 0 0
    outer loop
      vertex 0.65 0.65 0
      vertex 0.65 2 3.1
      vertex 0.65 2 0
    endloop
  endfacet
  facet normal -1 -0 0
    outer loop
      vertex 0.65 2 3.1
      vertex 0.65 0.65 0
      vertex 0.65 0.65 3.1
    endloop
  endfacet
  facet normal 0 1 -0
    outer loop
      vertex 0.65 -2 0
      vertex -0.65 -2 3.1
      vertex 0.65 -2 3.1
    endloop
  endfacet
  facet normal 0 1 0
    outer loop
      vertex -0.65 -2 3.1
      vertex 0.65 -2 0
      vertex -0.65 -2 0
    endloop
  endfacet
  facet normal 0 -1 0
    outer loop
      vertex -0.65 2 0
      vertex 0.65 2 3.1
      vertex -0.65 2 3.1
    endloop
  endfacet
  facet normal 0 -1 -0
    outer loop
      vertex 0.65 2 3.1
      vertex -0.65 2 0
      vertex 0.65 2 0
    endloop
  endfacet
  facet normal 0.970027 0.242998 0
    outer loop
      vertex 2.94236 0.585271 3.4
      vertex 2.87082 0.870853 0
      vertex 2.87082 0.870853 3.4
    endloop
  endfacet
  facet normal 0.970027 0.242998 0
    outer loop
      vertex 2.87082 0.870853 0
      vertex 2.94236 0.585271 3.4
      vertex 2.94236 0.585271 0
    endloop
  endfacet
  facet normal 0.998795 0.0490819 0
    outer loop
      vertex 3 0 3.4
      vertex 2.98555 0.294051 0
      vertex 2.98555 0.294051 3.4
    endloop
  endfacet
  facet normal 0.998795 0.0490819 0
    outer loop
      vertex 2.98555 0.294051 0
      vertex 3 0 3.4
      vertex 3 0 0
    endloop
  endfacet
  facet normal -0.998795 0.0490819 0
    outer loop
      vertex -3 0 0
      vertex -2.98555 0.294051 3.4
      vertex -2.98555 0.294051 0
    endloop
  endfacet
  facet normal -0.998795 0.0490819 0
    outer loop
      vertex -2.98555 0.294051 3.4
      vertex -3 0 0
      vertex -3 0 3.4
    endloop
  endfacet
  facet normal 0.0490819 0.998795 -0
    outer loop
      vertex 0.294051 2.98555 0
      vertex 0 3 3.4
      vertex 0.294051 2.98555 3.4
    endloop
  endfacet
  facet normal 0.0490819 0.998795 0
    outer loop
      vertex 0 3 3.4
      vertex 0.294051 2.98555 0
      vertex 0 3 0
    endloop
  endfacet
  facet normal 0.740952 0.671558 0
    outer loop
      vertex 2.31903 1.90318 3.4
      vertex 2.12132 2.12132 0
      vertex 2.12132 2.12132 3.4
    endloop
  endfacet
  facet normal 0.740952 0.671558 0
    outer loop
      vertex 2.12132 2.12132 0
      vertex 2.31903 1.90318 3.4
      vertex 2.31903 1.90318 0
    endloop
  endfacet
  facet normal -0.671558 0.740952 0
    outer loop
      vertex -1.90318 2.31903 0
      vertex -2.12132 2.12132 3.4
      vertex -1.90318 2.31903 3.4
    endloop
  endfacet
  facet normal -0.671558 0.740952 0
    outer loop
      vertex -2.12132 2.12132 3.4
      vertex -1.90318 2.31903 0
      vertex -2.12132 2.12132 0
    endloop
  endfacet
  facet normal -0.336882 0.941547 0
    outer loop
      vertex -0.870853 2.87082 0
      vertex -1.14805 2.77164 3.4
      vertex -0.870853 2.87082 3.4
    endloop
  endfacet
  facet normal -0.336882 0.941547 0
    outer loop
      vertex -1.14805 2.77164 3.4
      vertex -0.870853 2.87082 0
      vertex -1.14805 2.77164 0
    endloop
  endfacet
  facet normal -0.803204 -0.595703 0
    outer loop
      vertex -2.31903 -1.90318 0
      vertex -2.49441 -1.66671 3.4
      vertex -2.49441 -1.66671 0
    endloop
  endfacet
  facet normal -0.803204 -0.595703 0
    outer loop
      vertex -2.49441 -1.66671 3.4
      vertex -2.31903 -1.90318 0
      vertex -2.31903 -1.90318 3.4
    endloop
  endfacet
  facet normal 0.941547 0.336882 0
    outer loop
      vertex 2.87082 0.870853 3.4
      vertex 2.77164 1.14805 0
      vertex 2.77164 1.14805 3.4
    endloop
  endfacet
  facet normal 0.941547 0.336882 0
    outer loop
      vertex 2.77164 1.14805 0
      vertex 2.87082 0.870853 3.4
      vertex 2.87082 0.870853 0
    endloop
  endfacet
  facet normal 0.857736 0.514091 0
    outer loop
      vertex 2.64576 1.41419 3.4
      vertex 2.49441 1.66671 0
      vertex 2.49441 1.66671 3.4
    endloop
  endfacet
  facet normal 0.857736 0.514091 0
    outer loop
      vertex 2.49441 1.66671 0
      vertex 2.64576 1.41419 3.4
      vertex 2.64576 1.41419 0
    endloop
  endfacet
  facet normal 0.427569 0.903983 -0
    outer loop
      vertex 1.41419 2.64576 0
      vertex 1.14805 2.77164 3.4
      vertex 1.41419 2.64576 3.4
    endloop
  endfacet
  facet normal 0.427569 0.903983 0
    outer loop
      vertex 1.14805 2.77164 3.4
      vertex 1.41419 2.64576 0
      vertex 1.14805 2.77164 0
    endloop
  endfacet
  facet normal -0.857736 0.514091 0
    outer loop
      vertex -2.64576 1.41419 0
      vertex -2.49441 1.66671 3.4
      vertex -2.49441 1.66671 0
    endloop
  endfacet
  facet normal -0.857736 0.514091 0
    outer loop
      vertex -2.49441 1.66671 3.4
      vertex -2.64576 1.41419 0
      vertex -2.64576 1.41419 3.4
    endloop
  endfacet
  facet normal -0.803204 0.595703 0
    outer loop
      vertex -2.49441 1.66671 0
      vertex -2.31903 1.90318 3.4
      vertex -2.31903 1.90318 0
    endloop
  endfacet
  facet normal -0.803204 0.595703 0
    outer loop
      vertex -2.31903 1.90318 3.4
      vertex -2.49441 1.66671 0
      vertex -2.49441 1.66671 3.4
    endloop
  endfacet
  facet normal 0.857736 -0.514091 0
    outer loop
      vertex 2.49441 -1.66671 3.4
      vertex 2.64576 -1.41419 0
      vertex 2.64576 -1.41419 3.4
    endloop
  endfacet
  facet normal 0.857736 -0.514091 0
    outer loop
      vertex 2.64576 -1.41419 0
      vertex 2.49441 -1.66671 3.4
      vertex 2.49441 -1.66671 0
    endloop
  endfacet
  facet normal 0.242998 -0.970027 0
    outer loop
      vertex 0.585271 -2.94236 0
      vertex 0.870853 -2.87082 3.4
      vertex 0.585271 -2.94236 3.4
    endloop
  endfacet
  facet normal 0.242998 -0.970027 0
    outer loop
      vertex 0.870853 -2.87082 3.4
      vertex 0.585271 -2.94236 0
      vertex 0.870853 -2.87082 0
    endloop
  endfacet
  facet normal 0.671558 -0.740952 0
    outer loop
      vertex 1.90318 -2.31903 0
      vertex 2.12132 -2.12132 3.4
      vertex 1.90318 -2.31903 3.4
    endloop
  endfacet
  facet normal 0.671558 -0.740952 0
    outer loop
      vertex 2.12132 -2.12132 3.4
      vertex 1.90318 -2.31903 0
      vertex 2.12132 -2.12132 0
    endloop
  endfacet
  facet normal 0.970027 -0.242998 0
    outer loop
      vertex 2.87082 -0.870853 3.4
      vertex 2.94236 -0.585271 0
      vertex 2.94236 -0.585271 3.4
    endloop
  endfacet
  facet normal 0.970027 -0.242998 0
    outer loop
      vertex 2.94236 -0.585271 0
      vertex 2.87082 -0.870853 3.4
      vertex 2.87082 -0.870853 0
    endloop
  endfacet
  facet normal -0.336882 -0.941547 0
    outer loop
      vertex -1.14805 -2.77164 0
      vertex -0.870853 -2.87082 3.4
      vertex -1.14805 -2.77164 3.4
    endloop
  endfacet
  facet normal -0.336882 -0.941547 -0
    outer loop
      vertex -0.870853 -2.87082 3.4
      vertex -1.14805 -2.77164 0
      vertex -0.870853 -2.87082 0
    endloop
  endfacet
  facet normal -0.514091 -0.857736 0
    outer loop
      vertex -1.66671 -2.49441 0
      vertex -1.41419 -2.64576 3.4
      vertex -1.66671 -2.49441 3.4
    endloop
  endfacet
  facet normal -0.514091 -0.857736 -0
    outer loop
      vertex -1.41419 -2.64576 3.4
      vertex -1.66671 -2.49441 0
      vertex -1.41419 -2.64576 0
    endloop
  endfacet
  facet normal -0.970027 -0.242998 0
    outer loop
      vertex -2.87082 -0.870853 0
      vertex -2.94236 -0.585271 3.4
      vertex -2.94236 -0.585271 0
    endloop
  endfacet
  facet normal -0.970027 -0.242998 0
    outer loop
      vertex -2.94236 -0.585271 3.4
      vertex -2.87082 -0.870853 0
      vertex -2.87082 -0.870853 3.4
    endloop
  endfacet
  facet normal 0.903983 0.427569 0
    outer loop
      vertex 2.77164 1.14805 3.4
      vertex 2.64576 1.41419 0
      vertex 2.64576 1.41419 3.4
    endloop
  endfacet
  facet normal 0.903983 0.427569 0
    outer loop
      vertex 2.64576 1.41419 0
      vertex 2.77164 1.14805 3.4
      vertex 2.77164 1.14805 0
    endloop
  endfacet
  facet normal 0.803204 0.595703 0
    outer loop
      vertex 2.49441 1.66671 3.4
      vertex 2.31903 1.90318 0
      vertex 2.31903 1.90318 3.4
    endloop
  endfacet
  facet normal 0.803204 0.595703 0
    outer loop
      vertex 2.31903 1.90318 0
      vertex 2.49441 1.66671 3.4
      vertex 2.49441 1.66671 0
    endloop
  endfacet
  facet normal 0.242998 0.970027 -0
    outer loop
      vertex 0.870853 2.87082 0
      vertex 0.585271 2.94236 3.4
      vertex 0.870853 2.87082 3.4
    endloop
  endfacet
  facet normal 0.242998 0.970027 0
    outer loop
      vertex 0.585271 2.94236 3.4
      vertex 0.870853 2.87082 0
      vertex 0.585271 2.94236 0
    endloop
  endfacet
  facet normal 0.146703 0.989181 -0
    outer loop
      vertex 0.585271 2.94236 0
      vertex 0.294051 2.98555 3.4
      vertex 0.585271 2.94236 3.4
    endloop
  endfacet
  facet normal 0.146703 0.989181 0
    outer loop
      vertex 0.294051 2.98555 3.4
      vertex 0.585271 2.94236 0
      vertex 0.294051 2.98555 0
    endloop
  endfacet
  facet normal 0.671558 0.740952 -0
    outer loop
      vertex 2.12132 2.12132 0
      vertex 1.90318 2.31903 3.4
      vertex 2.12132 2.12132 3.4
    endloop
  endfacet
  facet normal 0.671558 0.740952 0
    outer loop
      vertex 1.90318 2.31903 3.4
      vertex 2.12132 2.12132 0
      vertex 1.90318 2.31903 0
    endloop
  endfacet
  facet normal 0.595703 0.803204 -0
    outer loop
      vertex 1.90318 2.31903 0
      vertex 1.66671 2.49441 3.4
      vertex 1.90318 2.31903 3.4
    endloop
  endfacet
  facet normal 0.595703 0.803204 0
    outer loop
      vertex 1.66671 2.49441 3.4
      vertex 1.90318 2.31903 0
      vertex 1.66671 2.49441 0
    endloop
  endfacet
  facet normal -0.740952 0.671558 0
    outer loop
      vertex -2.31903 1.90318 0
      vertex -2.12132 2.12132 3.4
      vertex -2.12132 2.12132 0
    endloop
  endfacet
  facet normal -0.740952 0.671558 0
    outer loop
      vertex -2.12132 2.12132 3.4
      vertex -2.31903 1.90318 0
      vertex -2.31903 1.90318 3.4
    endloop
  endfacet
  facet normal -0.903983 0.427569 0
    outer loop
      vertex -2.77164 1.14805 0
      vertex -2.64576 1.41419 3.4
      vertex -2.64576 1.41419 0
    endloop
  endfacet
  facet normal -0.903983 0.427569 0
    outer loop
      vertex -2.64576 1.41419 3.4
      vertex -2.77164 1.14805 0
      vertex -2.77164 1.14805 3.4
    endloop
  endfacet
  facet normal -0.970027 0.242998 0
    outer loop
      vertex -2.94236 0.585271 0
      vertex -2.87082 0.870853 3.4
      vertex -2.87082 0.870853 0
    endloop
  endfacet
  facet normal -0.970027 0.242998 0
    outer loop
      vertex -2.87082 0.870853 3.4
      vertex -2.94236 0.585271 0
      vertex -2.94236 0.585271 3.4
    endloop
  endfacet
  facet normal -0.989181 0.146703 0
    outer loop
      vertex -2.98555 0.294051 0
      vertex -2.94236 0.585271 3.4
      vertex -2.94236 0.585271 0
    endloop
  endfacet
  facet normal -0.989181 0.146703 0
    outer loop
      vertex -2.94236 0.585271 3.4
      vertex -2.98555 0.294051 0
      vertex -2.98555 0.294051 3.4
    endloop
  endfacet
  facet normal -0.427569 0.903983 0
    outer loop
      vertex -1.14805 2.77164 0
      vertex -1.41419 2.64576 3.4
      vertex -1.14805 2.77164 3.4
    endloop
  endfacet
  facet normal -0.427569 0.903983 0
    outer loop
      vertex -1.41419 2.64576 3.4
      vertex -1.14805 2.77164 0
      vertex -1.41419 2.64576 0
    endloop
  endfacet
  facet normal -0.514091 0.857736 0
    outer loop
      vertex -1.41419 2.64576 0
      vertex -1.66671 2.49441 3.4
      vertex -1.41419 2.64576 3.4
    endloop
  endfacet
  facet normal -0.514091 0.857736 0
    outer loop
      vertex -1.66671 2.49441 3.4
      vertex -1.41419 2.64576 0
      vertex -1.66671 2.49441 0
    endloop
  endfacet
  facet normal -0.595703 0.803204 0
    outer loop
      vertex -1.66671 2.49441 0
      vertex -1.90318 2.31903 3.4
      vertex -1.66671 2.49441 3.4
    endloop
  endfacet
  facet normal -0.595703 0.803204 0
    outer loop
      vertex -1.90318 2.31903 3.4
      vertex -1.66671 2.49441 0
      vertex -1.90318 2.31903 0
    endloop
  endfacet
  facet normal -0.0490819 0.998795 0
    outer loop
      vertex 0 3 0
      vertex -0.294051 2.98555 3.4
      vertex 0 3 3.4
    endloop
  endfacet
  facet normal -0.0490819 0.998795 0
    outer loop
      vertex -0.294051 2.98555 3.4
      vertex 0 3 0
      vertex -0.294051 2.98555 0
    endloop
  endfacet
  facet normal -0.242998 0.970027 0
    outer loop
      vertex -0.585271 2.94236 0
      vertex -0.870853 2.87082 3.4
      vertex -0.585271 2.94236 3.4
    endloop
  endfacet
  facet normal -0.242998 0.970027 0
    outer loop
      vertex -0.870853 2.87082 3.4
      vertex -0.585271 2.94236 0
      vertex -0.870853 2.87082 0
    endloop
  endfacet
  facet normal -0.146703 0.989181 0
    outer loop
      vertex -0.294051 2.98555 0
      vertex -0.585271 2.94236 3.4
      vertex -0.294051 2.98555 3.4
    endloop
  endfacet
  facet normal -0.146703 0.989181 0
    outer loop
      vertex -0.585271 2.94236 3.4
      vertex -0.294051 2.98555 0
      vertex -0.585271 2.94236 0
    endloop
  endfacet
  facet normal 0.0490819 -0.998795 0
    outer loop
      vertex 0 -3 0
      vertex 0.294051 -2.98555 3.4
      vertex 0 -3 3.4
    endloop
  endfacet
  facet normal 0.0490819 -0.998795 0
    outer loop
      vertex 0.294051 -2.98555 3.4
      vertex 0 -3 0
      vertex 0.294051 -2.98555 0
    endloop
  endfacet
  facet normal 0.146703 -0.989181 0
    outer loop
      vertex 0.294051 -2.98555 0
      vertex 0.585271 -2.94236 3.4
      vertex 0.294051 -2.98555 3.4
    endloop
  endfacet
  facet normal 0.146703 -0.989181 0
    outer loop
      vertex 0.585271 -2.94236 3.4
      vertex 0.294051 -2.98555 0
      vertex 0.585271 -2.94236 0
    endloop
  endfacet
  facet normal 0.427569 -0.903983 0
    outer loop
      vertex 1.14805 -2.77164 0
      vertex 1.41419 -2.64576 3.4
      vertex 1.14805 -2.77164 3.4
    endloop
  endfacet
  facet normal 0.427569 -0.903983 0
    outer loop
      vertex 1.41419 -2.64576 3.4
      vertex 1.14805 -2.77164 0
      vertex 1.41419 -2.64576 0
    endloop
  endfacet
  facet normal 0.595703 -0.803204 0
    outer loop
      vertex 1.66671 -2.49441 0
      vertex 1.90318 -2.31903 3.4
      vertex 1.66671 -2.49441 3.4
    endloop
  endfacet
  facet normal 0.595703 -0.803204 0
    outer loop
      vertex 1.90318 -2.31903 3.4
      vertex 1.66671 -2.49441 0
      vertex 1.90318 -2.31903 0
    endloop
  endfacet
  facet normal 0.740952 -0.671558 0
    outer loop
      vertex 2.12132 -2.12132 3.4
      vertex 2.31903 -1.90318 0
      vertex 2.31903 -1.90318 3.4
    endloop
  endfacet
  facet normal 0.740952 -0.671558 0
    outer loop
      vertex 2.31903 -1.90318 0
      vertex 2.12132 -2.12132 3.4
      vertex 2.12132 -2.12132 0
    endloop
  endfacet
  facet normal 0.803204 -0.595703 0
    outer loop
      vertex 2.31903 -1.90318 3.4
      vertex 2.49441 -1.66671 0
      vertex 2.49441 -1.66671 3.4
    endloop
  endfacet
  facet normal 0.803204 -0.595703 0
    outer loop
      vertex 2.49441 -1.66671 0
      vertex 2.31903 -1.90318 3.4
      vertex 2.31903 -1.90318 0
    endloop
  endfacet
  facet normal 0.941547 -0.336882 0
    outer loop
      vertex 2.77164 -1.14805 3.4
      vertex 2.87082 -0.870853 0
      vertex 2.87082 -0.870853 3.4
    endloop
  endfacet
  facet normal 0.941547 -0.336882 0
    outer loop
      vertex 2.87082 -0.870853 0
      vertex 2.77164 -1.14805 3.4
      vertex 2.77164 -1.14805 0
    endloop
  endfacet
  facet normal -0.146703 -0.989181 0
    outer loop
      vertex -0.585271 -2.94236 0
      vertex -0.294051 -2.98555 3.4
      vertex -0.585271 -2.94236 3.4
    endloop
  endfacet
  facet normal -0.146703 -0.989181 -0
    outer loop
      vertex -0.294051 -2.98555 3.4
      vertex -0.585271 -2.94236 0
      vertex -0.294051 -2.98555 0
    endloop
  endfacet
  facet normal -0.671558 -0.740952 0
    outer loop
      vertex -2.12132 -2.12132 0
      vertex -1.90318 -2.31903 3.4
      vertex -2.12132 -2.12132 3.4
    endloop
  endfacet
  facet normal -0.671558 -0.740952 -0
    outer loop
      vertex -1.90318 -2.31903 3.4
      vertex -2.12132 -2.12132 0
      vertex -1.90318 -2.31903 0
    endloop
  endfacet
  facet normal -0.427569 -0.903983 0
    outer loop
      vertex -1.41419 -2.64576 0
      vertex -1.14805 -2.77164 3.4
      vertex -1.41419 -2.64576 3.4
    endloop
  endfacet
  facet normal -0.427569 -0.903983 -0
    outer loop
      vertex -1.14805 -2.77164 3.4
      vertex -1.41419 -2.64576 0
      vertex -1.14805 -2.77164 0
    endloop
  endfacet
  facet normal -0.0490819 -0.998795 0
    outer loop
      vertex -0.294051 -2.98555 0
      vertex 0 -3 3.4
      vertex -0.294051 -2.98555 3.4
    endloop
  endfacet
  facet normal -0.0490819 -0.998795 -0
    outer loop
      vertex 0 -3 3.4
      vertex -0.294051 -2.98555 0
      vertex 0 -3 0
    endloop
  endfacet
  facet normal -0.595703 -0.803204 0
    outer loop
      vertex -1.90318 -2.31903 0
      vertex -1.66671 -2.49441 3.4
      vertex -1.90318 -2.31903 3.4
    endloop
  endfacet
  facet normal -0.595703 -0.803204 -0
    outer loop
      vertex -1.66671 -2.49441 3.4
      vertex -1.90318 -2.31903 0
      vertex -1.66671 -2.49441 0
    endloop
  endfacet
  facet normal -0.903983 -0.427569 0
    outer loop
      vertex -2.64576 -1.41419 0
      vertex -2.77164 -1.14805 3.4
      vertex -2.77164 -1.14805 0
    endloop
  endfacet
  facet normal -0.903983 -0.427569 0
    outer loop
      vertex -2.77164 -1.14805 3.4
      vertex -2.64576 -1.41419 0
      vertex -2.64576 -1.41419 3.4
    endloop
  endfacet
  facet normal -0.857736 -0.514091 0
    outer loop
      vertex -2.49441 -1.66671 0
      vertex -2.64576 -1.41419 3.4
      vertex -2.64576 -1.41419 0
    endloop
  endfacet
  facet normal -0.857736 -0.514091 0
    outer loop
      vertex -2.64576 -1.41419 3.4
      vertex -2.49441 -1.66671 0
      vertex -2.49441 -1.66671 3.4
    endloop
  endfacet
  facet normal -0.998795 -0.0490819 0
    outer loop
      vertex -2.98555 -0.294051 0
      vertex -3 0 3.4
      vertex -3 0 0
    endloop
  endfacet
  facet normal -0.998795 -0.0490819 0
    outer loop
      vertex -3 0 3.4
      vertex -2.98555 -0.294051 0
      vertex -2.98555 -0.294051 3.4
    endloop
  endfacet
  facet normal 0 0 -1
    outer loop
      vertex -2 0.65 0
      vertex -0.65 2 0
      vertex -0.65 0.65 0
    endloop
  endfacet
  facet normal 0 0 -1
    outer loop
      vertex -0.65 2 0
      vertex -1.14805 2.77164 0
      vertex -0.870853 2.87082 0
    endloop
  endfacet
  facet normal 0 0 -1
    outer loop
      vertex -0.65 2 0
      vertex -1.41419 2.64576 0
      vertex -1.14805 2.77164 0
    endloop
  endfacet
  facet normal 0 0 -1
    outer loop
      vertex -0.65 2 0
      vertex -1.66671 2.49441 0
      vertex -1.41419 2.64576 0
    endloop
  endfacet
  facet normal 0 0 -1
    outer loop
      vertex -0.65 2 0
      vertex -1.90318 2.31903 0
      vertex -1.66671 2.49441 0
    endloop
  endfacet
  facet normal -0 0 -1
    outer loop
      vertex -0.65 2 0
      vertex -2 0.65 0
      vertex -2.12132 2.12132 0
    endloop
  endfacet
  facet normal 0 0 -1
    outer loop
      vertex -0.65 2 0
      vertex -2.12132 2.12132 0
      vertex -1.90318 2.31903 0
    endloop
  endfacet
  facet normal 0 0 -1
    outer loop
      vertex -2.49441 -1.66671 0
      vertex -2 -0.65 0
      vertex -2.31903 -1.90318 0
    endloop
  endfacet
  facet normal 0 0 -1
    outer loop
      vertex -2.64576 -1.41419 0
      vertex -2 -0.65 0
      vertex -2.49441 -1.66671 0
    endloop
  endfacet
  facet normal 0 0 -1
    outer loop
      vertex -2 0.65 0
      vertex -2.31903 1.90318 0
      vertex -2.12132 2.12132 0
    endloop
  endfacet
  facet normal 0 0 -1
    outer loop
      vertex -2.77164 -1.14805 0
      vertex -2 -0.65 0
      vertex -2.64576 -1.41419 0
    endloop
  endfacet
  facet normal 0 0 -1
    outer loop
      vertex -2 0.65 0
      vertex -2.49441 1.66671 0
      vertex -2.31903 1.90318 0
    endloop
  endfacet
  facet normal 0 0 -1
    outer loop
      vertex -2.87082 -0.870853 0
      vertex -2 -0.65 0
      vertex -2.77164 -1.14805 0
    endloop
  endfacet
  facet normal 0 0 -1
    outer loop
      vertex -2 0.65 0
      vertex -2.64576 1.41419 0
      vertex -2.49441 1.66671 0
    endloop
  endfacet
  facet normal 0 0 -1
    outer loop
      vertex -2.94236 -0.585271 0
      vertex -2 -0.65 0
      vertex -2.87082 -0.870853 0
    endloop
  endfacet
  facet normal 0 0 -1
    outer loop
      vertex -2 0.65 0
      vertex -2.77164 1.14805 0
      vertex -2.64576 1.41419 0
    endloop
  endfacet
  facet normal 0 0 -1
    outer loop
      vertex -2.98555 -0.294051 0
      vertex -2 -0.65 0
      vertex -2.94236 -0.585271 0
    endloop
  endfacet
  facet normal 0 0 -1
    outer loop
      vertex -2 0.65 0
      vertex -2.87082 0.870853 0
      vertex -2.77164 1.14805 0
    endloop
  endfacet
  facet normal 0 0 -1
    outer loop
      vertex -3 0 0
      vertex -2 -0.65 0
      vertex -2.98555 -0.294051 0
    endloop
  endfacet
  facet normal -0 0 -1
    outer loop
      vertex -2 0.65 0
      vertex -2.94236 0.585271 0
      vertex -2.87082 0.870853 0
    endloop
  endfacet
  facet normal 0 0 -1
    outer loop
      vertex -2 -0.65 0
      vertex -3 0 0
      vertex -2 0.65 0
    endloop
  endfacet
  facet normal 0 0 -1
    outer loop
      vertex -2 0.65 0
      vertex -2.98555 0.294051 0
      vertex -2.94236 0.585271 0
    endloop
  endfacet
  facet normal 0 0 -1
    outer loop
      vertex -2 0.65 0
      vertex -3 0 0
      vertex -2.98555 0.294051 0
    endloop
  endfacet
  facet normal 0 0 -1
    outer loop
      vertex 0.585271 -2.94236 0
      vertex 0.65 -2 0
      vertex 0.870853 -2.87082 0
    endloop
  endfacet
  facet normal 0 0 -1
    outer loop
      vertex 0.294051 -2.98555 0
      vertex 0.65 -2 0
      vertex 0.585271 -2.94236 0
    endloop
  endfacet
  facet normal 0 0 -1
    outer loop
      vertex 0 -3 0
      vertex 0.65 -2 0
      vertex 0.294051 -2.98555 0
    endloop
  endfacet
  facet normal 0 0 -1
    outer loop
      vertex -0.65 -2 0
      vertex 0 -3 0
      vertex -0.294051 -2.98555 0
    endloop
  endfacet
  facet normal 0 0 -1
    outer loop
      vertex -0.65 -2 0
      vertex -0.294051 -2.98555 0
      vertex -0.585271 -2.94236 0
    endloop
  endfacet
  facet normal 0 0 -1
    outer loop
      vertex 0 -3 0
      vertex -0.65 -2 0
      vertex 0.65 -2 0
    endloop
  endfacet
  facet normal 0 0 -1
    outer loop
      vertex -0.870853 -2.87082 0
      vertex -0.65 -2 0
      vertex -0.585271 -2.94236 0
    endloop
  endfacet
  facet normal 0 0 -1
    outer loop
      vertex -1.14805 -2.77164 0
      vertex -0.65 -2 0
      vertex -0.870853 -2.87082 0
    endloop
  endfacet
  facet normal 0 0 -1
    outer loop
      vertex -1.41419 -2.64576 0
      vertex -0.65 -2 0
      vertex -1.14805 -2.77164 0
    endloop
  endfacet
  facet normal 0 0 -1
    outer loop
      vertex -1.66671 -2.49441 0
      vertex -0.65 -2 0
      vertex -1.41419 -2.64576 0
    endloop
  endfacet
  facet normal 0 0 -1
    outer loop
      vertex -1.90318 -2.31903 0
      vertex -0.65 -2 0
      vertex -1.66671 -2.49441 0
    endloop
  endfacet
  facet normal 0 0 -1
    outer loop
      vertex -2.12132 -2.12132 0
      vertex -0.65 -2 0
      vertex -1.90318 -2.31903 0
    endloop
  endfacet
  facet normal 0 -0 -1
    outer loop
      vertex -2 -0.65 0
      vertex -0.65 -2 0
      vertex -2.12132 -2.12132 0
    endloop
  endfacet
  facet normal 0 0 -1
    outer loop
      vertex -2.31903 -1.90318 0
      vertex -2 -0.65 0
      vertex -2.12132 -2.12132 0
    endloop
  endfacet
  facet normal 0 0 -1
    outer loop
      vertex -0.65 -2 0
      vertex -2 -0.65 0
      vertex -0.65 -0.65 0
    endloop
  endfacet
  facet normal 0 0 -1
    outer loop
      vertex 2 -0.65 0
      vertex 3 0 0
      vertex 2.98555 -0.294051 0
    endloop
  endfacet
  facet normal 0 0 -1
    outer loop
      vertex 2 -0.65 0
      vertex 2.98555 -0.294051 0
      vertex 2.94236 -0.585271 0
    endloop
  endfacet
  facet normal 0 0 -1
    outer loop
      vertex 2 0.65 0
      vertex 3 0 0
      vertex 2 -0.65 0
    endloop
  endfacet
  facet normal 0 0 -1
    outer loop
      vertex 2 -0.65 0
      vertex 2.94236 -0.585271 0
      vertex 2.87082 -0.870853 0
    endloop
  endfacet
  facet normal 0 0 -1
    outer loop
      vertex 3 0 0
      vertex 2 0.65 0
      vertex 2.98555 0.294051 0
    endloop
  endfacet
  facet normal 0 0 -1
    outer loop
      vertex 2 -0.65 0
      vertex 2.87082 -0.870853 0
      vertex 2.77164 -1.14805 0
    endloop
  endfacet
  facet normal 0 0 -1
    outer loop
      vertex 2.98555 0.294051 0
      vertex 2 0.65 0
      vertex 2.94236 0.585271 0
    endloop
  endfacet
  facet normal 0 0 -1
    outer loop
      vertex 2 -0.65 0
      vertex 2.77164 -1.14805 0
      vertex 2.64576 -1.41419 0
    endloop
  endfacet
  facet normal 0 0 -1
    outer loop
      vertex 2.94236 0.585271 0
      vertex 2 0.65 0
      vertex 2.87082 0.870853 0
    endloop
  endfacet
  facet normal 0 0 -1
    outer loop
      vertex 2 -0.65 0
      vertex 2.64576 -1.41419 0
      vertex 2.49441 -1.66671 0
    endloop
  endfacet
  facet normal -0 0 -1
    outer loop
      vertex 2.87082 0.870853 0
      vertex 2 0.65 0
      vertex 2.77164 1.14805 0
    endloop
  endfacet
  facet normal 0 0 -1
    outer loop
      vertex 2 -0.65 0
      vertex 2.49441 -1.66671 0
      vertex 2.31903 -1.90318 0
    endloop
  endfacet
  facet normal -0 0 -1
    outer loop
      vertex 2.77164 1.14805 0
      vertex 2 0.65 0
      vertex 2.64576 1.41419 0
    endloop
  endfacet
  facet normal 0 0 -1
    outer loop
      vertex 2 -0.65 0
      vertex 2.31903 -1.90318 0
      vertex 2.12132 -2.12132 0
    endloop
  endfacet
  facet normal -0 0 -1
    outer loop
      vertex 2.64576 1.41419 0
      vertex 2 0.65 0
      vertex 2.49441 1.66671 0
    endloop
  endfacet
  facet normal -0 0 -1
    outer loop
      vertex 2.49441 1.66671 0
      vertex 2 0.65 0
      vertex 2.31903 1.90318 0
    endloop
  endfacet
  facet normal 0 0 -1
    outer loop
      vertex 0.65 -2 0
      vertex 2.12132 -2.12132 0
      vertex 1.90318 -2.31903 0
    endloop
  endfacet
  facet normal 0 0 -1
    outer loop
      vertex 0.65 -2 0
      vertex 1.90318 -2.31903 0
      vertex 1.66671 -2.49441 0
    endloop
  endfacet
  facet normal 0 0 -1
    outer loop
      vertex 0.65 -2 0
      vertex 1.66671 -2.49441 0
      vertex 1.41419 -2.64576 0
    endloop
  endfacet
  facet normal 0 0 -1
    outer loop
      vertex 0.65 -2 0
      vertex 1.41419 -2.64576 0
      vertex 1.14805 -2.77164 0
    endloop
  endfacet
  facet normal 0 0 -1
    outer loop
      vertex 0.65 -2 0
      vertex 1.14805 -2.77164 0
      vertex 0.870853 -2.87082 0
    endloop
  endfacet
  facet normal 0 0 -1
    outer loop
      vertex 2.12132 -2.12132 0
      vertex 0.65 -2 0
      vertex 2 -0.65 0
    endloop
  endfacet
  facet normal -0 0 -1
    outer loop
      vertex 2 -0.65 0
      vertex 0.65 -2 0
      vertex 0.65 -0.65 0
    endloop
  endfacet
  facet normal -0 0 -1
    outer loop
      vertex 2.31903 1.90318 0
      vertex 2 0.65 0
      vertex 2.12132 2.12132 0
    endloop
  endfacet
  facet normal 0 0 -1
    outer loop
      vertex 0.65 2 0
      vertex 2.12132 2.12132 0
      vertex 2 0.65 0
    endloop
  endfacet
  facet normal -0 0 -1
    outer loop
      vertex 2.12132 2.12132 0
      vertex 0.65 2 0
      vertex 1.90318 2.31903 0
    endloop
  endfacet
  facet normal -0 0 -1
    outer loop
      vertex 1.90318 2.31903 0
      vertex 0.65 2 0
      vertex 1.66671 2.49441 0
    endloop
  endfacet
  facet normal -0 0 -1
    outer loop
      vertex 1.66671 2.49441 0
      vertex 0.65 2 0
      vertex 1.41419 2.64576 0
    endloop
  endfacet
  facet normal -0 0 -1
    outer loop
      vertex 1.41419 2.64576 0
      vertex 0.65 2 0
      vertex 1.14805 2.77164 0
    endloop
  endfacet
  facet normal 0 0 -1
    outer loop
      vertex 0.65 2 0
      vertex 2 0.65 0
      vertex 0.65 0.65 0
    endloop
  endfacet
  facet normal -0 0 -1
    outer loop
      vertex 1.14805 2.77164 0
      vertex 0.65 2 0
      vertex 0.870853 2.87082 0
    endloop
  endfacet
  facet normal 0 0 -1
    outer loop
      vertex 0.65 2 0
      vertex 0.585271 2.94236 0
      vertex 0.870853 2.87082 0
    endloop
  endfacet
  facet normal 0 0 -1
    outer loop
      vertex 0.65 2 0
      vertex 0.294051 2.98555 0
      vertex 0.585271 2.94236 0
    endloop
  endfacet
  facet normal 0 0 -1
    outer loop
      vertex 0.65 2 0
      vertex 0 3 0
      vertex 0.294051 2.98555 0
    endloop
  endfacet
  facet normal 0 0 -1
    outer loop
      vertex -0.65 2 0
      vertex 0 3 0
      vertex 0.65 2 0
    endloop
  endfacet
  facet normal 0 0 -1
    outer loop
      vertex 0 3 0
      vertex -0.65 2 0
      vertex -0.294051 2.98555 0
    endloop
  endfacet
  facet normal 0 0 -1
    outer loop
      vertex -0.294051 2.98555 0
      vertex -0.65 2 0
      vertex -0.585271 2.94236 0
    endloop
  endfacet
  facet normal 0 0 -1
    outer loop
      vertex -0.585271 2.94236 0
      vertex -0.65 2 0
      vertex -0.870853 2.87082 0
    endloop
  endfacet
  facet normal 0.989181 0.146703 0
    outer loop
      vertex 2.98555 0.294051 3.4
      vertex 2.94236 0.585271 0
      vertex 2.94236 0.585271 3.4
    endloop
  endfacet
  facet normal 0.989181 0.146703 0
    outer loop
      vertex 2.94236 0.585271 0
      vertex 2.98555 0.294051 3.4
      vertex 2.98555 0.294051 0
    endloop
  endfacet
  facet normal 0.336882 0.941547 -0
    outer loop
      vertex 1.14805 2.77164 0
      vertex 0.870853 2.87082 3.4
      vertex 1.14805 2.77164 3.4
    endloop
  endfacet
  facet normal 0.336882 0.941547 0
    outer loop
      vertex 0.870853 2.87082 3.4
      vertex 1.14805 2.77164 0
      vertex 0.870853 2.87082 0
    endloop
  endfacet
  facet normal 0.514091 0.857736 -0
    outer loop
      vertex 1.66671 2.49441 0
      vertex 1.41419 2.64576 3.4
      vertex 1.66671 2.49441 3.4
    endloop
  endfacet
  facet normal 0.514091 0.857736 0
    outer loop
      vertex 1.41419 2.64576 3.4
      vertex 1.66671 2.49441 0
      vertex 1.41419 2.64576 0
    endloop
  endfacet
  facet normal 0 0 1
    outer loop
      vertex 2.98555 0.294051 3.4
      vertex 2.98555 -0.294051 3.4
      vertex 3 0 3.4
    endloop
  endfacet
  facet normal 0 0 1
    outer loop
      vertex 2.94236 0.585271 3.4
      vertex 2.98555 -0.294051 3.4
      vertex 2.98555 0.294051 3.4
    endloop
  endfacet
  facet normal 0 0 1
    outer loop
      vertex 2.94236 0.585271 3.4
      vertex 2.94236 -0.585271 3.4
      vertex 2.98555 -0.294051 3.4
    endloop
  endfacet
  facet normal 0 0 1
    outer loop
      vertex 2.87082 0.870853 3.4
      vertex 2.94236 -0.585271 3.4
      vertex 2.94236 0.585271 3.4
    endloop
  endfacet
  facet normal 0 0 1
    outer loop
      vertex 2.87082 0.870853 3.4
      vertex 2.87082 -0.870853 3.4
      vertex 2.94236 -0.585271 3.4
    endloop
  endfacet
  facet normal 0 0 1
    outer loop
      vertex 2.77164 1.14805 3.4
      vertex 2.87082 -0.870853 3.4
      vertex 2.87082 0.870853 3.4
    endloop
  endfacet
  facet normal 0 0 1
    outer loop
      vertex 2.77164 1.14805 3.4
      vertex 2.77164 -1.14805 3.4
      vertex 2.87082 -0.870853 3.4
    endloop
  endfacet
  facet normal 0 0 1
    outer loop
      vertex 2.64576 1.41419 3.4
      vertex 2.77164 -1.14805 3.4
      vertex 2.77164 1.14805 3.4
    endloop
  endfacet
  facet normal 0 0 1
    outer loop
      vertex 2.64576 1.41419 3.4
      vertex 2.64576 -1.41419 3.4
      vertex 2.77164 -1.14805 3.4
    endloop
  endfacet
  facet normal 0 0 1
    outer loop
      vertex 2.49441 1.66671 3.4
      vertex 2.64576 -1.41419 3.4
      vertex 2.64576 1.41419 3.4
    endloop
  endfacet
  facet normal 0 0 1
    outer loop
      vertex 2.49441 1.66671 3.4
      vertex 2.49441 -1.66671 3.4
      vertex 2.64576 -1.41419 3.4
    endloop
  endfacet
  facet normal 0 0 1
    outer loop
      vertex 2.31903 1.90318 3.4
      vertex 2.49441 -1.66671 3.4
      vertex 2.49441 1.66671 3.4
    endloop
  endfacet
  facet normal 0 0 1
    outer loop
      vertex 2.31903 1.90318 3.4
      vertex 2.31903 -1.90318 3.4
      vertex 2.49441 -1.66671 3.4
    endloop
  endfacet
  facet normal 0 0 1
    outer loop
      vertex 2.12132 2.12132 3.4
      vertex 2.31903 -1.90318 3.4
      vertex 2.31903 1.90318 3.4
    endloop
  endfacet
  facet normal 0 0 1
    outer loop
      vertex 2.12132 2.12132 3.4
      vertex 2.12132 -2.12132 3.4
      vertex 2.31903 -1.90318 3.4
    endloop
  endfacet
  facet normal 0 0 1
    outer loop
      vertex 1.90318 2.31903 3.4
      vertex 2.12132 -2.12132 3.4
      vertex 2.12132 2.12132 3.4
    endloop
  endfacet
  facet normal 0 0 1
    outer loop
      vertex 1.90318 2.31903 3.4
      vertex 1.90318 -2.31903 3.4
      vertex 2.12132 -2.12132 3.4
    endloop
  endfacet
  facet normal 0 0 1
    outer loop
      vertex 1.66671 2.49441 3.4
      vertex 1.90318 -2.31903 3.4
      vertex 1.90318 2.31903 3.4
    endloop
  endfacet
  facet normal 0 0 1
    outer loop
      vertex 1.66671 2.49441 3.4
      vertex 1.66671 -2.49441 3.4
      vertex 1.90318 -2.31903 3.4
    endloop
  endfacet
  facet normal 0 0 1
    outer loop
      vertex 1.41419 2.64576 3.4
      vertex 1.66671 -2.49441 3.4
      vertex 1.66671 2.49441 3.4
    endloop
  endfacet
  facet normal 0 0 1
    outer loop
      vertex 1.41419 2.64576 3.4
      vertex 1.41419 -2.64576 3.4
      vertex 1.66671 -2.49441 3.4
    endloop
  endfacet
  facet normal 0 0 1
    outer loop
      vertex 1.14805 2.77164 3.4
      vertex 1.41419 -2.64576 3.4
      vertex 1.41419 2.64576 3.4
    endloop
  endfacet
  facet normal 0 0 1
    outer loop
      vertex 1.14805 2.77164 3.4
      vertex 1.14805 -2.77164 3.4
      vertex 1.41419 -2.64576 3.4
    endloop
  endfacet
  facet normal 0 0 1
    outer loop
      vertex 0.870853 2.87082 3.4
      vertex 1.14805 -2.77164 3.4
      vertex 1.14805 2.77164 3.4
    endloop
  endfacet
  facet normal 0 0 1
    outer loop
      vertex 0.870853 2.87082 3.4
      vertex 0.870853 -2.87082 3.4
      vertex 1.14805 -2.77164 3.4
    endloop
  endfacet
  facet normal 0 0 1
    outer loop
      vertex 0.585271 2.94236 3.4
      vertex 0.870853 -2.87082 3.4
      vertex 0.870853 2.87082 3.4
    endloop
  endfacet
  facet normal 0 0 1
    outer loop
      vertex 0.585271 2.94236 3.4
      vertex 0.585271 -2.94236 3.4
      vertex 0.870853 -2.87082 3.4
    endloop
  endfacet
  facet normal 0 0 1
    outer loop
      vertex 0.294051 2.98555 3.4
      vertex 0.585271 -2.94236 3.4
      vertex 0.585271 2.94236 3.4
    endloop
  endfacet
  facet normal 0 0 1
    outer loop
      vertex 0.294051 2.98555 3.4
      vertex 0.294051 -2.98555 3.4
      vertex 0.585271 -2.94236 3.4
    endloop
  endfacet
  facet normal 0 0 1
    outer loop
      vertex 0 3 3.4
      vertex 0.294051 -2.98555 3.4
      vertex 0.294051 2.98555 3.4
    endloop
  endfacet
  facet normal 0 0 1
    outer loop
      vertex 0 3 3.4
      vertex 0 -3 3.4
      vertex 0.294051 -2.98555 3.4
    endloop
  endfacet
  facet normal -0 0 1
    outer loop
      vertex -0.294051 2.98555 3.4
      vertex 0 -3 3.4
      vertex 0 3 3.4
    endloop
  endfacet
  facet normal 0 0 1
    outer loop
      vertex -0.294051 2.98555 3.4
      vertex -0.294051 -2.98555 3.4
      vertex 0 -3 3.4
    endloop
  endfacet
  facet normal -0 0 1
    outer loop
      vertex -0.585271 2.94236 3.4
      vertex -0.294051 -2.98555 3.4
      vertex -0.294051 2.98555 3.4
    endloop
  endfacet
  facet normal 0 0 1
    outer loop
      vertex -0.585271 2.94236 3.4
      vertex -0.585271 -2.94236 3.4
      vertex -0.294051 -2.98555 3.4
    endloop
  endfacet
  facet normal -0 0 1
    outer loop
      vertex -0.870853 2.87082 3.4
      vertex -0.585271 -2.94236 3.4
      vertex -0.585271 2.94236 3.4
    endloop
  endfacet
  facet normal 0 0 1
    outer loop
      vertex -0.870853 2.87082 3.4
      vertex -0.870853 -2.87082 3.4
      vertex -0.585271 -2.94236 3.4
    endloop
  endfacet
  facet normal -0 0 1
    outer loop
      vertex -1.14805 2.77164 3.4
      vertex -0.870853 -2.87082 3.4
      vertex -0.870853 2.87082 3.4
    endloop
  endfacet
  facet normal 0 0 1
    outer loop
      vertex -1.14805 2.77164 3.4
      vertex -1.14805 -2.77164 3.4
      vertex -0.870853 -2.87082 3.4
    endloop
  endfacet
  facet normal -0 0 1
    outer loop
      vertex -1.41419 2.64576 3.4
      vertex -1.14805 -2.77164 3.4
      vertex -1.14805 2.77164 3.4
    endloop
  endfacet
  facet normal 0 0 1
    outer loop
      vertex -1.41419 2.64576 3.4
      vertex -1.41419 -2.64576 3.4
      vertex -1.14805 -2.77164 3.4
    endloop
  endfacet
  facet normal -0 0 1
    outer loop
      vertex -1.66671 2.49441 3.4
      vertex -1.41419 -2.64576 3.4
      vertex -1.41419 2.64576 3.4
    endloop
  endfacet
  facet normal 0 0 1
    outer loop
      vertex -1.66671 2.49441 3.4
      vertex -1.66671 -2.49441 3.4
      vertex -1.41419 -2.64576 3.4
    endloop
  endfacet
  facet normal -0 0 1
    outer loop
      vertex -1.90318 2.31903 3.4
      vertex -1.66671 -2.49441 3.4
      vertex -1.66671 2.49441 3.4
    endloop
  endfacet
  facet normal 0 0 1
    outer loop
      vertex -1.90318 2.31903 3.4
      vertex -1.90318 -2.31903 3.4
      vertex -1.66671 -2.49441 3.4
    endloop
  endfacet
  facet normal -0 0 1
    outer loop
      vertex -2.12132 2.12132 3.4
      vertex -1.90318 -2.31903 3.4
      vertex -1.90318 2.31903 3.4
    endloop
  endfacet
  facet normal 0 0 1
    outer loop
      vertex -2.12132 2.12132 3.4
      vertex -2.12132 -2.12132 3.4
      vertex -1.90318 -2.31903 3.4
    endloop
  endfacet
  facet normal -0 0 1
    outer loop
      vertex -2.31903 1.90318 3.4
      vertex -2.12132 -2.12132 3.4
      vertex -2.12132 2.12132 3.4
    endloop
  endfacet
  facet normal 0 0 1
    outer loop
      vertex -2.31903 1.90318 3.4
      vertex -2.31903 -1.90318 3.4
      vertex -2.12132 -2.12132 3.4
    endloop
  endfacet
  facet normal -0 0 1
    outer loop
      vertex -2.49441 1.66671 3.4
      vertex -2.31903 -1.90318 3.4
      vertex -2.31903 1.90318 3.4
    endloop
  endfacet
  facet normal 0 0 1
    outer loop
      vertex -2.49441 1.66671 3.4
      vertex -2.49441 -1.66671 3.4
      vertex -2.31903 -1.90318 3.4
    endloop
  endfacet
  facet normal -0 0 1
    outer loop
      vertex -2.64576 1.41419 3.4
      vertex -2.49441 -1.66671 3.4
      vertex -2.49441 1.66671 3.4
    endloop
  endfacet
  facet normal 0 0 1
    outer loop
      vertex -2.64576 1.41419 3.4
      vertex -2.64576 -1.41419 3.4
      vertex -2.49441 -1.66671 3.4
    endloop
  endfacet
  facet normal -0 0 1
    outer loop
      vertex -2.77164 1.14805 3.4
      vertex -2.64576 -1.41419 3.4
      vertex -2.64576 1.41419 3.4
    endloop
  endfacet
  facet normal 0 0 1
    outer loop
      vertex -2.77164 1.14805 3.4
      vertex -2.77164 -1.14805 3.4
      vertex -2.64576 -1.41419 3.4
    endloop
  endfacet
  facet normal -0 0 1
    outer loop
      vertex -2.87082 0.870853 3.4
      vertex -2.77164 -1.14805 3.4
      vertex -2.77164 1.14805 3.4
    endloop
  endfacet
  facet normal 0 0 1
    outer loop
      vertex -2.87082 0.870853 3.4
      vertex -2.87082 -0.870853 3.4
      vertex -2.77164 -1.14805 3.4
    endloop
  endfacet
  facet normal -0 0 1
    outer loop
      vertex -2.94236 0.585271 3.4
      vertex -2.87082 -0.870853 3.4
      vertex -2.87082 0.870853 3.4
    endloop
  endfacet
  facet normal 0 0 1
    outer loop
      vertex -2.94236 0.585271 3.4
      vertex -2.94236 -0.585271 3.4
      vertex -2.87082 -0.870853 3.4
    endloop
  endfacet
  facet normal -0 0 1
    outer loop
      vertex -2.98555 0.294051 3.4
      vertex -2.94236 -0.585271 3.4
      vertex -2.94236 0.585271 3.4
    endloop
  endfacet
  facet normal 0 0 1
    outer loop
      vertex -2.98555 0.294051 3.4
      vertex -2.98555 -0.294051 3.4
      vertex -2.94236 -0.585271 3.4
    endloop
  endfacet
  facet normal 0 -0 1
    outer loop
      vertex -2.98555 -0.294051 3.4
      vertex -2.98555 0.294051 3.4
      vertex -3 0 3.4
    endloop
  endfacet
  facet normal -0.941547 0.336882 0
    outer loop
      vertex -2.87082 0.870853 0
      vertex -2.77164 1.14805 3.4
      vertex -2.77164 1.14805 0
    endloop
  endfacet
  facet normal -0.941547 0.336882 0
    outer loop
      vertex -2.77164 1.14805 3.4
      vertex -2.87082 0.870853 0
      vertex -2.87082 0.870853 3.4
    endloop
  endfacet
  facet normal 0.336882 -0.941547 0
    outer loop
      vertex 0.870853 -2.87082 0
      vertex 1.14805 -2.77164 3.4
      vertex 0.870853 -2.87082 3.4
    endloop
  endfacet
  facet normal 0.336882 -0.941547 0
    outer loop
      vertex 1.14805 -2.77164 3.4
      vertex 0.870853 -2.87082 0
      vertex 1.14805 -2.77164 0
    endloop
  endfacet
  facet normal 0.514091 -0.857736 0
    outer loop
      vertex 1.41419 -2.64576 0
      vertex 1.66671 -2.49441 3.4
      vertex 1.41419 -2.64576 3.4
    endloop
  endfacet
  facet normal 0.514091 -0.857736 0
    outer loop
      vertex 1.66671 -2.49441 3.4
      vertex 1.41419 -2.64576 0
      vertex 1.66671 -2.49441 0
    endloop
  endfacet
  facet normal 0.903983 -0.427569 0
    outer loop
      vertex 2.64576 -1.41419 3.4
      vertex 2.77164 -1.14805 0
      vertex 2.77164 -1.14805 3.4
    endloop
  endfacet
  facet normal 0.903983 -0.427569 0
    outer loop
      vertex 2.77164 -1.14805 0
      vertex 2.64576 -1.41419 3.4
      vertex 2.64576 -1.41419 0
    endloop
  endfacet
  facet normal 0.989181 -0.146703 0
    outer loop
      vertex 2.94236 -0.585271 3.4
      vertex 2.98555 -0.294051 0
      vertex 2.98555 -0.294051 3.4
    endloop
  endfacet
  facet normal 0.989181 -0.146703 0
    outer loop
      vertex 2.98555 -0.294051 0
      vertex 2.94236 -0.585271 3.4
      vertex 2.94236 -0.585271 0
    endloop
  endfacet
  facet normal 0.998795 -0.0490819 0
    outer loop
      vertex 2.98555 -0.294051 3.4
      vertex 3 0 0
      vertex 3 0 3.4
    endloop
  endfacet
  facet normal 0.998795 -0.0490819 0
    outer loop
      vertex 3 0 0
      vertex 2.98555 -0.294051 3.4
      vertex 2.98555 -0.294051 0
    endloop
  endfacet
  facet normal -0.242998 -0.970027 0
    outer loop
      vertex -0.870853 -2.87082 0
      vertex -0.585271 -2.94236 3.4
      vertex -0.870853 -2.87082 3.4
    endloop
  endfacet
  facet normal -0.242998 -0.970027 -0
    outer loop
      vertex -0.585271 -2.94236 3.4
      vertex -0.870853 -2.87082 0
      vertex -0.585271 -2.94236 0
    endloop
  endfacet
  facet normal -0.740952 -0.671558 0
    outer loop
      vertex -2.12132 -2.12132 0
      vertex -2.31903 -1.90318 3.4
      vertex -2.31903 -1.90318 0
    endloop
  endfacet
  facet normal -0.740952 -0.671558 0
    outer loop
      vertex -2.31903 -1.90318 3.4
      vertex -2.12132 -2.12132 0
      vertex -2.12132 -2.12132 3.4
    endloop
  endfacet
  facet normal -0.989181 -0.146703 0
    outer loop
      vertex -2.94236 -0.585271 0
      vertex -2.98555 -0.294051 3.4
      vertex -2.98555 -0.294051 0
    endloop
  endfacet
  facet normal -0.989181 -0.146703 0
    outer loop
      vertex -2.98555 -0.294051 3.4
      vertex -2.94236 -0.585271 0
      vertex -2.94236 -0.585271 3.4
    endloop
  endfacet
  facet normal -0.941547 -0.336882 0
    outer loop
      vertex -2.77164 -1.14805 0
      vertex -2.87082 -0.870853 3.4
      vertex -2.87082 -0.870853 0
    endloop
  endfacet
  facet normal -0.941547 -0.336882 0
    outer loop
      vertex -2.87082 -0.870853 3.4
      vertex -2.77164 -1.14805 0
      vertex -2.77164 -1.14805 3.4
    endloop
  endfacet
endsolid OpenSCAD_Model
