solid OpenSCAD_Model
  facet normal 0.336909 -0.941537 0
    outer loop
      vertex 33.6708 -8.67081 0
      vertex 33.948 -8.57162 0.00999928
      vertex 33.6708 -8.67081 0.00999928
    endloop
  endfacet
  facet normal 0.336909 -0.941537 0
    outer loop
      vertex 33.948 -8.57162 0.00999928
      vertex 33.6708 -8.67081 0
      vertex 33.948 -8.57162 0
    endloop
  endfacet
  facet normal 0.427435 -0.904046 0
    outer loop
      vertex 33.948 -8.57162 0
      vertex 34.2142 -8.44576 0.00999928
      vertex 33.948 -8.57162 0.00999928
    endloop
  endfacet
  facet normal 0.427435 -0.904046 0
    outer loop
      vertex 34.2142 -8.44576 0.00999928
      vertex 33.948 -8.57162 0
      vertex 34.2142 -8.44576 0
    endloop
  endfacet
  facet normal 0.514146 -0.857703 0
    outer loop
      vertex 34.2142 -8.44576 0
      vertex 34.4667 -8.2944 0.00999928
      vertex 34.2142 -8.44576 0.00999928
    endloop
  endfacet
  facet normal 0.514146 -0.857703 0
    outer loop
      vertex 34.4667 -8.2944 0.00999928
      vertex 34.2142 -8.44576 0
      vertex 34.4667 -8.2944 0
    endloop
  endfacet
  facet normal 0.333477 -0.932377 0.139521
    outer loop
      vertex 33.6708 -8.67081 0.00999928
      vertex 33.3981 -8.02164 5
      vertex 33.1208 -8.12082 5
    endloop
  endfacet
  facet normal 0.333613 -0.932328 0.139522
    outer loop
      vertex 33.3981 -8.02164 5
      vertex 33.6708 -8.67081 0.00999928
      vertex 33.948 -8.57162 0.00999928
    endloop
  endfacet
  facet normal 0.508343 -0.848078 0.149504
    outer loop
      vertex 34.2142 -8.44576 0.00999928
      vertex 33.9167 -7.74442 5
      vertex 33.6642 -7.89577 5
    endloop
  endfacet
  facet normal 0.508368 -0.848063 0.149503
    outer loop
      vertex 33.9167 -7.74442 5
      vertex 34.2142 -8.44576 0.00999928
      vertex 34.4667 -8.2944 0.00999928
    endloop
  endfacet
  facet normal 0.240888 -0.961463 0.132522
    outer loop
      vertex 33.3853 -8.74234 0.00999928
      vertex 33.1208 -8.12082 5
      vertex 32.8353 -8.19235 5
    endloop
  endfacet
  facet normal 0.240888 -0.961463 0.132522
    outer loop
      vertex 33.1208 -8.12082 5
      vertex 33.3853 -8.74234 0.00999928
      vertex 33.6708 -8.67081 0.00999928
    endloop
  endfacet
  facet normal 0.595655 -0.803241 0
    outer loop
      vertex 34.4667 -8.2944 0
      vertex 34.7032 -8.11902 0.00999928
      vertex 34.4667 -8.2944 0.00999928
    endloop
  endfacet
  facet normal 0.595655 -0.803241 0
    outer loop
      vertex 34.7032 -8.11902 0.00999928
      vertex 34.4667 -8.2944 0
      vertex 34.7032 -8.11902 0
    endloop
  endfacet
  facet normal 0.423063 -0.894391 0.145198
    outer loop
      vertex 33.948 -8.57162 0.00999928
      vertex 33.6642 -7.89577 5
      vertex 33.3981 -8.02164 5
    endloop
  endfacet
  facet normal 0.422905 -0.894465 0.145199
    outer loop
      vertex 33.6642 -7.89577 5
      vertex 33.948 -8.57162 0.00999928
      vertex 34.2142 -8.44576 0.00999928
    endloop
  endfacet
  facet normal 0 1 -0
    outer loop
      vertex 32.8 8.79999 0
      vertex -32.8 8.79999 0.00999928
      vertex 32.8 8.79999 0.00999928
    endloop
  endfacet
  facet normal 0 1 0
    outer loop
      vertex -32.8 8.79999 0.00999928
      vertex 32.8 8.79999 0
      vertex -32.8 8.79999 0
    endloop
  endfacet
  facet normal 0.243031 -0.970018 0
    outer loop
      vertex 33.3853 -8.74234 0
      vertex 33.6708 -8.67081 0.00999928
      vertex 33.3853 -8.74234 0.00999928
    endloop
  endfacet
  facet normal 0.243031 -0.970018 0
    outer loop
      vertex 33.6708 -8.67081 0.00999928
      vertex 33.3853 -8.74234 0
      vertex 33.6708 -8.67081 0
    endloop
  endfacet
  facet normal 0 0.993981 0.109555
    outer loop
      vertex 32.8 8.79999 0.00999928
      vertex -32.25 8.25 5
      vertex 32.25 8.25 5
    endloop
  endfacet
  facet normal 0 0.993981 0.109555
    outer loop
      vertex -32.25 8.25 5
      vertex 32.8 8.79999 0.00999928
      vertex -32.8 8.79999 0.00999928
    endloop
  endfacet
  facet normal -0.0490904 0.998794 0
    outer loop
      vertex -32.8 8.79999 0
      vertex -33.094 8.78554 0.00999928
      vertex -32.8 8.79999 0.00999928
    endloop
  endfacet
  facet normal -0.0490904 0.998794 0
    outer loop
      vertex -33.094 8.78554 0.00999928
      vertex -32.8 8.79999 0
      vertex -33.094 8.78554 0
    endloop
  endfacet
  facet normal -0.240888 -0.961463 0.132522
    outer loop
      vertex -33.3853 -8.74234 0.00999928
      vertex -33.1208 -8.12082 5
      vertex -33.6708 -8.67081 0.00999928
    endloop
  endfacet
  facet normal -0.240888 -0.961463 0.132522
    outer loop
      vertex -33.1208 -8.12082 5
      vertex -33.3853 -8.74234 0.00999928
      vertex -32.8353 -8.19235 5
    endloop
  endfacet
  facet normal 0 -1 0
    outer loop
      vertex -32.8 -8.79999 0
      vertex 32.8 -8.79999 0.00999928
      vertex -32.8 -8.79999 0.00999928
    endloop
  endfacet
  facet normal 0 -1 -0
    outer loop
      vertex 32.8 -8.79999 0.00999928
      vertex -32.8 -8.79999 0
      vertex 32.8 -8.79999 0
    endloop
  endfacet
  facet normal 0.998786 -0.0492515 0
    outer loop
      vertex 35.7855 -6.09404 0.00999928
      vertex 35.8 -5.79999 0
      vertex 35.8 -5.79999 0.00999928
    endloop
  endfacet
  facet normal 0.998786 -0.0492515 0
    outer loop
      vertex 35.8 -5.79999 0
      vertex 35.7855 -6.09404 0.00999928
      vertex 35.7855 -6.09404 0
    endloop
  endfacet
  facet normal 0.932316 0.333643 0.139533
    outer loop
      vertex 35.0216 6.39806 5
      vertex 35.6708 6.67084 0.00999928
      vertex 35.5716 6.94804 0.00999928
    endloop
  endfacet
  facet normal 0.93232 0.333632 0.139533
    outer loop
      vertex 35.6708 6.67084 0.00999928
      vertex 35.0216 6.39806 5
      vertex 35.1208 6.12085 5
    endloop
  endfacet
  facet normal 0.671625 0.740891 -0
    outer loop
      vertex 34.9213 7.92131 0
      vertex 34.7032 8.11902 0.00999928
      vertex 34.9213 7.92131 0.00999928
    endloop
  endfacet
  facet normal 0.671625 0.740891 0
    outer loop
      vertex 34.7032 8.11902 0.00999928
      vertex 34.9213 7.92131 0
      vertex 34.7032 8.11902 0
    endloop
  endfacet
  facet normal 0.146696 0.989182 -0
    outer loop
      vertex 33.3853 8.74234 0
      vertex 33.094 8.78554 0.00999928
      vertex 33.3853 8.74234 0.00999928
    endloop
  endfacet
  facet normal 0.146696 0.989182 0
    outer loop
      vertex 33.094 8.78554 0.00999928
      vertex 33.3853 8.74234 0
      vertex 33.094 8.78554 0
    endloop
  endfacet
  facet normal 0.0487662 0.992199 0.114733
    outer loop
      vertex 32.8 8.79999 0.00999928
      vertex 32.5441 8.23555 5
      vertex 33.094 8.78554 0.00999928
    endloop
  endfacet
  facet normal 0.0487497 0.9922 0.114732
    outer loop
      vertex 32.5441 8.23555 5
      vertex 32.8 8.79999 0.00999928
      vertex 32.25 8.25 5
    endloop
  endfacet
  facet normal -0.146696 0.989182 0
    outer loop
      vertex -33.094 8.78554 0
      vertex -33.3853 8.74234 0.00999928
      vertex -33.094 8.78554 0.00999928
    endloop
  endfacet
  facet normal -0.146696 0.989182 0
    outer loop
      vertex -33.3853 8.74234 0.00999928
      vertex -33.094 8.78554 0
      vertex -33.3853 8.74234 0
    endloop
  endfacet
  facet normal 0.0490904 -0.998794 0
    outer loop
      vertex 32.8 -8.79999 0
      vertex 33.094 -8.78554 0.00999928
      vertex 32.8 -8.79999 0.00999928
    endloop
  endfacet
  facet normal 0.0490904 -0.998794 0
    outer loop
      vertex 33.094 -8.78554 0.00999928
      vertex 32.8 -8.79999 0
      vertex 33.094 -8.78554 0
    endloop
  endfacet
  facet normal -0.333613 -0.932328 0.139522
    outer loop
      vertex -33.6708 -8.67081 0.00999928
      vertex -33.3981 -8.02164 5
      vertex -33.948 -8.57162 0.00999928
    endloop
  endfacet
  facet normal -0.333477 -0.932377 0.139521
    outer loop
      vertex -33.3981 -8.02164 5
      vertex -33.6708 -8.67081 0.00999928
      vertex -33.1208 -8.12082 5
    endloop
  endfacet
  facet normal -0.992189 -0.0489262 0.114752
    outer loop
      vertex -35.8 -5.79999 0.00999928
      vertex -35.2355 -5.54405 5
      vertex -35.25 -5.25 5
    endloop
  endfacet
  facet normal -0.992189 -0.0489262 0.114752
    outer loop
      vertex -35.2355 -5.54405 5
      vertex -35.8 -5.79999 0.00999928
      vertex -35.7855 -6.09404 0.00999928
    endloop
  endfacet
  facet normal -0.243031 -0.970018 0
    outer loop
      vertex -33.6708 -8.67081 0
      vertex -33.3853 -8.74234 0.00999928
      vertex -33.6708 -8.67081 0.00999928
    endloop
  endfacet
  facet normal -0.243031 -0.970018 -0
    outer loop
      vertex -33.3853 -8.74234 0.00999928
      vertex -33.6708 -8.67081 0
      vertex -33.3853 -8.74234 0
    endloop
  endfacet
  facet normal -0.14556 -0.981519 0.124225
    outer loop
      vertex -33.094 -8.78554 0.00999928
      vertex -32.8353 -8.19235 5
      vertex -33.3853 -8.74234 0.00999928
    endloop
  endfacet
  facet normal -0.145609 -0.981512 0.124227
    outer loop
      vertex -32.8353 -8.19235 5
      vertex -33.094 -8.78554 0.00999928
      vertex -32.5441 -8.23555 5
    endloop
  endfacet
  facet normal 0 0 1
    outer loop
      vertex 32.25 8.25 5
      vertex 35.25 5.25 5
      vertex 35.2355 5.54405 5
    endloop
  endfacet
  facet normal 0 0 1
    outer loop
      vertex 35.25 5.25 5
      vertex 32.25 8.25 5
      vertex 35.25 -5.25 5
    endloop
  endfacet
  facet normal 0 0 1
    outer loop
      vertex 32.25 8.25 5
      vertex 35.2355 5.54405 5
      vertex 35.1924 5.83527 5
    endloop
  endfacet
  facet normal 0 0 1
    outer loop
      vertex 32.25 -8.25 5
      vertex 35.25 -5.25 5
      vertex 32.25 8.25 5
    endloop
  endfacet
  facet normal 0 0 1
    outer loop
      vertex 32.25 8.25 5
      vertex 35.1924 5.83527 5
      vertex 35.1208 6.12085 5
    endloop
  endfacet
  facet normal 0 0 1
    outer loop
      vertex 35.25 -5.25 5
      vertex 32.25 -8.25 5
      vertex 35.2355 -5.54405 5
    endloop
  endfacet
  facet normal 0 0 1
    outer loop
      vertex 32.25 8.25 5
      vertex 35.1208 6.12085 5
      vertex 35.0216 6.39806 5
    endloop
  endfacet
  facet normal 0 0 1
    outer loop
      vertex 35.2355 -5.54405 5
      vertex 32.25 -8.25 5
      vertex 35.1924 -5.83527 5
    endloop
  endfacet
  facet normal 0 0 1
    outer loop
      vertex 32.25 8.25 5
      vertex 35.0216 6.39806 5
      vertex 34.8958 6.66418 5
    endloop
  endfacet
  facet normal 0 0 1
    outer loop
      vertex 35.1924 -5.83527 5
      vertex 32.25 -8.25 5
      vertex 35.1208 -6.12085 5
    endloop
  endfacet
  facet normal 0 0 1
    outer loop
      vertex 32.25 8.25 5
      vertex 34.8958 6.66418 5
      vertex 34.7444 6.91672 5
    endloop
  endfacet
  facet normal 0 0 1
    outer loop
      vertex 35.1208 -6.12085 5
      vertex 32.25 -8.25 5
      vertex 35.0216 -6.39806 5
    endloop
  endfacet
  facet normal 0 0 1
    outer loop
      vertex 32.25 8.25 5
      vertex 34.7444 6.91672 5
      vertex 34.569 7.15318 5
    endloop
  endfacet
  facet normal 0 0 1
    outer loop
      vertex 35.0216 -6.39806 5
      vertex 32.25 -8.25 5
      vertex 34.8958 -6.66418 5
    endloop
  endfacet
  facet normal 0 0 1
    outer loop
      vertex 32.25 8.25 5
      vertex 34.569 7.15318 5
      vertex 34.3713 7.37132 5
    endloop
  endfacet
  facet normal 0 0 1
    outer loop
      vertex 34.8958 -6.66418 5
      vertex 32.25 -8.25 5
      vertex 34.7444 -6.91672 5
    endloop
  endfacet
  facet normal 0 0 1
    outer loop
      vertex 32.25 8.25 5
      vertex 34.3713 7.37132 5
      vertex 34.1532 7.56903 5
    endloop
  endfacet
  facet normal 0 0 1
    outer loop
      vertex 34.7444 -6.91672 5
      vertex 32.25 -8.25 5
      vertex 34.569 -7.15318 5
    endloop
  endfacet
  facet normal 0 0 1
    outer loop
      vertex 32.25 8.25 5
      vertex 34.1532 7.56903 5
      vertex 33.9167 7.74442 5
    endloop
  endfacet
  facet normal 0 0 1
    outer loop
      vertex 34.569 -7.15318 5
      vertex 32.25 -8.25 5
      vertex 34.3713 -7.37132 5
    endloop
  endfacet
  facet normal 0 0 1
    outer loop
      vertex 32.25 8.25 5
      vertex 33.9167 7.74442 5
      vertex 33.6642 7.89577 5
    endloop
  endfacet
  facet normal 0 0 1
    outer loop
      vertex 34.3713 -7.37132 5
      vertex 32.25 -8.25 5
      vertex 34.1532 -7.56903 5
    endloop
  endfacet
  facet normal 0 0 1
    outer loop
      vertex 32.25 8.25 5
      vertex 33.6642 7.89577 5
      vertex 33.3981 8.02164 5
    endloop
  endfacet
  facet normal 0 0 1
    outer loop
      vertex 34.1532 -7.56903 5
      vertex 32.25 -8.25 5
      vertex 33.9167 -7.74442 5
    endloop
  endfacet
  facet normal 0 0 1
    outer loop
      vertex 32.25 8.25 5
      vertex 33.3981 8.02164 5
      vertex 33.1208 8.12082 5
    endloop
  endfacet
  facet normal 0 0 1
    outer loop
      vertex 33.9167 -7.74442 5
      vertex 32.25 -8.25 5
      vertex 33.6642 -7.89577 5
    endloop
  endfacet
  facet normal 0 0 1
    outer loop
      vertex 32.25 8.25 5
      vertex 33.1208 8.12082 5
      vertex 32.8353 8.19235 5
    endloop
  endfacet
  facet normal 0 0 1
    outer loop
      vertex 33.6642 -7.89577 5
      vertex 32.25 -8.25 5
      vertex 33.3981 -8.02164 5
    endloop
  endfacet
  facet normal 0 0 1
    outer loop
      vertex 32.25 8.25 5
      vertex 32.8353 8.19235 5
      vertex 32.5441 8.23555 5
    endloop
  endfacet
  facet normal 0 0 1
    outer loop
      vertex 33.3981 -8.02164 5
      vertex 32.25 -8.25 5
      vertex 33.1208 -8.12082 5
    endloop
  endfacet
  facet normal 0 0 1
    outer loop
      vertex 33.1208 -8.12082 5
      vertex 32.25 -8.25 5
      vertex 32.8353 -8.19235 5
    endloop
  endfacet
  facet normal 0 0 1
    outer loop
      vertex 32.8353 -8.19235 5
      vertex 32.25 -8.25 5
      vertex 32.5441 -8.23555 5
    endloop
  endfacet
  facet normal -0 0 1
    outer loop
      vertex -32.25 8.25 5
      vertex 32.25 -8.25 5
      vertex 32.25 8.25 5
    endloop
  endfacet
  facet normal 0 0 1
    outer loop
      vertex -32.25 8.25 5
      vertex -32.25 -8.25 5
      vertex 32.25 -8.25 5
    endloop
  endfacet
  facet normal 0 0 1
    outer loop
      vertex -35.25 5.25 5
      vertex -32.25 8.25 5
      vertex -32.5441 8.23555 5
    endloop
  endfacet
  facet normal 0 0 1
    outer loop
      vertex -32.25 8.25 5
      vertex -35.25 5.25 5
      vertex -32.25 -8.25 5
    endloop
  endfacet
  facet normal 0 0 1
    outer loop
      vertex -35.25 5.25 5
      vertex -32.5441 8.23555 5
      vertex -32.8353 8.19235 5
    endloop
  endfacet
  facet normal -0 0 1
    outer loop
      vertex -35.25 -5.25 5
      vertex -32.25 -8.25 5
      vertex -35.25 5.25 5
    endloop
  endfacet
  facet normal 0 0 1
    outer loop
      vertex -35.25 5.25 5
      vertex -32.8353 8.19235 5
      vertex -33.1208 8.12082 5
    endloop
  endfacet
  facet normal 0 0 1
    outer loop
      vertex -32.25 -8.25 5
      vertex -35.25 -5.25 5
      vertex -32.5441 -8.23555 5
    endloop
  endfacet
  facet normal 0 0 1
    outer loop
      vertex -35.25 5.25 5
      vertex -33.1208 8.12082 5
      vertex -33.3981 8.02164 5
    endloop
  endfacet
  facet normal 0 0 1
    outer loop
      vertex -32.5441 -8.23555 5
      vertex -35.25 -5.25 5
      vertex -32.8353 -8.19235 5
    endloop
  endfacet
  facet normal 0 0 1
    outer loop
      vertex -35.25 5.25 5
      vertex -33.3981 8.02164 5
      vertex -33.6642 7.89577 5
    endloop
  endfacet
  facet normal 0 0 1
    outer loop
      vertex -32.8353 -8.19235 5
      vertex -35.25 -5.25 5
      vertex -33.1208 -8.12082 5
    endloop
  endfacet
  facet normal 0 0 1
    outer loop
      vertex -35.25 5.25 5
      vertex -33.6642 7.89577 5
      vertex -33.9167 7.74442 5
    endloop
  endfacet
  facet normal 0 0 1
    outer loop
      vertex -33.1208 -8.12082 5
      vertex -35.25 -5.25 5
      vertex -33.3981 -8.02164 5
    endloop
  endfacet
  facet normal 0 0 1
    outer loop
      vertex -35.25 5.25 5
      vertex -33.9167 7.74442 5
      vertex -34.1532 7.56903 5
    endloop
  endfacet
  facet normal 0 0 1
    outer loop
      vertex -33.3981 -8.02164 5
      vertex -35.25 -5.25 5
      vertex -33.6642 -7.89577 5
    endloop
  endfacet
  facet normal 0 0 1
    outer loop
      vertex -35.25 5.25 5
      vertex -34.1532 7.56903 5
      vertex -34.3713 7.37132 5
    endloop
  endfacet
  facet normal 0 0 1
    outer loop
      vertex -33.6642 -7.89577 5
      vertex -35.25 -5.25 5
      vertex -33.9167 -7.74442 5
    endloop
  endfacet
  facet normal 0 0 1
    outer loop
      vertex -35.25 5.25 5
      vertex -34.3713 7.37132 5
      vertex -34.569 7.15318 5
    endloop
  endfacet
  facet normal 0 0 1
    outer loop
      vertex -33.9167 -7.74442 5
      vertex -35.25 -5.25 5
      vertex -34.1532 -7.56903 5
    endloop
  endfacet
  facet normal 0 0 1
    outer loop
      vertex -35.25 5.25 5
      vertex -34.569 7.15318 5
      vertex -34.7444 6.91672 5
    endloop
  endfacet
  facet normal 0 0 1
    outer loop
      vertex -34.1532 -7.56903 5
      vertex -35.25 -5.25 5
      vertex -34.3713 -7.37132 5
    endloop
  endfacet
  facet normal 0 0 1
    outer loop
      vertex -35.25 5.25 5
      vertex -34.7444 6.91672 5
      vertex -34.8958 6.66418 5
    endloop
  endfacet
  facet normal 0 0 1
    outer loop
      vertex -34.3713 -7.37132 5
      vertex -35.25 -5.25 5
      vertex -34.569 -7.15318 5
    endloop
  endfacet
  facet normal 0 0 1
    outer loop
      vertex -35.25 5.25 5
      vertex -34.8958 6.66418 5
      vertex -35.0216 6.39806 5
    endloop
  endfacet
  facet normal 0 0 1
    outer loop
      vertex -34.569 -7.15318 5
      vertex -35.25 -5.25 5
      vertex -34.7444 -6.91672 5
    endloop
  endfacet
  facet normal 0 0 1
    outer loop
      vertex -35.25 5.25 5
      vertex -35.0216 6.39806 5
      vertex -35.1208 6.12085 5
    endloop
  endfacet
  facet normal 0 0 1
    outer loop
      vertex -34.7444 -6.91672 5
      vertex -35.25 -5.25 5
      vertex -34.8958 -6.66418 5
    endloop
  endfacet
  facet normal 0 0 1
    outer loop
      vertex -35.25 5.25 5
      vertex -35.1208 6.12085 5
      vertex -35.1924 5.83527 5
    endloop
  endfacet
  facet normal 0 0 1
    outer loop
      vertex -34.8958 -6.66418 5
      vertex -35.25 -5.25 5
      vertex -35.0216 -6.39806 5
    endloop
  endfacet
  facet normal 0 0 1
    outer loop
      vertex -35.25 5.25 5
      vertex -35.1924 5.83527 5
      vertex -35.2355 5.54405 5
    endloop
  endfacet
  facet normal 0 0 1
    outer loop
      vertex -35.0216 -6.39806 5
      vertex -35.25 -5.25 5
      vertex -35.1208 -6.12085 5
    endloop
  endfacet
  facet normal 0 0 1
    outer loop
      vertex -35.1208 -6.12085 5
      vertex -35.25 -5.25 5
      vertex -35.1924 -5.83527 5
    endloop
  endfacet
  facet normal 0 0 1
    outer loop
      vertex -35.1924 -5.83527 5
      vertex -35.25 -5.25 5
      vertex -35.2355 -5.54405 5
    endloop
  endfacet
  facet normal 0.904081 -0.42736 0
    outer loop
      vertex 35.4458 -7.21417 0.00999928
      vertex 35.5716 -6.94804 0
      vertex 35.5716 -6.94804 0.00999928
    endloop
  endfacet
  facet normal 0.904081 -0.42736 0
    outer loop
      vertex 35.5716 -6.94804 0
      vertex 35.4458 -7.21417 0.00999928
      vertex 35.4458 -7.21417 0
    endloop
  endfacet
  facet normal 0.992189 -0.0489262 0.114752
    outer loop
      vertex 35.2355 -5.54405 5
      vertex 35.8 -5.79999 0.00999928
      vertex 35.25 -5.25 5
    endloop
  endfacet
  facet normal 0.992189 -0.0489262 0.114752
    outer loop
      vertex 35.8 -5.79999 0.00999928
      vertex 35.2355 -5.54405 5
      vertex 35.7855 -6.09404 0.00999928
    endloop
  endfacet
  facet normal 0.240888 0.961463 0.132522
    outer loop
      vertex 33.3853 8.74234 0.00999928
      vertex 33.1208 8.12082 5
      vertex 33.6708 8.67081 0.00999928
    endloop
  endfacet
  facet normal 0.240888 0.961463 0.132522
    outer loop
      vertex 33.1208 8.12082 5
      vertex 33.3853 8.74234 0.00999928
      vertex 32.8353 8.19235 5
    endloop
  endfacet
  facet normal 0.0490904 0.998794 -0
    outer loop
      vertex 33.094 8.78554 0
      vertex 32.8 8.79999 0.00999928
      vertex 33.094 8.78554 0.00999928
    endloop
  endfacet
  facet normal 0.0490904 0.998794 0
    outer loop
      vertex 32.8 8.79999 0.00999928
      vertex 33.094 8.78554 0
      vertex 32.8 8.79999 0
    endloop
  endfacet
  facet normal 0.146696 -0.989182 0
    outer loop
      vertex 33.094 -8.78554 0
      vertex 33.3853 -8.74234 0.00999928
      vertex 33.094 -8.78554 0.00999928
    endloop
  endfacet
  facet normal 0.146696 -0.989182 0
    outer loop
      vertex 33.3853 -8.74234 0.00999928
      vertex 33.094 -8.78554 0
      vertex 33.3853 -8.74234 0
    endloop
  endfacet
  facet normal 0.145609 -0.981512 0.124227
    outer loop
      vertex 33.094 -8.78554 0.00999928
      vertex 32.8353 -8.19235 5
      vertex 32.5441 -8.23555 5
    endloop
  endfacet
  facet normal 0.14556 -0.981519 0.124225
    outer loop
      vertex 32.8353 -8.19235 5
      vertex 33.094 -8.78554 0.00999928
      vertex 33.3853 -8.74234 0.00999928
    endloop
  endfacet
  facet normal -0.998786 -0.0492515 0
    outer loop
      vertex -35.7855 -6.09404 0
      vertex -35.8 -5.79999 0.00999928
      vertex -35.8 -5.79999 0
    endloop
  endfacet
  facet normal -0.998786 -0.0492515 0
    outer loop
      vertex -35.8 -5.79999 0.00999928
      vertex -35.7855 -6.09404 0
      vertex -35.7855 -6.09404 0.00999928
    endloop
  endfacet
  facet normal -0.80316 -0.595764 0
    outer loop
      vertex -35.119 -7.70317 0
      vertex -35.2944 -7.46671 0.00999928
      vertex -35.2944 -7.46671 0
    endloop
  endfacet
  facet normal -0.80316 -0.595764 0
    outer loop
      vertex -35.2944 -7.46671 0.00999928
      vertex -35.119 -7.70317 0
      vertex -35.119 -7.70317 0.00999928
    endloop
  endfacet
  facet normal -0.0490904 -0.998794 0
    outer loop
      vertex -33.094 -8.78554 0
      vertex -32.8 -8.79999 0.00999928
      vertex -33.094 -8.78554 0.00999928
    endloop
  endfacet
  facet normal -0.0490904 -0.998794 -0
    outer loop
      vertex -32.8 -8.79999 0.00999928
      vertex -33.094 -8.78554 0
      vertex -32.8 -8.79999 0
    endloop
  endfacet
  facet normal -0.0487662 -0.992199 0.114733
    outer loop
      vertex -32.8 -8.79999 0.00999928
      vertex -32.5441 -8.23555 5
      vertex -33.094 -8.78554 0.00999928
    endloop
  endfacet
  facet normal -0.0487497 -0.9922 0.114732
    outer loop
      vertex -32.5441 -8.23555 5
      vertex -32.8 -8.79999 0.00999928
      vertex -32.25 -8.25 5
    endloop
  endfacet
  facet normal -0.146696 -0.989182 0
    outer loop
      vertex -33.3853 -8.74234 0
      vertex -33.094 -8.78554 0.00999928
      vertex -33.3853 -8.74234 0.00999928
    endloop
  endfacet
  facet normal -0.146696 -0.989182 -0
    outer loop
      vertex -33.094 -8.78554 0.00999928
      vertex -33.3853 -8.74234 0
      vertex -33.094 -8.78554 0
    endloop
  endfacet
  facet normal -0.904081 0.42736 0
    outer loop
      vertex -35.5716 6.94804 0
      vertex -35.4458 7.21417 0.00999928
      vertex -35.4458 7.21417 0
    endloop
  endfacet
  facet normal -0.904081 0.42736 0
    outer loop
      vertex -35.4458 7.21417 0.00999928
      vertex -35.5716 6.94804 0
      vertex -35.5716 6.94804 0.00999928
    endloop
  endfacet
  facet normal -0.993981 0 0.109557
    outer loop
      vertex -35.8 5.79999 0.00999928
      vertex -35.25 -5.25 5
      vertex -35.25 5.25 5
    endloop
  endfacet
  facet normal -0.993981 0 0.109557
    outer loop
      vertex -35.25 -5.25 5
      vertex -35.8 5.79999 0.00999928
      vertex -35.8 -5.79999 0.00999928
    endloop
  endfacet
  facet normal 0.80316 -0.595764 0
    outer loop
      vertex 35.119 -7.70317 0.00999928
      vertex 35.2944 -7.46671 0
      vertex 35.2944 -7.46671 0.00999928
    endloop
  endfacet
  facet normal 0.80316 -0.595764 0
    outer loop
      vertex 35.2944 -7.46671 0
      vertex 35.119 -7.70317 0.00999928
      vertex 35.119 -7.70317 0
    endloop
  endfacet
  facet normal 0.732149 -0.663546 0.153833
    outer loop
      vertex 34.3713 -7.37132 5
      vertex 35.119 -7.70317 0.00999928
      vertex 34.569 -7.15318 5
    endloop
  endfacet
  facet normal 0.732149 -0.663546 0.153833
    outer loop
      vertex 35.119 -7.70317 0.00999928
      vertex 34.3713 -7.37132 5
      vertex 34.9213 -7.92131 0.00999928
    endloop
  endfacet
  facet normal 0.993981 -0 0.109557
    outer loop
      vertex 35.25 -5.25 5
      vertex 35.8 5.79999 0.00999928
      vertex 35.25 5.25 5
    endloop
  endfacet
  facet normal 0.993981 0 0.109557
    outer loop
      vertex 35.8 5.79999 0.00999928
      vertex 35.25 -5.25 5
      vertex 35.8 -5.79999 0.00999928
    endloop
  endfacet
  facet normal 0.981566 -0.14527 0.1242
    outer loop
      vertex 35.1924 -5.83527 5
      vertex 35.7855 -6.09404 0.00999928
      vertex 35.2355 -5.54405 5
    endloop
  endfacet
  facet normal 0.981515 -0.145604 0.124211
    outer loop
      vertex 35.7855 -6.09404 0.00999928
      vertex 35.1924 -5.83527 5
      vertex 35.7423 -6.38525 0.00999928
    endloop
  endfacet
  facet normal 0.857679 -0.514186 0
    outer loop
      vertex 35.2944 -7.46671 0.00999928
      vertex 35.4458 -7.21417 0
      vertex 35.4458 -7.21417 0.00999928
    endloop
  endfacet
  facet normal 0.857679 -0.514186 0
    outer loop
      vertex 35.4458 -7.21417 0
      vertex 35.2944 -7.46671 0.00999928
      vertex 35.2944 -7.46671 0
    endloop
  endfacet
  facet normal 0.588698 0.79386 0.152385
    outer loop
      vertex 34.4667 8.2944 0.00999928
      vertex 34.1532 7.56903 5
      vertex 34.7032 8.11902 0.00999928
    endloop
  endfacet
  facet normal 0.58872 0.793844 0.152384
    outer loop
      vertex 34.1532 7.56903 5
      vertex 34.4667 8.2944 0.00999928
      vertex 33.9167 7.74442 5
    endloop
  endfacet
  facet normal 0.243031 0.970018 -0
    outer loop
      vertex 33.6708 8.67081 0
      vertex 33.3853 8.74234 0.00999928
      vertex 33.6708 8.67081 0.00999928
    endloop
  endfacet
  facet normal 0.243031 0.970018 0
    outer loop
      vertex 33.3853 8.74234 0.00999928
      vertex 33.6708 8.67081 0
      vertex 33.3853 8.74234 0
    endloop
  endfacet
  facet normal 0.514146 0.857703 -0
    outer loop
      vertex 34.4667 8.2944 0
      vertex 34.2142 8.44576 0.00999928
      vertex 34.4667 8.2944 0.00999928
    endloop
  endfacet
  facet normal 0.514146 0.857703 0
    outer loop
      vertex 34.2142 8.44576 0.00999928
      vertex 34.4667 8.2944 0
      vertex 34.2142 8.44576 0
    endloop
  endfacet
  facet normal 0.422905 0.894465 0.145199
    outer loop
      vertex 33.948 8.57162 0.00999928
      vertex 33.6642 7.89577 5
      vertex 34.2142 8.44576 0.00999928
    endloop
  endfacet
  facet normal 0.423063 0.894391 0.145198
    outer loop
      vertex 33.6642 7.89577 5
      vertex 33.948 8.57162 0.00999928
      vertex 33.3981 8.02164 5
    endloop
  endfacet
  facet normal 0.14556 0.981519 0.124225
    outer loop
      vertex 33.094 8.78554 0.00999928
      vertex 32.8353 8.19235 5
      vertex 33.3853 8.74234 0.00999928
    endloop
  endfacet
  facet normal 0.145609 0.981512 0.124227
    outer loop
      vertex 32.8353 8.19235 5
      vertex 33.094 8.78554 0.00999928
      vertex 32.5441 8.23555 5
    endloop
  endfacet
  facet normal -0.243031 0.970018 0
    outer loop
      vertex -33.3853 8.74234 0
      vertex -33.6708 8.67081 0.00999928
      vertex -33.3853 8.74234 0.00999928
    endloop
  endfacet
  facet normal -0.243031 0.970018 0
    outer loop
      vertex -33.6708 8.67081 0.00999928
      vertex -33.3853 8.74234 0
      vertex -33.6708 8.67081 0
    endloop
  endfacet
  facet normal -0.333477 0.932377 0.139521
    outer loop
      vertex -33.6708 8.67081 0.00999928
      vertex -33.3981 8.02164 5
      vertex -33.1208 8.12082 5
    endloop
  endfacet
  facet normal -0.333613 0.932328 0.139522
    outer loop
      vertex -33.3981 8.02164 5
      vertex -33.6708 8.67081 0.00999928
      vertex -33.948 8.57162 0.00999928
    endloop
  endfacet
  facet normal 0 -0.993981 0.109555
    outer loop
      vertex -32.8 -8.79999 0.00999928
      vertex 32.25 -8.25 5
      vertex -32.25 -8.25 5
    endloop
  endfacet
  facet normal 0 -0.993981 0.109555
    outer loop
      vertex 32.25 -8.25 5
      vertex -32.8 -8.79999 0.00999928
      vertex 32.8 -8.79999 0.00999928
    endloop
  endfacet
  facet normal 0.0487497 -0.9922 0.114732
    outer loop
      vertex 32.8 -8.79999 0.00999928
      vertex 32.5441 -8.23555 5
      vertex 32.25 -8.25 5
    endloop
  endfacet
  facet normal 0.0487662 -0.992199 0.114733
    outer loop
      vertex 32.5441 -8.23555 5
      vertex 32.8 -8.79999 0.00999928
      vertex 33.094 -8.78554 0.00999928
    endloop
  endfacet
  facet normal -1 0 0
    outer loop
      vertex -35.8 -5.79999 0
      vertex -35.8 5.79999 0.00999928
      vertex -35.8 5.79999 0
    endloop
  endfacet
  facet normal -1 -0 0
    outer loop
      vertex -35.8 5.79999 0.00999928
      vertex -35.8 -5.79999 0
      vertex -35.8 -5.79999 0.00999928
    endloop
  endfacet
  facet normal -0.336909 -0.941537 0
    outer loop
      vertex -33.948 -8.57162 0
      vertex -33.6708 -8.67081 0.00999928
      vertex -33.948 -8.57162 0.00999928
    endloop
  endfacet
  facet normal -0.336909 -0.941537 -0
    outer loop
      vertex -33.6708 -8.67081 0.00999928
      vertex -33.948 -8.57162 0
      vertex -33.6708 -8.67081 0
    endloop
  endfacet
  facet normal -0.904081 -0.42736 0
    outer loop
      vertex -35.4458 -7.21417 0
      vertex -35.5716 -6.94804 0.00999928
      vertex -35.5716 -6.94804 0
    endloop
  endfacet
  facet normal -0.904081 -0.42736 0
    outer loop
      vertex -35.5716 -6.94804 0.00999928
      vertex -35.4458 -7.21417 0
      vertex -35.4458 -7.21417 0.00999928
    endloop
  endfacet
  facet normal -0.998786 0.0492515 0
    outer loop
      vertex -35.8 5.79999 0
      vertex -35.7855 6.09404 0.00999928
      vertex -35.7855 6.09404 0
    endloop
  endfacet
  facet normal -0.998786 0.0492515 0
    outer loop
      vertex -35.7855 6.09404 0.00999928
      vertex -35.8 5.79999 0
      vertex -35.8 5.79999 0.00999928
    endloop
  endfacet
  facet normal 0.740969 -0.671539 0
    outer loop
      vertex 34.9213 -7.92131 0.00999928
      vertex 35.119 -7.70317 0
      vertex 35.119 -7.70317 0.00999928
    endloop
  endfacet
  facet normal 0.740969 -0.671539 0
    outer loop
      vertex 35.119 -7.70317 0
      vertex 34.9213 -7.92131 0.00999928
      vertex 34.9213 -7.92131 0
    endloop
  endfacet
  facet normal 0.671625 -0.740891 0
    outer loop
      vertex 34.7032 -8.11902 0
      vertex 34.9213 -7.92131 0.00999928
      vertex 34.7032 -8.11902 0.00999928
    endloop
  endfacet
  facet normal 0.671625 -0.740891 0
    outer loop
      vertex 34.9213 -7.92131 0.00999928
      vertex 34.7032 -8.11902 0
      vertex 34.9213 -7.92131 0
    endloop
  endfacet
  facet normal 0.740969 0.671539 0
    outer loop
      vertex 35.119 7.70317 0.00999928
      vertex 34.9213 7.92131 0
      vertex 34.9213 7.92131 0.00999928
    endloop
  endfacet
  facet normal 0.740969 0.671539 0
    outer loop
      vertex 34.9213 7.92131 0
      vertex 35.119 7.70317 0.00999928
      vertex 35.119 7.70317 0
    endloop
  endfacet
  facet normal 0.941527 0.336939 0
    outer loop
      vertex 35.6708 6.67084 0.00999928
      vertex 35.5716 6.94804 0
      vertex 35.5716 6.94804 0.00999928
    endloop
  endfacet
  facet normal 0.941527 0.336939 0
    outer loop
      vertex 35.5716 6.94804 0
      vertex 35.6708 6.67084 0.00999928
      vertex 35.6708 6.67084 0
    endloop
  endfacet
  facet normal 0.848039 0.508407 0.149507
    outer loop
      vertex 34.7444 6.91672 5
      vertex 35.4458 7.21417 0.00999928
      vertex 35.2944 7.46671 0.00999928
    endloop
  endfacet
  facet normal 0.848039 0.508407 0.149507
    outer loop
      vertex 35.4458 7.21417 0.00999928
      vertex 34.7444 6.91672 5
      vertex 34.8958 6.66418 5
    endloop
  endfacet
  facet normal 0.981515 0.145604 0.124211
    outer loop
      vertex 35.1924 5.83527 5
      vertex 35.7855 6.09404 0.00999928
      vertex 35.7423 6.38525 0.00999928
    endloop
  endfacet
  facet normal 0.981566 0.14527 0.1242
    outer loop
      vertex 35.7855 6.09404 0.00999928
      vertex 35.1924 5.83527 5
      vertex 35.2355 5.54405 5
    endloop
  endfacet
  facet normal 1 -0 0
    outer loop
      vertex 35.8 -5.79999 0.00999928
      vertex 35.8 5.79999 0
      vertex 35.8 5.79999 0.00999928
    endloop
  endfacet
  facet normal 1 0 0
    outer loop
      vertex 35.8 5.79999 0
      vertex 35.8 -5.79999 0.00999928
      vertex 35.8 -5.79999 0
    endloop
  endfacet
  facet normal 0.998786 0.0492515 0
    outer loop
      vertex 35.8 5.79999 0.00999928
      vertex 35.7855 6.09404 0
      vertex 35.7855 6.09404 0.00999928
    endloop
  endfacet
  facet normal 0.998786 0.0492515 0
    outer loop
      vertex 35.7855 6.09404 0
      vertex 35.8 5.79999 0.00999928
      vertex 35.8 5.79999 0
    endloop
  endfacet
  facet normal 0.894495 -0.422845 0.145196
    outer loop
      vertex 34.8958 -6.66418 5
      vertex 35.5716 -6.94804 0.00999928
      vertex 35.0216 -6.39806 5
    endloop
  endfacet
  facet normal 0.894501 -0.422832 0.145196
    outer loop
      vertex 35.5716 -6.94804 0.00999928
      vertex 34.8958 -6.66418 5
      vertex 35.4458 -7.21417 0.00999928
    endloop
  endfacet
  facet normal 0.333613 0.932328 0.139522
    outer loop
      vertex 33.6708 8.67081 0.00999928
      vertex 33.3981 8.02164 5
      vertex 33.948 8.57162 0.00999928
    endloop
  endfacet
  facet normal 0.333477 0.932377 0.139521
    outer loop
      vertex 33.3981 8.02164 5
      vertex 33.6708 8.67081 0.00999928
      vertex 33.1208 8.12082 5
    endloop
  endfacet
  facet normal -0.145609 0.981512 0.124227
    outer loop
      vertex -33.094 8.78554 0.00999928
      vertex -32.8353 8.19235 5
      vertex -32.5441 8.23555 5
    endloop
  endfacet
  facet normal -0.14556 0.981519 0.124225
    outer loop
      vertex -32.8353 8.19235 5
      vertex -33.094 8.78554 0.00999928
      vertex -33.3853 8.74234 0.00999928
    endloop
  endfacet
  facet normal -0.0487497 0.9922 0.114732
    outer loop
      vertex -32.8 8.79999 0.00999928
      vertex -32.5441 8.23555 5
      vertex -32.25 8.25 5
    endloop
  endfacet
  facet normal -0.0487662 0.992199 0.114733
    outer loop
      vertex -32.5441 8.23555 5
      vertex -32.8 8.79999 0.00999928
      vertex -33.094 8.78554 0.00999928
    endloop
  endfacet
  facet normal -0.240888 0.961463 0.132522
    outer loop
      vertex -33.3853 8.74234 0.00999928
      vertex -33.1208 8.12082 5
      vertex -32.8353 8.19235 5
    endloop
  endfacet
  facet normal -0.240888 0.961463 0.132522
    outer loop
      vertex -33.1208 8.12082 5
      vertex -33.3853 8.74234 0.00999928
      vertex -33.6708 8.67081 0.00999928
    endloop
  endfacet
  facet normal -0.427435 0.904046 0
    outer loop
      vertex -33.948 8.57162 0
      vertex -34.2142 8.44576 0.00999928
      vertex -33.948 8.57162 0.00999928
    endloop
  endfacet
  facet normal -0.427435 0.904046 0
    outer loop
      vertex -34.2142 8.44576 0.00999928
      vertex -33.948 8.57162 0
      vertex -34.2142 8.44576 0
    endloop
  endfacet
  facet normal -0.336909 0.941537 0
    outer loop
      vertex -33.6708 8.67081 0
      vertex -33.948 8.57162 0.00999928
      vertex -33.6708 8.67081 0.00999928
    endloop
  endfacet
  facet normal -0.336909 0.941537 0
    outer loop
      vertex -33.948 8.57162 0.00999928
      vertex -33.6708 8.67081 0
      vertex -33.948 8.57162 0
    endloop
  endfacet
  facet normal -0.970061 -0.242863 0
    outer loop
      vertex -35.6708 -6.67084 0
      vertex -35.7423 -6.38525 0.00999928
      vertex -35.7423 -6.38525 0
    endloop
  endfacet
  facet normal -0.970061 -0.242863 0
    outer loop
      vertex -35.7423 -6.38525 0.00999928
      vertex -35.6708 -6.67084 0
      vertex -35.6708 -6.67084 0.00999928
    endloop
  endfacet
  facet normal -0.508368 -0.848063 0.149503
    outer loop
      vertex -34.2142 -8.44576 0.00999928
      vertex -33.9167 -7.74442 5
      vertex -34.4667 -8.2944 0.00999928
    endloop
  endfacet
  facet normal -0.508343 -0.848078 0.149504
    outer loop
      vertex -33.9167 -7.74442 5
      vertex -34.2142 -8.44576 0.00999928
      vertex -33.6642 -7.89577 5
    endloop
  endfacet
  facet normal -0.79378 -0.588805 0.152388
    outer loop
      vertex -35.2944 -7.46671 0.00999928
      vertex -34.569 -7.15318 5
      vertex -34.7444 -6.91672 5
    endloop
  endfacet
  facet normal -0.79378 -0.588805 0.152388
    outer loop
      vertex -34.569 -7.15318 5
      vertex -35.2944 -7.46671 0.00999928
      vertex -35.119 -7.70317 0.00999928
    endloop
  endfacet
  facet normal -0.894495 -0.422845 0.145196
    outer loop
      vertex -35.5716 -6.94804 0.00999928
      vertex -34.8958 -6.66418 5
      vertex -35.0216 -6.39806 5
    endloop
  endfacet
  facet normal -0.894501 -0.422832 0.145196
    outer loop
      vertex -34.8958 -6.66418 5
      vertex -35.5716 -6.94804 0.00999928
      vertex -35.4458 -7.21417 0.00999928
    endloop
  endfacet
  facet normal -0.740969 -0.671539 0
    outer loop
      vertex -34.9213 -7.92131 0
      vertex -35.119 -7.70317 0.00999928
      vertex -35.119 -7.70317 0
    endloop
  endfacet
  facet normal -0.740969 -0.671539 0
    outer loop
      vertex -35.119 -7.70317 0.00999928
      vertex -34.9213 -7.92131 0
      vertex -34.9213 -7.92131 0.00999928
    endloop
  endfacet
  facet normal -0.93232 -0.333632 0.139533
    outer loop
      vertex -35.6708 -6.67084 0.00999928
      vertex -35.0216 -6.39806 5
      vertex -35.1208 -6.12085 5
    endloop
  endfacet
  facet normal -0.932316 -0.333643 0.139533
    outer loop
      vertex -35.0216 -6.39806 5
      vertex -35.6708 -6.67084 0.00999928
      vertex -35.5716 -6.94804 0.00999928
    endloop
  endfacet
  facet normal -0.663631 0.732072 0.153833
    outer loop
      vertex -34.7032 8.11902 0.00999928
      vertex -34.3713 7.37132 5
      vertex -34.1532 7.56903 5
    endloop
  endfacet
  facet normal -0.663631 0.732072 0.153833
    outer loop
      vertex -34.3713 7.37132 5
      vertex -34.7032 8.11902 0.00999928
      vertex -34.9213 7.92131 0.00999928
    endloop
  endfacet
  facet normal -0.992189 0.0489262 0.114752
    outer loop
      vertex -35.8 5.79999 0.00999928
      vertex -35.2355 5.54405 5
      vertex -35.7855 6.09404 0.00999928
    endloop
  endfacet
  facet normal -0.992189 0.0489262 0.114752
    outer loop
      vertex -35.2355 5.54405 5
      vertex -35.8 5.79999 0.00999928
      vertex -35.25 5.25 5
    endloop
  endfacet
  facet normal 0.663631 -0.732072 0.153833
    outer loop
      vertex 34.7032 -8.11902 0.00999928
      vertex 34.3713 -7.37132 5
      vertex 34.1532 -7.56903 5
    endloop
  endfacet
  facet normal 0.663631 -0.732072 0.153833
    outer loop
      vertex 34.3713 -7.37132 5
      vertex 34.7032 -8.11902 0.00999928
      vertex 34.9213 -7.92131 0.00999928
    endloop
  endfacet
  facet normal 0.79378 -0.588805 0.152388
    outer loop
      vertex 34.569 -7.15318 5
      vertex 35.2944 -7.46671 0.00999928
      vertex 34.7444 -6.91672 5
    endloop
  endfacet
  facet normal 0.79378 -0.588805 0.152388
    outer loop
      vertex 35.2944 -7.46671 0.00999928
      vertex 34.569 -7.15318 5
      vertex 35.119 -7.70317 0.00999928
    endloop
  endfacet
  facet normal 0.848039 -0.508407 0.149507
    outer loop
      vertex 34.7444 -6.91672 5
      vertex 35.4458 -7.21417 0.00999928
      vertex 34.8958 -6.66418 5
    endloop
  endfacet
  facet normal 0.848039 -0.508407 0.149507
    outer loop
      vertex 35.4458 -7.21417 0.00999928
      vertex 34.7444 -6.91672 5
      vertex 35.2944 -7.46671 0.00999928
    endloop
  endfacet
  facet normal 0.732149 0.663546 0.153833
    outer loop
      vertex 34.3713 7.37132 5
      vertex 35.119 7.70317 0.00999928
      vertex 34.9213 7.92131 0.00999928
    endloop
  endfacet
  facet normal 0.732149 0.663546 0.153833
    outer loop
      vertex 35.119 7.70317 0.00999928
      vertex 34.3713 7.37132 5
      vertex 34.569 7.15318 5
    endloop
  endfacet
  facet normal 0.894501 0.422832 0.145196
    outer loop
      vertex 34.8958 6.66418 5
      vertex 35.5716 6.94804 0.00999928
      vertex 35.4458 7.21417 0.00999928
    endloop
  endfacet
  facet normal 0.894495 0.422845 0.145196
    outer loop
      vertex 35.5716 6.94804 0.00999928
      vertex 34.8958 6.66418 5
      vertex 35.0216 6.39806 5
    endloop
  endfacet
  facet normal 0.992189 0.0489262 0.114752
    outer loop
      vertex 35.2355 5.54405 5
      vertex 35.8 5.79999 0.00999928
      vertex 35.7855 6.09404 0.00999928
    endloop
  endfacet
  facet normal 0.992189 0.0489262 0.114752
    outer loop
      vertex 35.8 5.79999 0.00999928
      vertex 35.2355 5.54405 5
      vertex 35.25 5.25 5
    endloop
  endfacet
  facet normal 0.961424 -0.241046 0.132517
    outer loop
      vertex 35.1208 -6.12085 5
      vertex 35.7423 -6.38525 0.00999928
      vertex 35.1924 -5.83527 5
    endloop
  endfacet
  facet normal 0.961506 -0.240722 0.13251
    outer loop
      vertex 35.7423 -6.38525 0.00999928
      vertex 35.1208 -6.12085 5
      vertex 35.6708 -6.67084 0.00999928
    endloop
  endfacet
  facet normal 0.989175 -0.146741 0
    outer loop
      vertex 35.7423 -6.38525 0.00999928
      vertex 35.7855 -6.09404 0
      vertex 35.7855 -6.09404 0.00999928
    endloop
  endfacet
  facet normal 0.989175 -0.146741 0
    outer loop
      vertex 35.7855 -6.09404 0
      vertex 35.7423 -6.38525 0.00999928
      vertex 35.7423 -6.38525 0
    endloop
  endfacet
  facet normal 0.93232 -0.333632 0.139533
    outer loop
      vertex 35.0216 -6.39806 5
      vertex 35.6708 -6.67084 0.00999928
      vertex 35.1208 -6.12085 5
    endloop
  endfacet
  facet normal 0.932316 -0.333643 0.139533
    outer loop
      vertex 35.6708 -6.67084 0.00999928
      vertex 35.0216 -6.39806 5
      vertex 35.5716 -6.94804 0.00999928
    endloop
  endfacet
  facet normal 0.663631 0.732072 0.153833
    outer loop
      vertex 34.7032 8.11902 0.00999928
      vertex 34.3713 7.37132 5
      vertex 34.9213 7.92131 0.00999928
    endloop
  endfacet
  facet normal 0.663631 0.732072 0.153833
    outer loop
      vertex 34.3713 7.37132 5
      vertex 34.7032 8.11902 0.00999928
      vertex 34.1532 7.56903 5
    endloop
  endfacet
  facet normal -0.671625 -0.740891 0
    outer loop
      vertex -34.9213 -7.92131 0
      vertex -34.7032 -8.11902 0.00999928
      vertex -34.9213 -7.92131 0.00999928
    endloop
  endfacet
  facet normal -0.671625 -0.740891 -0
    outer loop
      vertex -34.7032 -8.11902 0.00999928
      vertex -34.9213 -7.92131 0
      vertex -34.7032 -8.11902 0
    endloop
  endfacet
  facet normal -0.663631 -0.732072 0.153833
    outer loop
      vertex -34.7032 -8.11902 0.00999928
      vertex -34.3713 -7.37132 5
      vertex -34.9213 -7.92131 0.00999928
    endloop
  endfacet
  facet normal -0.663631 -0.732072 0.153833
    outer loop
      vertex -34.3713 -7.37132 5
      vertex -34.7032 -8.11902 0.00999928
      vertex -34.1532 -7.56903 5
    endloop
  endfacet
  facet normal -0.588698 -0.79386 0.152385
    outer loop
      vertex -34.4667 -8.2944 0.00999928
      vertex -34.1532 -7.56903 5
      vertex -34.7032 -8.11902 0.00999928
    endloop
  endfacet
  facet normal -0.58872 -0.793844 0.152384
    outer loop
      vertex -34.1532 -7.56903 5
      vertex -34.4667 -8.2944 0.00999928
      vertex -33.9167 -7.74442 5
    endloop
  endfacet
  facet normal -0.595655 -0.803241 0
    outer loop
      vertex -34.7032 -8.11902 0
      vertex -34.4667 -8.2944 0.00999928
      vertex -34.7032 -8.11902 0.00999928
    endloop
  endfacet
  facet normal -0.595655 -0.803241 -0
    outer loop
      vertex -34.4667 -8.2944 0.00999928
      vertex -34.7032 -8.11902 0
      vertex -34.4667 -8.2944 0
    endloop
  endfacet
  facet normal -0.848039 -0.508407 0.149507
    outer loop
      vertex -35.4458 -7.21417 0.00999928
      vertex -34.7444 -6.91672 5
      vertex -34.8958 -6.66418 5
    endloop
  endfacet
  facet normal -0.848039 -0.508407 0.149507
    outer loop
      vertex -34.7444 -6.91672 5
      vertex -35.4458 -7.21417 0.00999928
      vertex -35.2944 -7.46671 0.00999928
    endloop
  endfacet
  facet normal -0.857679 -0.514186 0
    outer loop
      vertex -35.2944 -7.46671 0
      vertex -35.4458 -7.21417 0.00999928
      vertex -35.4458 -7.21417 0
    endloop
  endfacet
  facet normal -0.857679 -0.514186 0
    outer loop
      vertex -35.4458 -7.21417 0.00999928
      vertex -35.2944 -7.46671 0
      vertex -35.2944 -7.46671 0.00999928
    endloop
  endfacet
  facet normal -0.732149 -0.663546 0.153833
    outer loop
      vertex -35.119 -7.70317 0.00999928
      vertex -34.3713 -7.37132 5
      vertex -34.569 -7.15318 5
    endloop
  endfacet
  facet normal -0.732149 -0.663546 0.153833
    outer loop
      vertex -34.3713 -7.37132 5
      vertex -35.119 -7.70317 0.00999928
      vertex -34.9213 -7.92131 0.00999928
    endloop
  endfacet
  facet normal -0.941527 -0.336939 0
    outer loop
      vertex -35.5716 -6.94804 0
      vertex -35.6708 -6.67084 0.00999928
      vertex -35.6708 -6.67084 0
    endloop
  endfacet
  facet normal -0.941527 -0.336939 0
    outer loop
      vertex -35.6708 -6.67084 0.00999928
      vertex -35.5716 -6.94804 0
      vertex -35.5716 -6.94804 0.00999928
    endloop
  endfacet
  facet normal -0.932316 0.333643 0.139533
    outer loop
      vertex -35.6708 6.67084 0.00999928
      vertex -35.0216 6.39806 5
      vertex -35.5716 6.94804 0.00999928
    endloop
  endfacet
  facet normal -0.93232 0.333632 0.139533
    outer loop
      vertex -35.0216 6.39806 5
      vertex -35.6708 6.67084 0.00999928
      vertex -35.1208 6.12085 5
    endloop
  endfacet
  facet normal -0.894501 0.422832 0.145196
    outer loop
      vertex -35.5716 6.94804 0.00999928
      vertex -34.8958 6.66418 5
      vertex -35.4458 7.21417 0.00999928
    endloop
  endfacet
  facet normal -0.894495 0.422845 0.145196
    outer loop
      vertex -34.8958 6.66418 5
      vertex -35.5716 6.94804 0.00999928
      vertex -35.0216 6.39806 5
    endloop
  endfacet
  facet normal -0.79378 0.588805 0.152388
    outer loop
      vertex -35.2944 7.46671 0.00999928
      vertex -34.569 7.15318 5
      vertex -35.119 7.70317 0.00999928
    endloop
  endfacet
  facet normal -0.79378 0.588805 0.152388
    outer loop
      vertex -34.569 7.15318 5
      vertex -35.2944 7.46671 0.00999928
      vertex -34.7444 6.91672 5
    endloop
  endfacet
  facet normal -0.981515 0.145604 0.124211
    outer loop
      vertex -35.7855 6.09404 0.00999928
      vertex -35.1924 5.83527 5
      vertex -35.7423 6.38525 0.00999928
    endloop
  endfacet
  facet normal -0.981566 0.14527 0.1242
    outer loop
      vertex -35.1924 5.83527 5
      vertex -35.7855 6.09404 0.00999928
      vertex -35.2355 5.54405 5
    endloop
  endfacet
  facet normal -0.961506 0.240722 0.13251
    outer loop
      vertex -35.7423 6.38525 0.00999928
      vertex -35.1208 6.12085 5
      vertex -35.6708 6.67084 0.00999928
    endloop
  endfacet
  facet normal -0.961424 0.241046 0.132517
    outer loop
      vertex -35.1208 6.12085 5
      vertex -35.7423 6.38525 0.00999928
      vertex -35.1924 5.83527 5
    endloop
  endfacet
  facet normal 0.58872 -0.793844 0.152384
    outer loop
      vertex 34.4667 -8.2944 0.00999928
      vertex 34.1532 -7.56903 5
      vertex 33.9167 -7.74442 5
    endloop
  endfacet
  facet normal 0.588698 -0.79386 0.152385
    outer loop
      vertex 34.1532 -7.56903 5
      vertex 34.4667 -8.2944 0.00999928
      vertex 34.7032 -8.11902 0.00999928
    endloop
  endfacet
  facet normal 0.80316 0.595764 0
    outer loop
      vertex 35.2944 7.46671 0.00999928
      vertex 35.119 7.70317 0
      vertex 35.119 7.70317 0.00999928
    endloop
  endfacet
  facet normal 0.80316 0.595764 0
    outer loop
      vertex 35.119 7.70317 0
      vertex 35.2944 7.46671 0.00999928
      vertex 35.2944 7.46671 0
    endloop
  endfacet
  facet normal 0.857679 0.514186 0
    outer loop
      vertex 35.4458 7.21417 0.00999928
      vertex 35.2944 7.46671 0
      vertex 35.2944 7.46671 0.00999928
    endloop
  endfacet
  facet normal 0.857679 0.514186 0
    outer loop
      vertex 35.2944 7.46671 0
      vertex 35.4458 7.21417 0.00999928
      vertex 35.4458 7.21417 0
    endloop
  endfacet
  facet normal 0.904081 0.42736 0
    outer loop
      vertex 35.5716 6.94804 0.00999928
      vertex 35.4458 7.21417 0
      vertex 35.4458 7.21417 0.00999928
    endloop
  endfacet
  facet normal 0.904081 0.42736 0
    outer loop
      vertex 35.4458 7.21417 0
      vertex 35.5716 6.94804 0.00999928
      vertex 35.5716 6.94804 0
    endloop
  endfacet
  facet normal 0.79378 0.588805 0.152388
    outer loop
      vertex 34.569 7.15318 5
      vertex 35.2944 7.46671 0.00999928
      vertex 35.119 7.70317 0.00999928
    endloop
  endfacet
  facet normal 0.79378 0.588805 0.152388
    outer loop
      vertex 35.2944 7.46671 0.00999928
      vertex 34.569 7.15318 5
      vertex 34.7444 6.91672 5
    endloop
  endfacet
  facet normal 0.970061 0.242863 0
    outer loop
      vertex 35.7423 6.38525 0.00999928
      vertex 35.6708 6.67084 0
      vertex 35.6708 6.67084 0.00999928
    endloop
  endfacet
  facet normal 0.970061 0.242863 0
    outer loop
      vertex 35.6708 6.67084 0
      vertex 35.7423 6.38525 0.00999928
      vertex 35.7423 6.38525 0
    endloop
  endfacet
  facet normal 0.989175 0.146741 0
    outer loop
      vertex 35.7855 6.09404 0.00999928
      vertex 35.7423 6.38525 0
      vertex 35.7423 6.38525 0.00999928
    endloop
  endfacet
  facet normal 0.989175 0.146741 0
    outer loop
      vertex 35.7423 6.38525 0
      vertex 35.7855 6.09404 0.00999928
      vertex 35.7855 6.09404 0
    endloop
  endfacet
  facet normal 0.941527 -0.336939 0
    outer loop
      vertex 35.5716 -6.94804 0.00999928
      vertex 35.6708 -6.67084 0
      vertex 35.6708 -6.67084 0.00999928
    endloop
  endfacet
  facet normal 0.941527 -0.336939 0
    outer loop
      vertex 35.6708 -6.67084 0
      vertex 35.5716 -6.94804 0.00999928
      vertex 35.5716 -6.94804 0
    endloop
  endfacet
  facet normal 0.970061 -0.242863 0
    outer loop
      vertex 35.6708 -6.67084 0.00999928
      vertex 35.7423 -6.38525 0
      vertex 35.7423 -6.38525 0.00999928
    endloop
  endfacet
  facet normal 0.970061 -0.242863 0
    outer loop
      vertex 35.7423 -6.38525 0
      vertex 35.6708 -6.67084 0.00999928
      vertex 35.6708 -6.67084 0
    endloop
  endfacet
  facet normal 0.336909 0.941537 -0
    outer loop
      vertex 33.948 8.57162 0
      vertex 33.6708 8.67081 0.00999928
      vertex 33.948 8.57162 0.00999928
    endloop
  endfacet
  facet normal 0.336909 0.941537 0
    outer loop
      vertex 33.6708 8.67081 0.00999928
      vertex 33.948 8.57162 0
      vertex 33.6708 8.67081 0
    endloop
  endfacet
  facet normal 0.427435 0.904046 -0
    outer loop
      vertex 34.2142 8.44576 0
      vertex 33.948 8.57162 0.00999928
      vertex 34.2142 8.44576 0.00999928
    endloop
  endfacet
  facet normal 0.427435 0.904046 0
    outer loop
      vertex 33.948 8.57162 0.00999928
      vertex 34.2142 8.44576 0
      vertex 33.948 8.57162 0
    endloop
  endfacet
  facet normal -0.671625 0.740891 0
    outer loop
      vertex -34.7032 8.11902 0
      vertex -34.9213 7.92131 0.00999928
      vertex -34.7032 8.11902 0.00999928
    endloop
  endfacet
  facet normal -0.671625 0.740891 0
    outer loop
      vertex -34.9213 7.92131 0.00999928
      vertex -34.7032 8.11902 0
      vertex -34.9213 7.92131 0
    endloop
  endfacet
  facet normal -0.508343 0.848078 0.149504
    outer loop
      vertex -34.2142 8.44576 0.00999928
      vertex -33.9167 7.74442 5
      vertex -33.6642 7.89577 5
    endloop
  endfacet
  facet normal -0.508368 0.848063 0.149503
    outer loop
      vertex -33.9167 7.74442 5
      vertex -34.2142 8.44576 0.00999928
      vertex -34.4667 8.2944 0.00999928
    endloop
  endfacet
  facet normal -0.423063 0.894391 0.145198
    outer loop
      vertex -33.948 8.57162 0.00999928
      vertex -33.6642 7.89577 5
      vertex -33.3981 8.02164 5
    endloop
  endfacet
  facet normal -0.422905 0.894465 0.145199
    outer loop
      vertex -33.6642 7.89577 5
      vertex -33.948 8.57162 0.00999928
      vertex -34.2142 8.44576 0.00999928
    endloop
  endfacet
  facet normal -0.422905 -0.894465 0.145199
    outer loop
      vertex -33.948 -8.57162 0.00999928
      vertex -33.6642 -7.89577 5
      vertex -34.2142 -8.44576 0.00999928
    endloop
  endfacet
  facet normal -0.423063 -0.894391 0.145198
    outer loop
      vertex -33.6642 -7.89577 5
      vertex -33.948 -8.57162 0.00999928
      vertex -33.3981 -8.02164 5
    endloop
  endfacet
  facet normal -0.427435 -0.904046 0
    outer loop
      vertex -34.2142 -8.44576 0
      vertex -33.948 -8.57162 0.00999928
      vertex -34.2142 -8.44576 0.00999928
    endloop
  endfacet
  facet normal -0.427435 -0.904046 -0
    outer loop
      vertex -33.948 -8.57162 0.00999928
      vertex -34.2142 -8.44576 0
      vertex -33.948 -8.57162 0
    endloop
  endfacet
  facet normal -0.514146 -0.857703 0
    outer loop
      vertex -34.4667 -8.2944 0
      vertex -34.2142 -8.44576 0.00999928
      vertex -34.4667 -8.2944 0.00999928
    endloop
  endfacet
  facet normal -0.514146 -0.857703 -0
    outer loop
      vertex -34.2142 -8.44576 0.00999928
      vertex -34.4667 -8.2944 0
      vertex -34.2142 -8.44576 0
    endloop
  endfacet
  facet normal 0 0 -1
    outer loop
      vertex -2 0.65 0
      vertex -0.65 2 0
      vertex -0.65 0.65 0
    endloop
  endfacet
  facet normal 0 0 -1
    outer loop
      vertex -0.65 2 0
      vertex -1.14805 2.77164 0
      vertex -0.870853 2.87082 0
    endloop
  endfacet
  facet normal 0 0 -1
    outer loop
      vertex -0.65 2 0
      vertex -1.41419 2.64576 0
      vertex -1.14805 2.77164 0
    endloop
  endfacet
  facet normal 0 0 -1
    outer loop
      vertex -0.65 2 0
      vertex -1.66671 2.49441 0
      vertex -1.41419 2.64576 0
    endloop
  endfacet
  facet normal 0 0 -1
    outer loop
      vertex -0.65 2 0
      vertex -1.90318 2.31903 0
      vertex -1.66671 2.49441 0
    endloop
  endfacet
  facet normal -0 0 -1
    outer loop
      vertex -0.65 2 0
      vertex -2 0.65 0
      vertex -2.12132 2.12132 0
    endloop
  endfacet
  facet normal 0 0 -1
    outer loop
      vertex -0.65 2 0
      vertex -2.12132 2.12132 0
      vertex -1.90318 2.31903 0
    endloop
  endfacet
  facet normal 0 0 -1
    outer loop
      vertex -2.49441 -1.66671 0
      vertex -2 -0.65 0
      vertex -2.31903 -1.90318 0
    endloop
  endfacet
  facet normal 0 0 -1
    outer loop
      vertex -2.64576 -1.41419 0
      vertex -2 -0.65 0
      vertex -2.49441 -1.66671 0
    endloop
  endfacet
  facet normal 0 0 -1
    outer loop
      vertex -2 0.65 0
      vertex -2.31903 1.90318 0
      vertex -2.12132 2.12132 0
    endloop
  endfacet
  facet normal 0 0 -1
    outer loop
      vertex -2.77164 -1.14805 0
      vertex -2 -0.65 0
      vertex -2.64576 -1.41419 0
    endloop
  endfacet
  facet normal 0 0 -1
    outer loop
      vertex -2 0.65 0
      vertex -2.49441 1.66671 0
      vertex -2.31903 1.90318 0
    endloop
  endfacet
  facet normal 0 0 -1
    outer loop
      vertex -2.87082 -0.870853 0
      vertex -2 -0.65 0
      vertex -2.77164 -1.14805 0
    endloop
  endfacet
  facet normal 0 0 -1
    outer loop
      vertex -2 0.65 0
      vertex -2.64576 1.41419 0
      vertex -2.49441 1.66671 0
    endloop
  endfacet
  facet normal 0 0 -1
    outer loop
      vertex -2.94236 -0.585271 0
      vertex -2 -0.65 0
      vertex -2.87082 -0.870853 0
    endloop
  endfacet
  facet normal 0 0 -1
    outer loop
      vertex -2 0.65 0
      vertex -2.77164 1.14805 0
      vertex -2.64576 1.41419 0
    endloop
  endfacet
  facet normal 0 0 -1
    outer loop
      vertex -2.98555 -0.294051 0
      vertex -2 -0.65 0
      vertex -2.94236 -0.585271 0
    endloop
  endfacet
  facet normal 0 0 -1
    outer loop
      vertex -2 0.65 0
      vertex -2.87082 0.870853 0
      vertex -2.77164 1.14805 0
    endloop
  endfacet
  facet normal 0 0 -1
    outer loop
      vertex -3 0 0
      vertex -2 -0.65 0
      vertex -2.98555 -0.294051 0
    endloop
  endfacet
  facet normal -0 0 -1
    outer loop
      vertex -2 0.65 0
      vertex -2.94236 0.585271 0
      vertex -2.87082 0.870853 0
    endloop
  endfacet
  facet normal 0 0 -1
    outer loop
      vertex -2 -0.65 0
      vertex -3 0 0
      vertex -2 0.65 0
    endloop
  endfacet
  facet normal 0 0 -1
    outer loop
      vertex -2 0.65 0
      vertex -2.98555 0.294051 0
      vertex -2.94236 0.585271 0
    endloop
  endfacet
  facet normal 0 0 -1
    outer loop
      vertex -2 0.65 0
      vertex -3 0 0
      vertex -2.98555 0.294051 0
    endloop
  endfacet
  facet normal 0 0 -1
    outer loop
      vertex -0.65 2 0
      vertex -0.599999 2.93867 0
      vertex -0.599999 2 0
    endloop
  endfacet
  facet normal 0 0 -1
    outer loop
      vertex -0.599999 2.93867 0
      vertex -0.65 2 0
      vertex -0.870853 2.87082 0
    endloop
  endfacet
  facet normal 0 0 -1
    outer loop
      vertex -0.599999 -2.93867 0
      vertex -0.65 -2 0
      vertex -0.599999 -2 0
    endloop
  endfacet
  facet normal 0 0 -1
    outer loop
      vertex -0.870853 -2.87082 0
      vertex -0.65 -2 0
      vertex -0.599999 -2.93867 0
    endloop
  endfacet
  facet normal 0 0 -1
    outer loop
      vertex -1.14805 -2.77164 0
      vertex -0.65 -2 0
      vertex -0.870853 -2.87082 0
    endloop
  endfacet
  facet normal 0 0 -1
    outer loop
      vertex -1.41419 -2.64576 0
      vertex -0.65 -2 0
      vertex -1.14805 -2.77164 0
    endloop
  endfacet
  facet normal 0 0 -1
    outer loop
      vertex -1.66671 -2.49441 0
      vertex -0.65 -2 0
      vertex -1.41419 -2.64576 0
    endloop
  endfacet
  facet normal 0 0 -1
    outer loop
      vertex -1.90318 -2.31903 0
      vertex -0.65 -2 0
      vertex -1.66671 -2.49441 0
    endloop
  endfacet
  facet normal 0 0 -1
    outer loop
      vertex -2.12132 -2.12132 0
      vertex -0.65 -2 0
      vertex -1.90318 -2.31903 0
    endloop
  endfacet
  facet normal 0 -0 -1
    outer loop
      vertex -2 -0.65 0
      vertex -0.65 -2 0
      vertex -2.12132 -2.12132 0
    endloop
  endfacet
  facet normal 0 0 -1
    outer loop
      vertex -2.31903 -1.90318 0
      vertex -2 -0.65 0
      vertex -2.12132 -2.12132 0
    endloop
  endfacet
  facet normal 0 0 -1
    outer loop
      vertex -0.65 -2 0
      vertex -2 -0.65 0
      vertex -0.65 -0.65 0
    endloop
  endfacet
  facet normal 0 0 -1
    outer loop
      vertex 33.8705 -5.79387 0
      vertex 35.8 -5.79999 0
      vertex 35.7855 -6.09404 0
    endloop
  endfacet
  facet normal 0 0 -1
    outer loop
      vertex 35.8 -5.79999 0
      vertex 33.8763 -5.67625 0
      vertex 35.8 5.79999 0
    endloop
  endfacet
  facet normal 0 0 -1
    outer loop
      vertex 33.8532 -5.91037 0
      vertex 35.7855 -6.09404 0
      vertex 35.7423 -6.38525 0
    endloop
  endfacet
  facet normal 0 0 -1
    outer loop
      vertex 33.8763 5.67625 0
      vertex 35.8 5.79999 0
      vertex 33.8763 -5.67625 0
    endloop
  endfacet
  facet normal 0 0 -1
    outer loop
      vertex 33.8246 -6.0246 0
      vertex 35.7423 -6.38525 0
      vertex 35.6708 -6.67084 0
    endloop
  endfacet
  facet normal 0 0 -1
    outer loop
      vertex 33.8705 5.79387 0
      vertex 35.8 5.79999 0
      vertex 33.8763 5.67625 0
    endloop
  endfacet
  facet normal 0 0 -1
    outer loop
      vertex 33.7849 -6.13547 0
      vertex 35.6708 -6.67084 0
      vertex 35.5716 -6.94804 0
    endloop
  endfacet
  facet normal -0 0 -1
    outer loop
      vertex 35.8 5.79999 0
      vertex 33.8705 5.79387 0
      vertex 35.7855 6.09404 0
    endloop
  endfacet
  facet normal 0 0 -1
    outer loop
      vertex 33.7346 -6.24193 0
      vertex 35.5716 -6.94804 0
      vertex 35.4458 -7.21417 0
    endloop
  endfacet
  facet normal 0 0 -1
    outer loop
      vertex 33.8532 5.91037 0
      vertex 35.7855 6.09404 0
      vertex 33.8705 5.79387 0
    endloop
  endfacet
  facet normal 0 0 -1
    outer loop
      vertex 33.674 -6.34294 0
      vertex 35.4458 -7.21417 0
      vertex 35.2944 -7.46671 0
    endloop
  endfacet
  facet normal -0 0 -1
    outer loop
      vertex 35.7855 6.09404 0
      vertex 33.8532 5.91037 0
      vertex 35.7423 6.38525 0
    endloop
  endfacet
  facet normal 0 0 -1
    outer loop
      vertex 33.6039 -6.43753 0
      vertex 35.2944 -7.46671 0
      vertex 35.119 -7.70317 0
    endloop
  endfacet
  facet normal 0 0 -1
    outer loop
      vertex 33.8246 6.0246 0
      vertex 35.7423 6.38525 0
      vertex 33.8532 5.91037 0
    endloop
  endfacet
  facet normal 0 0 -1
    outer loop
      vertex 33.6039 -6.43753 0
      vertex 35.119 -7.70317 0
      vertex 34.9213 -7.92131 0
    endloop
  endfacet
  facet normal -0 0 -1
    outer loop
      vertex 35.7423 6.38525 0
      vertex 33.8246 6.0246 0
      vertex 35.6708 6.67084 0
    endloop
  endfacet
  facet normal 0 0 -1
    outer loop
      vertex 33.5248 -6.52478 0
      vertex 34.9213 -7.92131 0
      vertex 34.7032 -8.11902 0
    endloop
  endfacet
  facet normal 0 0 -1
    outer loop
      vertex 33.7849 6.13547 0
      vertex 35.6708 6.67084 0
      vertex 33.8246 6.0246 0
    endloop
  endfacet
  facet normal 0 0 -1
    outer loop
      vertex 33.4375 -6.60386 0
      vertex 34.7032 -8.11902 0
      vertex 34.4667 -8.2944 0
    endloop
  endfacet
  facet normal -0 0 -1
    outer loop
      vertex 35.6708 6.67084 0
      vertex 33.7849 6.13547 0
      vertex 35.5716 6.94804 0
    endloop
  endfacet
  facet normal 0 0 -1
    outer loop
      vertex 33.3429 -6.67401 0
      vertex 34.4667 -8.2944 0
      vertex 34.2142 -8.44576 0
    endloop
  endfacet
  facet normal 0 0 -1
    outer loop
      vertex 33.7346 6.24193 0
      vertex 35.5716 6.94804 0
      vertex 33.7849 6.13547 0
    endloop
  endfacet
  facet normal 0 0 -1
    outer loop
      vertex 33.2419 -6.73456 0
      vertex 34.2142 -8.44576 0
      vertex 33.948 -8.57162 0
    endloop
  endfacet
  facet normal -0 0 -1
    outer loop
      vertex 35.5716 6.94804 0
      vertex 33.7346 6.24193 0
      vertex 35.4458 7.21417 0
    endloop
  endfacet
  facet normal 0 0 -1
    outer loop
      vertex 33.674 6.34294 0
      vertex 35.4458 7.21417 0
      vertex 33.7346 6.24193 0
    endloop
  endfacet
  facet normal 0 0 -1
    outer loop
      vertex 35.8 -5.79999 0
      vertex 33.8705 -5.79387 0
      vertex 33.8763 -5.67625 0
    endloop
  endfacet
  facet normal 0 0 -1
    outer loop
      vertex 35.7855 -6.09404 0
      vertex 33.8532 -5.91037 0
      vertex 33.8705 -5.79387 0
    endloop
  endfacet
  facet normal 0 0 -1
    outer loop
      vertex 35.7423 -6.38525 0
      vertex 33.8246 -6.0246 0
      vertex 33.8532 -5.91037 0
    endloop
  endfacet
  facet normal 0 0 -1
    outer loop
      vertex 35.6708 -6.67084 0
      vertex 33.7849 -6.13547 0
      vertex 33.8246 -6.0246 0
    endloop
  endfacet
  facet normal 0 0 -1
    outer loop
      vertex 35.5716 -6.94804 0
      vertex 33.7346 -6.24193 0
      vertex 33.7849 -6.13547 0
    endloop
  endfacet
  facet normal 0 0 -1
    outer loop
      vertex 35.4458 -7.21417 0
      vertex 33.674 -6.34294 0
      vertex 33.7346 -6.24193 0
    endloop
  endfacet
  facet normal 0 0 -1
    outer loop
      vertex 33.1355 -6.78491 0
      vertex 33.948 -8.57162 0
      vertex 33.6708 -8.67081 0
    endloop
  endfacet
  facet normal 0 0 -1
    outer loop
      vertex 35.2944 -7.46671 0
      vertex 33.6039 -6.43753 0
      vertex 33.674 -6.34294 0
    endloop
  endfacet
  facet normal 0 0 -1
    outer loop
      vertex 34.9213 -7.92131 0
      vertex 33.5248 -6.52478 0
      vertex 33.6039 -6.43753 0
    endloop
  endfacet
  facet normal 0 0 -1
    outer loop
      vertex 34.7032 -8.11902 0
      vertex 33.4375 -6.60386 0
      vertex 33.5248 -6.52478 0
    endloop
  endfacet
  facet normal 0 0 -1
    outer loop
      vertex 33.0246 -6.82458 0
      vertex 33.6708 -8.67081 0
      vertex 33.3853 -8.74234 0
    endloop
  endfacet
  facet normal 0 0 -1
    outer loop
      vertex 34.4667 -8.2944 0
      vertex 33.3429 -6.67401 0
      vertex 33.4375 -6.60386 0
    endloop
  endfacet
  facet normal 0 0 -1
    outer loop
      vertex 34.2142 -8.44576 0
      vertex 33.2419 -6.73456 0
      vertex 33.3429 -6.67401 0
    endloop
  endfacet
  facet normal 0 0 -1
    outer loop
      vertex 33.948 -8.57162 0
      vertex 33.1355 -6.78491 0
      vertex 33.2419 -6.73456 0
    endloop
  endfacet
  facet normal 0 0 -1
    outer loop
      vertex 32.9104 -6.85319 0
      vertex 33.3853 -8.74234 0
      vertex 33.094 -8.78554 0
    endloop
  endfacet
  facet normal 0 0 -1
    outer loop
      vertex 33.6708 -8.67081 0
      vertex 33.0246 -6.82458 0
      vertex 33.1355 -6.78491 0
    endloop
  endfacet
  facet normal 0 0 -1
    outer loop
      vertex 33.3853 -8.74234 0
      vertex 32.9104 -6.85319 0
      vertex 33.0246 -6.82458 0
    endloop
  endfacet
  facet normal 0 0 -1
    outer loop
      vertex 32.7939 -6.87048 0
      vertex 33.094 -8.78554 0
      vertex 32.8 -8.79999 0
    endloop
  endfacet
  facet normal 0 0 -1
    outer loop
      vertex 33.094 -8.78554 0
      vertex 32.7939 -6.87048 0
      vertex 32.9104 -6.85319 0
    endloop
  endfacet
  facet normal 0 0 -1
    outer loop
      vertex 32.8 -8.79999 0
      vertex 32.6763 -6.87625 0
      vertex 32.7939 -6.87048 0
    endloop
  endfacet
  facet normal 0 0 -1
    outer loop
      vertex 32.8 -8.79999 0
      vertex 18.5 -6.87625 0
      vertex 32.6763 -6.87625 0
    endloop
  endfacet
  facet normal 0 0 -1
    outer loop
      vertex 18.5 -6.87625 0
      vertex 17.3 -6.87625 0
      vertex 18.5 6.87625 0
    endloop
  endfacet
  facet normal 0 0 -1
    outer loop
      vertex 32.8 -8.79999 0
      vertex 17.3 -6.87625 0
      vertex 18.5 -6.87625 0
    endloop
  endfacet
  facet normal 0 0 -1
    outer loop
      vertex 32.8 -8.79999 0
      vertex 0.599999 -6.87625 0
      vertex 17.3 -6.87625 0
    endloop
  endfacet
  facet normal 0 0 -1
    outer loop
      vertex -0.599999 -2.93867 0
      vertex 0.599999 -2.93867 0
      vertex 0.599999 -6.87625 0
    endloop
  endfacet
  facet normal 0 0 -1
    outer loop
      vertex 0.599999 -2.93867 0
      vertex -0.599999 -2.93867 0
      vertex 0.599999 -2 0
    endloop
  endfacet
  facet normal 0 0 -1
    outer loop
      vertex 0.599999 -2 0
      vertex -0.599999 -2 0
      vertex 0.599999 2 0
    endloop
  endfacet
  facet normal 0 0 -1
    outer loop
      vertex -0.599999 2 0
      vertex 0.599999 2 0
      vertex -0.599999 -2 0
    endloop
  endfacet
  facet normal 0 0 -1
    outer loop
      vertex -0.599999 -2.93867 0
      vertex 0.599999 -6.87625 0
      vertex -0.599999 -6.87625 0
    endloop
  endfacet
  facet normal 0 0 -1
    outer loop
      vertex 32.8 -8.79999 0
      vertex -0.599999 -6.87625 0
      vertex 0.599999 -6.87625 0
    endloop
  endfacet
  facet normal 0 0 -1
    outer loop
      vertex -32.8 -8.79999 0
      vertex -0.599999 -6.87625 0
      vertex 32.8 -8.79999 0
    endloop
  endfacet
  facet normal 0 0 -1
    outer loop
      vertex -17.3 -6.87625 0
      vertex -18.5 -6.87625 0
      vertex -17.3 6.87625 0
    endloop
  endfacet
  facet normal -0 0 -1
    outer loop
      vertex -0.599999 -6.87625 0
      vertex -32.8 -8.79999 0
      vertex -17.3 -6.87625 0
    endloop
  endfacet
  facet normal -0 0 -1
    outer loop
      vertex -17.3 -6.87625 0
      vertex -32.8 -8.79999 0
      vertex -18.5 -6.87625 0
    endloop
  endfacet
  facet normal -0 0 -1
    outer loop
      vertex -18.5 -6.87625 0
      vertex -32.8 -8.79999 0
      vertex -32.6763 -6.87625 0
    endloop
  endfacet
  facet normal 0 0 -1
    outer loop
      vertex -32.8 -8.79999 0
      vertex -32.7939 -6.87048 0
      vertex -32.6763 -6.87625 0
    endloop
  endfacet
  facet normal 0 0 -1
    outer loop
      vertex -33.094 -8.78554 0
      vertex -32.7939 -6.87048 0
      vertex -32.8 -8.79999 0
    endloop
  endfacet
  facet normal -0 0 -1
    outer loop
      vertex -32.7939 -6.87048 0
      vertex -33.094 -8.78554 0
      vertex -32.9104 -6.85319 0
    endloop
  endfacet
  facet normal 0 0 -1
    outer loop
      vertex -33.3853 -8.74234 0
      vertex -32.9104 -6.85319 0
      vertex -33.094 -8.78554 0
    endloop
  endfacet
  facet normal -0 0 -1
    outer loop
      vertex -32.9104 -6.85319 0
      vertex -33.3853 -8.74234 0
      vertex -33.0246 -6.82458 0
    endloop
  endfacet
  facet normal 0 0 -1
    outer loop
      vertex -33.6708 -8.67081 0
      vertex -33.0246 -6.82458 0
      vertex -33.3853 -8.74234 0
    endloop
  endfacet
  facet normal -0 0 -1
    outer loop
      vertex -33.0246 -6.82458 0
      vertex -33.6708 -8.67081 0
      vertex -33.1355 -6.78491 0
    endloop
  endfacet
  facet normal 0 0 -1
    outer loop
      vertex -33.948 -8.57162 0
      vertex -33.1355 -6.78491 0
      vertex -33.6708 -8.67081 0
    endloop
  endfacet
  facet normal -0 0 -1
    outer loop
      vertex -33.1355 -6.78491 0
      vertex -33.948 -8.57162 0
      vertex -33.2419 -6.73456 0
    endloop
  endfacet
  facet normal 0 0 -1
    outer loop
      vertex -34.2142 -8.44576 0
      vertex -33.2419 -6.73456 0
      vertex -33.948 -8.57162 0
    endloop
  endfacet
  facet normal -0 0 -1
    outer loop
      vertex -33.2419 -6.73456 0
      vertex -34.2142 -8.44576 0
      vertex -33.3429 -6.67401 0
    endloop
  endfacet
  facet normal 0 0 -1
    outer loop
      vertex -34.4667 -8.2944 0
      vertex -33.3429 -6.67401 0
      vertex -34.2142 -8.44576 0
    endloop
  endfacet
  facet normal -0 0 -1
    outer loop
      vertex -33.3429 -6.67401 0
      vertex -34.4667 -8.2944 0
      vertex -33.4375 -6.60386 0
    endloop
  endfacet
  facet normal 0 0 -1
    outer loop
      vertex -34.7032 -8.11902 0
      vertex -33.4375 -6.60386 0
      vertex -34.4667 -8.2944 0
    endloop
  endfacet
  facet normal -0 0 -1
    outer loop
      vertex -33.4375 -6.60386 0
      vertex -34.7032 -8.11902 0
      vertex -33.5248 -6.52478 0
    endloop
  endfacet
  facet normal 0 0 -1
    outer loop
      vertex -34.9213 -7.92131 0
      vertex -33.5248 -6.52478 0
      vertex -34.7032 -8.11902 0
    endloop
  endfacet
  facet normal -0 0 -1
    outer loop
      vertex -33.5248 -6.52478 0
      vertex -34.9213 -7.92131 0
      vertex -33.6039 -6.43753 0
    endloop
  endfacet
  facet normal 0 0 -1
    outer loop
      vertex -35.119 -7.70317 0
      vertex -33.6039 -6.43753 0
      vertex -34.9213 -7.92131 0
    endloop
  endfacet
  facet normal 0 0 -1
    outer loop
      vertex -35.4458 -7.21417 0
      vertex -33.674 -6.34294 0
      vertex -35.2944 -7.46671 0
    endloop
  endfacet
  facet normal -0 0 -1
    outer loop
      vertex -33.6039 -6.43753 0
      vertex -35.2944 -7.46671 0
      vertex -33.674 -6.34294 0
    endloop
  endfacet
  facet normal 0 0 -1
    outer loop
      vertex -35.2944 -7.46671 0
      vertex -33.6039 -6.43753 0
      vertex -35.119 -7.70317 0
    endloop
  endfacet
  facet normal -0 0 -1
    outer loop
      vertex 35.4458 7.21417 0
      vertex 33.674 6.34294 0
      vertex 35.2944 7.46671 0
    endloop
  endfacet
  facet normal 0 0 -1
    outer loop
      vertex 33.6039 6.43753 0
      vertex 35.2944 7.46671 0
      vertex 33.674 6.34294 0
    endloop
  endfacet
  facet normal -0 0 -1
    outer loop
      vertex 35.2944 7.46671 0
      vertex 33.6039 6.43753 0
      vertex 35.119 7.70317 0
    endloop
  endfacet
  facet normal -0 0 -1
    outer loop
      vertex 35.119 7.70317 0
      vertex 33.6039 6.43753 0
      vertex 34.9213 7.92131 0
    endloop
  endfacet
  facet normal 0 0 -1
    outer loop
      vertex 33.5248 6.52478 0
      vertex 34.9213 7.92131 0
      vertex 33.6039 6.43753 0
    endloop
  endfacet
  facet normal -0 0 -1
    outer loop
      vertex 34.9213 7.92131 0
      vertex 33.5248 6.52478 0
      vertex 34.7032 8.11902 0
    endloop
  endfacet
  facet normal 0 0 -1
    outer loop
      vertex 33.4375 6.60386 0
      vertex 34.7032 8.11902 0
      vertex 33.5248 6.52478 0
    endloop
  endfacet
  facet normal -0 0 -1
    outer loop
      vertex 34.7032 8.11902 0
      vertex 33.4375 6.60386 0
      vertex 34.4667 8.2944 0
    endloop
  endfacet
  facet normal 0 0 -1
    outer loop
      vertex 33.3429 6.67401 0
      vertex 34.4667 8.2944 0
      vertex 33.4375 6.60386 0
    endloop
  endfacet
  facet normal -0 0 -1
    outer loop
      vertex 34.4667 8.2944 0
      vertex 33.3429 6.67401 0
      vertex 34.2142 8.44576 0
    endloop
  endfacet
  facet normal 0 0 -1
    outer loop
      vertex 33.2419 6.73456 0
      vertex 34.2142 8.44576 0
      vertex 33.3429 6.67401 0
    endloop
  endfacet
  facet normal -0 0 -1
    outer loop
      vertex 34.2142 8.44576 0
      vertex 33.2419 6.73456 0
      vertex 33.948 8.57162 0
    endloop
  endfacet
  facet normal 0 0 -1
    outer loop
      vertex 33.1355 6.78491 0
      vertex 33.948 8.57162 0
      vertex 33.2419 6.73456 0
    endloop
  endfacet
  facet normal -0 0 -1
    outer loop
      vertex 33.948 8.57162 0
      vertex 33.1355 6.78491 0
      vertex 33.6708 8.67081 0
    endloop
  endfacet
  facet normal 0 0 -1
    outer loop
      vertex 33.0246 6.82458 0
      vertex 33.6708 8.67081 0
      vertex 33.1355 6.78491 0
    endloop
  endfacet
  facet normal -0 0 -1
    outer loop
      vertex 33.6708 8.67081 0
      vertex 33.0246 6.82458 0
      vertex 33.3853 8.74234 0
    endloop
  endfacet
  facet normal 0 0 -1
    outer loop
      vertex 32.9104 6.85319 0
      vertex 33.3853 8.74234 0
      vertex 33.0246 6.82458 0
    endloop
  endfacet
  facet normal -0 0 -1
    outer loop
      vertex 33.3853 8.74234 0
      vertex 32.9104 6.85319 0
      vertex 33.094 8.78554 0
    endloop
  endfacet
  facet normal 0 0 -1
    outer loop
      vertex 32.7939 6.87048 0
      vertex 33.094 8.78554 0
      vertex 32.9104 6.85319 0
    endloop
  endfacet
  facet normal -0 0 -1
    outer loop
      vertex 33.094 8.78554 0
      vertex 32.7939 6.87048 0
      vertex 32.8 8.79999 0
    endloop
  endfacet
  facet normal 0 0 -1
    outer loop
      vertex 32.6763 6.87625 0
      vertex 32.8 8.79999 0
      vertex 32.7939 6.87048 0
    endloop
  endfacet
  facet normal 0 0 -1
    outer loop
      vertex 18.5 6.87625 0
      vertex 32.8 8.79999 0
      vertex 32.6763 6.87625 0
    endloop
  endfacet
  facet normal 0 0 -1
    outer loop
      vertex 17.3 6.87625 0
      vertex 18.5 6.87625 0
      vertex 17.3 -6.87625 0
    endloop
  endfacet
  facet normal 0 0 -1
    outer loop
      vertex 17.3 6.87625 0
      vertex 32.8 8.79999 0
      vertex 18.5 6.87625 0
    endloop
  endfacet
  facet normal 0 0 -1
    outer loop
      vertex 0.599999 6.87625 0
      vertex 32.8 8.79999 0
      vertex 17.3 6.87625 0
    endloop
  endfacet
  facet normal -0 0 -1
    outer loop
      vertex 0.599999 -2 0
      vertex -0.599999 -2.93867 0
      vertex -0.599999 -2 0
    endloop
  endfacet
  facet normal 0 0 -1
    outer loop
      vertex 0.599999 2 0
      vertex -0.599999 2 0
      vertex 0.599999 2.93867 0
    endloop
  endfacet
  facet normal 0 0 -1
    outer loop
      vertex -0.599999 2.93867 0
      vertex 0.599999 2.93867 0
      vertex -0.599999 2 0
    endloop
  endfacet
  facet normal 0 0 -1
    outer loop
      vertex 0.599999 2.93867 0
      vertex -0.599999 2.93867 0
      vertex 0.599999 6.87625 0
    endloop
  endfacet
  facet normal 0 0 -1
    outer loop
      vertex -0.599999 6.87625 0
      vertex 0.599999 6.87625 0
      vertex -0.599999 2.93867 0
    endloop
  endfacet
  facet normal 0 0 -1
    outer loop
      vertex -0.599999 6.87625 0
      vertex 32.8 8.79999 0
      vertex 0.599999 6.87625 0
    endloop
  endfacet
  facet normal 0 0 -1
    outer loop
      vertex -32.8 8.79999 0
      vertex -0.599999 6.87625 0
      vertex -17.3 6.87625 0
    endloop
  endfacet
  facet normal 0 0 -1
    outer loop
      vertex -18.5 6.87625 0
      vertex -17.3 6.87625 0
      vertex -18.5 -6.87625 0
    endloop
  endfacet
  facet normal 0 0 -1
    outer loop
      vertex -32.8 8.79999 0
      vertex -17.3 6.87625 0
      vertex -18.5 6.87625 0
    endloop
  endfacet
  facet normal 0 0 -1
    outer loop
      vertex -32.8 8.79999 0
      vertex -18.5 6.87625 0
      vertex -32.6763 6.87625 0
    endloop
  endfacet
  facet normal 0 0 -1
    outer loop
      vertex -0.599999 6.87625 0
      vertex -32.8 8.79999 0
      vertex 32.8 8.79999 0
    endloop
  endfacet
  facet normal 0 0 -1
    outer loop
      vertex -32.7939 6.87048 0
      vertex -32.8 8.79999 0
      vertex -32.6763 6.87625 0
    endloop
  endfacet
  facet normal 0 0 -1
    outer loop
      vertex -33.094 8.78554 0
      vertex -32.7939 6.87048 0
      vertex -32.9104 6.85319 0
    endloop
  endfacet
  facet normal 0 0 -1
    outer loop
      vertex -33.3853 8.74234 0
      vertex -32.9104 6.85319 0
      vertex -33.0246 6.82458 0
    endloop
  endfacet
  facet normal 0 0 -1
    outer loop
      vertex -32.7939 6.87048 0
      vertex -33.094 8.78554 0
      vertex -32.8 8.79999 0
    endloop
  endfacet
  facet normal 0 0 -1
    outer loop
      vertex -33.6708 8.67081 0
      vertex -33.0246 6.82458 0
      vertex -33.1355 6.78491 0
    endloop
  endfacet
  facet normal 0 0 -1
    outer loop
      vertex -33.948 8.57162 0
      vertex -33.1355 6.78491 0
      vertex -33.2419 6.73456 0
    endloop
  endfacet
  facet normal 0 0 -1
    outer loop
      vertex -34.2142 8.44576 0
      vertex -33.2419 6.73456 0
      vertex -33.3429 6.67401 0
    endloop
  endfacet
  facet normal 0 0 -1
    outer loop
      vertex -32.9104 6.85319 0
      vertex -33.3853 8.74234 0
      vertex -33.094 8.78554 0
    endloop
  endfacet
  facet normal 0 0 -1
    outer loop
      vertex -34.4667 8.2944 0
      vertex -33.3429 6.67401 0
      vertex -33.4375 6.60386 0
    endloop
  endfacet
  facet normal 0 0 -1
    outer loop
      vertex -34.7032 8.11902 0
      vertex -33.4375 6.60386 0
      vertex -33.5248 6.52478 0
    endloop
  endfacet
  facet normal 0 0 -1
    outer loop
      vertex -34.9213 7.92131 0
      vertex -33.5248 6.52478 0
      vertex -33.6039 6.43753 0
    endloop
  endfacet
  facet normal 0 0 -1
    outer loop
      vertex -33.0246 6.82458 0
      vertex -33.6708 8.67081 0
      vertex -33.3853 8.74234 0
    endloop
  endfacet
  facet normal 0 0 -1
    outer loop
      vertex -35.2944 7.46671 0
      vertex -33.6039 6.43753 0
      vertex -33.674 6.34294 0
    endloop
  endfacet
  facet normal 0 0 -1
    outer loop
      vertex -35.4458 7.21417 0
      vertex -33.674 6.34294 0
      vertex -33.7346 6.24193 0
    endloop
  endfacet
  facet normal 0 0 -1
    outer loop
      vertex -35.5716 6.94804 0
      vertex -33.7346 6.24193 0
      vertex -33.7849 6.13547 0
    endloop
  endfacet
  facet normal 0 0 -1
    outer loop
      vertex -35.6708 6.67084 0
      vertex -33.7849 6.13547 0
      vertex -33.8246 6.0246 0
    endloop
  endfacet
  facet normal 0 0 -1
    outer loop
      vertex -35.7423 6.38525 0
      vertex -33.8246 6.0246 0
      vertex -33.8532 5.91037 0
    endloop
  endfacet
  facet normal 0 0 -1
    outer loop
      vertex -35.7855 6.09404 0
      vertex -33.8532 5.91037 0
      vertex -33.8705 5.79387 0
    endloop
  endfacet
  facet normal 0 0 -1
    outer loop
      vertex -33.1355 6.78491 0
      vertex -33.948 8.57162 0
      vertex -33.6708 8.67081 0
    endloop
  endfacet
  facet normal 0 0 -1
    outer loop
      vertex -35.8 5.79999 0
      vertex -33.8705 5.79387 0
      vertex -33.8763 5.67625 0
    endloop
  endfacet
  facet normal -0 0 -1
    outer loop
      vertex -33.8763 -5.67625 0
      vertex -35.8 -5.79999 0
      vertex -33.8763 5.67625 0
    endloop
  endfacet
  facet normal -0 0 -1
    outer loop
      vertex -33.674 -6.34294 0
      vertex -35.4458 -7.21417 0
      vertex -33.7346 -6.24193 0
    endloop
  endfacet
  facet normal 0 0 -1
    outer loop
      vertex -35.8 5.79999 0
      vertex -33.8763 5.67625 0
      vertex -35.8 -5.79999 0
    endloop
  endfacet
  facet normal 0 0 -1
    outer loop
      vertex -35.5716 -6.94804 0
      vertex -33.7346 -6.24193 0
      vertex -35.4458 -7.21417 0
    endloop
  endfacet
  facet normal 0 0 -1
    outer loop
      vertex -33.8705 5.79387 0
      vertex -35.8 5.79999 0
      vertex -35.7855 6.09404 0
    endloop
  endfacet
  facet normal -0 0 -1
    outer loop
      vertex -33.7346 -6.24193 0
      vertex -35.5716 -6.94804 0
      vertex -33.7849 -6.13547 0
    endloop
  endfacet
  facet normal 0 0 -1
    outer loop
      vertex -33.2419 6.73456 0
      vertex -34.2142 8.44576 0
      vertex -33.948 8.57162 0
    endloop
  endfacet
  facet normal 0 0 -1
    outer loop
      vertex -35.6708 -6.67084 0
      vertex -33.7849 -6.13547 0
      vertex -35.5716 -6.94804 0
    endloop
  endfacet
  facet normal 0 0 -1
    outer loop
      vertex -33.3429 6.67401 0
      vertex -34.4667 8.2944 0
      vertex -34.2142 8.44576 0
    endloop
  endfacet
  facet normal -0 0 -1
    outer loop
      vertex -33.7849 -6.13547 0
      vertex -35.6708 -6.67084 0
      vertex -33.8246 -6.0246 0
    endloop
  endfacet
  facet normal 0 0 -1
    outer loop
      vertex -33.4375 6.60386 0
      vertex -34.7032 8.11902 0
      vertex -34.4667 8.2944 0
    endloop
  endfacet
  facet normal 0 0 -1
    outer loop
      vertex -35.7423 -6.38525 0
      vertex -33.8246 -6.0246 0
      vertex -35.6708 -6.67084 0
    endloop
  endfacet
  facet normal 0 0 -1
    outer loop
      vertex -33.5248 6.52478 0
      vertex -34.9213 7.92131 0
      vertex -34.7032 8.11902 0
    endloop
  endfacet
  facet normal -0 0 -1
    outer loop
      vertex -33.8246 -6.0246 0
      vertex -35.7423 -6.38525 0
      vertex -33.8532 -5.91037 0
    endloop
  endfacet
  facet normal 0 0 -1
    outer loop
      vertex -33.6039 6.43753 0
      vertex -35.119 7.70317 0
      vertex -34.9213 7.92131 0
    endloop
  endfacet
  facet normal 0 0 -1
    outer loop
      vertex -35.7855 -6.09404 0
      vertex -33.8532 -5.91037 0
      vertex -35.7423 -6.38525 0
    endloop
  endfacet
  facet normal 0 0 -1
    outer loop
      vertex -33.6039 6.43753 0
      vertex -35.2944 7.46671 0
      vertex -35.119 7.70317 0
    endloop
  endfacet
  facet normal -0 0 -1
    outer loop
      vertex -33.8532 -5.91037 0
      vertex -35.7855 -6.09404 0
      vertex -33.8705 -5.79387 0
    endloop
  endfacet
  facet normal 0 0 -1
    outer loop
      vertex -33.674 6.34294 0
      vertex -35.4458 7.21417 0
      vertex -35.2944 7.46671 0
    endloop
  endfacet
  facet normal 0 0 -1
    outer loop
      vertex -35.8 -5.79999 0
      vertex -33.8705 -5.79387 0
      vertex -35.7855 -6.09404 0
    endloop
  endfacet
  facet normal 0 0 -1
    outer loop
      vertex -33.7346 6.24193 0
      vertex -35.5716 6.94804 0
      vertex -35.4458 7.21417 0
    endloop
  endfacet
  facet normal -0 0 -1
    outer loop
      vertex -33.8705 -5.79387 0
      vertex -35.8 -5.79999 0
      vertex -33.8763 -5.67625 0
    endloop
  endfacet
  facet normal 0 0 -1
    outer loop
      vertex -33.7849 6.13547 0
      vertex -35.6708 6.67084 0
      vertex -35.5716 6.94804 0
    endloop
  endfacet
  facet normal 0 0 -1
    outer loop
      vertex -33.8246 6.0246 0
      vertex -35.7423 6.38525 0
      vertex -35.6708 6.67084 0
    endloop
  endfacet
  facet normal 0 0 -1
    outer loop
      vertex -33.8532 5.91037 0
      vertex -35.7855 6.09404 0
      vertex -35.7423 6.38525 0
    endloop
  endfacet
  facet normal 0 0 -1
    outer loop
      vertex 0.599999 -2.93867 0
      vertex 0.65 -2 0
      vertex 0.870853 -2.87082 0
    endloop
  endfacet
  facet normal -0 0 -1
    outer loop
      vertex 0.65 -2 0
      vertex 0.599999 -2.93867 0
      vertex 0.599999 -2 0
    endloop
  endfacet
  facet normal 0 0 -1
    outer loop
      vertex 2 -0.65 0
      vertex 3 0 0
      vertex 2.98555 -0.294051 0
    endloop
  endfacet
  facet normal 0 0 -1
    outer loop
      vertex 2 -0.65 0
      vertex 2.98555 -0.294051 0
      vertex 2.94236 -0.585271 0
    endloop
  endfacet
  facet normal 0 0 -1
    outer loop
      vertex 2 0.65 0
      vertex 3 0 0
      vertex 2 -0.65 0
    endloop
  endfacet
  facet normal 0 0 -1
    outer loop
      vertex 2 -0.65 0
      vertex 2.94236 -0.585271 0
      vertex 2.87082 -0.870853 0
    endloop
  endfacet
  facet normal 0 0 -1
    outer loop
      vertex 3 0 0
      vertex 2 0.65 0
      vertex 2.98555 0.294051 0
    endloop
  endfacet
  facet normal 0 0 -1
    outer loop
      vertex 2 -0.65 0
      vertex 2.87082 -0.870853 0
      vertex 2.77164 -1.14805 0
    endloop
  endfacet
  facet normal 0 0 -1
    outer loop
      vertex 2.98555 0.294051 0
      vertex 2 0.65 0
      vertex 2.94236 0.585271 0
    endloop
  endfacet
  facet normal 0 0 -1
    outer loop
      vertex 2 -0.65 0
      vertex 2.77164 -1.14805 0
      vertex 2.64576 -1.41419 0
    endloop
  endfacet
  facet normal 0 0 -1
    outer loop
      vertex 2.94236 0.585271 0
      vertex 2 0.65 0
      vertex 2.87082 0.870853 0
    endloop
  endfacet
  facet normal 0 0 -1
    outer loop
      vertex 2 -0.65 0
      vertex 2.64576 -1.41419 0
      vertex 2.49441 -1.66671 0
    endloop
  endfacet
  facet normal -0 0 -1
    outer loop
      vertex 2.87082 0.870853 0
      vertex 2 0.65 0
      vertex 2.77164 1.14805 0
    endloop
  endfacet
  facet normal 0 0 -1
    outer loop
      vertex 2 -0.65 0
      vertex 2.49441 -1.66671 0
      vertex 2.31903 -1.90318 0
    endloop
  endfacet
  facet normal -0 0 -1
    outer loop
      vertex 2.77164 1.14805 0
      vertex 2 0.65 0
      vertex 2.64576 1.41419 0
    endloop
  endfacet
  facet normal 0 0 -1
    outer loop
      vertex 2 -0.65 0
      vertex 2.31903 -1.90318 0
      vertex 2.12132 -2.12132 0
    endloop
  endfacet
  facet normal -0 0 -1
    outer loop
      vertex 2.64576 1.41419 0
      vertex 2 0.65 0
      vertex 2.49441 1.66671 0
    endloop
  endfacet
  facet normal -0 0 -1
    outer loop
      vertex 2.49441 1.66671 0
      vertex 2 0.65 0
      vertex 2.31903 1.90318 0
    endloop
  endfacet
  facet normal 0 0 -1
    outer loop
      vertex 0.65 -2 0
      vertex 2.12132 -2.12132 0
      vertex 1.90318 -2.31903 0
    endloop
  endfacet
  facet normal 0 0 -1
    outer loop
      vertex 0.65 -2 0
      vertex 1.90318 -2.31903 0
      vertex 1.66671 -2.49441 0
    endloop
  endfacet
  facet normal 0 0 -1
    outer loop
      vertex 0.65 -2 0
      vertex 1.66671 -2.49441 0
      vertex 1.41419 -2.64576 0
    endloop
  endfacet
  facet normal 0 0 -1
    outer loop
      vertex 0.65 -2 0
      vertex 1.41419 -2.64576 0
      vertex 1.14805 -2.77164 0
    endloop
  endfacet
  facet normal 0 0 -1
    outer loop
      vertex 0.65 -2 0
      vertex 1.14805 -2.77164 0
      vertex 0.870853 -2.87082 0
    endloop
  endfacet
  facet normal 0 0 -1
    outer loop
      vertex 2.12132 -2.12132 0
      vertex 0.65 -2 0
      vertex 2 -0.65 0
    endloop
  endfacet
  facet normal -0 0 -1
    outer loop
      vertex 2 -0.65 0
      vertex 0.65 -2 0
      vertex 0.65 -0.65 0
    endloop
  endfacet
  facet normal -0 0 -1
    outer loop
      vertex 2.31903 1.90318 0
      vertex 2 0.65 0
      vertex 2.12132 2.12132 0
    endloop
  endfacet
  facet normal 0 0 -1
    outer loop
      vertex 0.65 2 0
      vertex 2.12132 2.12132 0
      vertex 2 0.65 0
    endloop
  endfacet
  facet normal -0 0 -1
    outer loop
      vertex 2.12132 2.12132 0
      vertex 0.65 2 0
      vertex 1.90318 2.31903 0
    endloop
  endfacet
  facet normal -0 0 -1
    outer loop
      vertex 1.90318 2.31903 0
      vertex 0.65 2 0
      vertex 1.66671 2.49441 0
    endloop
  endfacet
  facet normal -0 0 -1
    outer loop
      vertex 1.66671 2.49441 0
      vertex 0.65 2 0
      vertex 1.41419 2.64576 0
    endloop
  endfacet
  facet normal -0 0 -1
    outer loop
      vertex 1.41419 2.64576 0
      vertex 0.65 2 0
      vertex 1.14805 2.77164 0
    endloop
  endfacet
  facet normal 0 0 -1
    outer loop
      vertex 0.65 2 0
      vertex 2 0.65 0
      vertex 0.65 0.65 0
    endloop
  endfacet
  facet normal -0 0 -1
    outer loop
      vertex 1.14805 2.77164 0
      vertex 0.65 2 0
      vertex 0.870853 2.87082 0
    endloop
  endfacet
  facet normal 0 0 -1
    outer loop
      vertex 0.599999 2 0
      vertex 0.870853 2.87082 0
      vertex 0.65 2 0
    endloop
  endfacet
  facet normal -0 0 -1
    outer loop
      vertex 0.870853 2.87082 0
      vertex 0.599999 2 0
      vertex 0.599999 2.93867 0
    endloop
  endfacet
  facet normal -0.989175 -0.146741 0
    outer loop
      vertex -35.7423 -6.38525 0
      vertex -35.7855 -6.09404 0.00999928
      vertex -35.7855 -6.09404 0
    endloop
  endfacet
  facet normal -0.989175 -0.146741 0
    outer loop
      vertex -35.7855 -6.09404 0.00999928
      vertex -35.7423 -6.38525 0
      vertex -35.7423 -6.38525 0.00999928
    endloop
  endfacet
  facet normal -0.961424 -0.241046 0.132517
    outer loop
      vertex -35.7423 -6.38525 0.00999928
      vertex -35.1208 -6.12085 5
      vertex -35.1924 -5.83527 5
    endloop
  endfacet
  facet normal -0.961506 -0.240722 0.13251
    outer loop
      vertex -35.1208 -6.12085 5
      vertex -35.7423 -6.38525 0.00999928
      vertex -35.6708 -6.67084 0.00999928
    endloop
  endfacet
  facet normal -0.981566 -0.14527 0.1242
    outer loop
      vertex -35.7855 -6.09404 0.00999928
      vertex -35.1924 -5.83527 5
      vertex -35.2355 -5.54405 5
    endloop
  endfacet
  facet normal -0.981515 -0.145604 0.124211
    outer loop
      vertex -35.1924 -5.83527 5
      vertex -35.7855 -6.09404 0.00999928
      vertex -35.7423 -6.38525 0.00999928
    endloop
  endfacet
  facet normal -0.857679 0.514186 0
    outer loop
      vertex -35.4458 7.21417 0
      vertex -35.2944 7.46671 0.00999928
      vertex -35.2944 7.46671 0
    endloop
  endfacet
  facet normal -0.857679 0.514186 0
    outer loop
      vertex -35.2944 7.46671 0.00999928
      vertex -35.4458 7.21417 0
      vertex -35.4458 7.21417 0.00999928
    endloop
  endfacet
  facet normal -0.848039 0.508407 0.149507
    outer loop
      vertex -35.4458 7.21417 0.00999928
      vertex -34.7444 6.91672 5
      vertex -35.2944 7.46671 0.00999928
    endloop
  endfacet
  facet normal -0.848039 0.508407 0.149507
    outer loop
      vertex -34.7444 6.91672 5
      vertex -35.4458 7.21417 0.00999928
      vertex -34.8958 6.66418 5
    endloop
  endfacet
  facet normal -0.941527 0.336939 0
    outer loop
      vertex -35.6708 6.67084 0
      vertex -35.5716 6.94804 0.00999928
      vertex -35.5716 6.94804 0
    endloop
  endfacet
  facet normal -0.941527 0.336939 0
    outer loop
      vertex -35.5716 6.94804 0.00999928
      vertex -35.6708 6.67084 0
      vertex -35.6708 6.67084 0.00999928
    endloop
  endfacet
  facet normal 0.961506 0.240722 0.13251
    outer loop
      vertex 35.1208 6.12085 5
      vertex 35.7423 6.38525 0.00999928
      vertex 35.6708 6.67084 0.00999928
    endloop
  endfacet
  facet normal 0.961424 0.241046 0.132517
    outer loop
      vertex 35.7423 6.38525 0.00999928
      vertex 35.1208 6.12085 5
      vertex 35.1924 5.83527 5
    endloop
  endfacet
  facet normal 0.508368 0.848063 0.149503
    outer loop
      vertex 34.2142 8.44576 0.00999928
      vertex 33.9167 7.74442 5
      vertex 34.4667 8.2944 0.00999928
    endloop
  endfacet
  facet normal 0.508343 0.848078 0.149504
    outer loop
      vertex 33.9167 7.74442 5
      vertex 34.2142 8.44576 0.00999928
      vertex 33.6642 7.89577 5
    endloop
  endfacet
  facet normal 0.595655 0.803241 -0
    outer loop
      vertex 34.7032 8.11902 0
      vertex 34.4667 8.2944 0.00999928
      vertex 34.7032 8.11902 0.00999928
    endloop
  endfacet
  facet normal 0.595655 0.803241 0
    outer loop
      vertex 34.4667 8.2944 0.00999928
      vertex 34.7032 8.11902 0
      vertex 34.4667 8.2944 0
    endloop
  endfacet
  facet normal -0.58872 0.793844 0.152384
    outer loop
      vertex -34.4667 8.2944 0.00999928
      vertex -34.1532 7.56903 5
      vertex -33.9167 7.74442 5
    endloop
  endfacet
  facet normal -0.588698 0.79386 0.152385
    outer loop
      vertex -34.1532 7.56903 5
      vertex -34.4667 8.2944 0.00999928
      vertex -34.7032 8.11902 0.00999928
    endloop
  endfacet
  facet normal -0.514146 0.857703 0
    outer loop
      vertex -34.2142 8.44576 0
      vertex -34.4667 8.2944 0.00999928
      vertex -34.2142 8.44576 0.00999928
    endloop
  endfacet
  facet normal -0.514146 0.857703 0
    outer loop
      vertex -34.4667 8.2944 0.00999928
      vertex -34.2142 8.44576 0
      vertex -34.4667 8.2944 0
    endloop
  endfacet
  facet normal -0.732149 0.663546 0.153833
    outer loop
      vertex -35.119 7.70317 0.00999928
      vertex -34.3713 7.37132 5
      vertex -34.9213 7.92131 0.00999928
    endloop
  endfacet
  facet normal -0.732149 0.663546 0.153833
    outer loop
      vertex -34.3713 7.37132 5
      vertex -35.119 7.70317 0.00999928
      vertex -34.569 7.15318 5
    endloop
  endfacet
  facet normal -0.970061 0.242863 0
    outer loop
      vertex -35.7423 6.38525 0
      vertex -35.6708 6.67084 0.00999928
      vertex -35.6708 6.67084 0
    endloop
  endfacet
  facet normal -0.970061 0.242863 0
    outer loop
      vertex -35.6708 6.67084 0.00999928
      vertex -35.7423 6.38525 0
      vertex -35.7423 6.38525 0.00999928
    endloop
  endfacet
  facet normal -0.595655 0.803241 0
    outer loop
      vertex -34.4667 8.2944 0
      vertex -34.7032 8.11902 0.00999928
      vertex -34.4667 8.2944 0.00999928
    endloop
  endfacet
  facet normal -0.595655 0.803241 0
    outer loop
      vertex -34.7032 8.11902 0.00999928
      vertex -34.4667 8.2944 0
      vertex -34.7032 8.11902 0
    endloop
  endfacet
  facet normal -0.80316 0.595764 0
    outer loop
      vertex -35.2944 7.46671 0
      vertex -35.119 7.70317 0.00999928
      vertex -35.119 7.70317 0
    endloop
  endfacet
  facet normal -0.80316 0.595764 0
    outer loop
      vertex -35.119 7.70317 0.00999928
      vertex -35.2944 7.46671 0
      vertex -35.2944 7.46671 0.00999928
    endloop
  endfacet
  facet normal -0.740969 0.671539 0
    outer loop
      vertex -35.119 7.70317 0
      vertex -34.9213 7.92131 0.00999928
      vertex -34.9213 7.92131 0
    endloop
  endfacet
  facet normal -0.740969 0.671539 0
    outer loop
      vertex -34.9213 7.92131 0.00999928
      vertex -35.119 7.70317 0
      vertex -35.119 7.70317 0.00999928
    endloop
  endfacet
  facet normal -0.989175 0.146741 0
    outer loop
      vertex -35.7855 6.09404 0
      vertex -35.7423 6.38525 0.00999928
      vertex -35.7423 6.38525 0
    endloop
  endfacet
  facet normal -0.989175 0.146741 0
    outer loop
      vertex -35.7423 6.38525 0.00999928
      vertex -35.7855 6.09404 0
      vertex -35.7855 6.09404 0.00999928
    endloop
  endfacet
  facet normal -0.990322 0.0488383 -0.12991
    outer loop
      vertex 33.8763 -5.67625 0
      vertex 33.4442 -5.36761 3.41
      vertex 33.45 -5.25 3.41
    endloop
  endfacet
  facet normal -0.990323 0.0488341 -0.129909
    outer loop
      vertex 33.4442 -5.36761 3.41
      vertex 33.8763 -5.67625 0
      vertex 33.8705 -5.79387 0
    endloop
  endfacet
  facet normal -0.0485907 0.99034 -0.129867
    outer loop
      vertex 32.6763 -6.87625 0
      vertex 32.3676 -6.44423 3.41
      vertex 32.7939 -6.87048 0
    endloop
  endfacet
  facet normal -0.0485907 0.99034 -0.129867
    outer loop
      vertex 32.3676 -6.44423 3.41
      vertex 32.6763 -6.87625 0
      vertex 32.25 -6.45 3.41
    endloop
  endfacet
  facet normal 0 0.992278 -0.124035
    outer loop
      vertex -0.599999 -6.87625 0
      vertex -17.3 -6.45125 3.4
      vertex -0.599999 -6.45125 3.4
    endloop
  endfacet
  facet normal 0 0.992278 -0.124035
    outer loop
      vertex -17.3 -6.45125 3.4
      vertex -0.599999 -6.87625 0
      vertex -17.3 -6.87625 0
    endloop
  endfacet
  facet normal 0 0.992278 -0.124035
    outer loop
      vertex 17.3 -6.87625 0
      vertex 0.599999 -6.45125 3.4
      vertex 17.3 -6.45125 3.4
    endloop
  endfacet
  facet normal 0 0.992278 -0.124035
    outer loop
      vertex 0.599999 -6.45125 3.4
      vertex 17.3 -6.87625 0
      vertex 0.599999 -6.87625 0
    endloop
  endfacet
  facet normal 0 0.992278 -0.124035
    outer loop
      vertex 32.25 -6.45 3.41
      vertex 18.5 -6.45125 3.4
      vertex -32.25 -6.45 3.41
    endloop
  endfacet
  facet normal 0 0.992278 -0.124035
    outer loop
      vertex 18.5 -6.87625 0
      vertex 32.25 -6.45 3.41
      vertex 32.6763 -6.87625 0
    endloop
  endfacet
  facet normal 1.99932e-17 0.992278 -0.124035
    outer loop
      vertex 32.25 -6.45 3.41
      vertex 18.5 -6.87625 0
      vertex 18.5 -6.45125 3.4
    endloop
  endfacet
  facet normal 0 0.992278 -0.124035
    outer loop
      vertex 17.3 -6.45125 3.4
      vertex -32.25 -6.45 3.41
      vertex 18.5 -6.45125 3.4
    endloop
  endfacet
  facet normal 0 0.992278 -0.124035
    outer loop
      vertex 0.599999 -6.45125 3.4
      vertex -32.25 -6.45 3.41
      vertex 17.3 -6.45125 3.4
    endloop
  endfacet
  facet normal 0 0.992278 -0.124035
    outer loop
      vertex -0.599999 -6.45125 3.4
      vertex -32.25 -6.45 3.41
      vertex 0.599999 -6.45125 3.4
    endloop
  endfacet
  facet normal 0 0.992278 -0.124035
    outer loop
      vertex -17.3 -6.45125 3.4
      vertex -32.25 -6.45 3.41
      vertex -0.599999 -6.45125 3.4
    endloop
  endfacet
  facet normal 0 0.992278 -0.124035
    outer loop
      vertex -18.5 -6.45125 3.4
      vertex -32.25 -6.45 3.41
      vertex -17.3 -6.45125 3.4
    endloop
  endfacet
  facet normal -1.88518e-17 0.992278 -0.124035
    outer loop
      vertex -18.5 -6.87625 0
      vertex -32.25 -6.45 3.41
      vertex -18.5 -6.45125 3.4
    endloop
  endfacet
  facet normal 0 0.992278 -0.124035
    outer loop
      vertex -32.25 -6.45 3.41
      vertex -18.5 -6.87625 0
      vertex -32.6763 -6.87625 0
    endloop
  endfacet
  facet normal -0.145346 0.979341 -0.140588
    outer loop
      vertex 32.7939 -6.87048 0
      vertex 32.4841 -6.42694 3.41
      vertex 32.9104 -6.85319 0
    endloop
  endfacet
  facet normal -0.145346 0.979341 -0.140588
    outer loop
      vertex 32.4841 -6.42694 3.41
      vertex 32.7939 -6.87048 0
      vertex 32.3676 -6.44423 3.41
    endloop
  endfacet
  facet normal -0.992276 0 -0.124049
    outer loop
      vertex 33.8763 5.67625 0
      vertex 33.45 -5.25 3.41
      vertex 33.45 5.25 3.41
    endloop
  endfacet
  facet normal -0.992276 0 -0.124049
    outer loop
      vertex 33.45 -5.25 3.41
      vertex 33.8763 5.67625 0
      vertex 33.8763 -5.67625 0
    endloop
  endfacet
  facet normal 0 -0.992278 -0.124035
    outer loop
      vertex 0.599999 6.87625 0
      vertex 17.3 6.45125 3.4
      vertex 0.599999 6.45125 3.4
    endloop
  endfacet
  facet normal 0 -0.992278 -0.124035
    outer loop
      vertex 17.3 6.45125 3.4
      vertex 0.599999 6.87625 0
      vertex 17.3 6.87625 0
    endloop
  endfacet
  facet normal 0 -0.992278 -0.124035
    outer loop
      vertex -17.3 6.87625 0
      vertex -0.599999 6.45125 3.4
      vertex -17.3 6.45125 3.4
    endloop
  endfacet
  facet normal 0 -0.992278 -0.124035
    outer loop
      vertex -0.599999 6.45125 3.4
      vertex -17.3 6.87625 0
      vertex -0.599999 6.87625 0
    endloop
  endfacet
  facet normal 0 -0.992278 -0.124035
    outer loop
      vertex -32.25 6.45 3.41
      vertex -18.5 6.45125 3.4
      vertex 32.25 6.45 3.41
    endloop
  endfacet
  facet normal -0 -0.992278 -0.124035
    outer loop
      vertex -18.5 6.87625 0
      vertex -32.25 6.45 3.41
      vertex -32.6763 6.87625 0
    endloop
  endfacet
  facet normal -1.99932e-17 -0.992278 -0.124035
    outer loop
      vertex -32.25 6.45 3.41
      vertex -18.5 6.87625 0
      vertex -18.5 6.45125 3.4
    endloop
  endfacet
  facet normal -0 -0.992278 -0.124035
    outer loop
      vertex -17.3 6.45125 3.4
      vertex 32.25 6.45 3.41
      vertex -18.5 6.45125 3.4
    endloop
  endfacet
  facet normal -0 -0.992278 -0.124035
    outer loop
      vertex -0.599999 6.45125 3.4
      vertex 32.25 6.45 3.41
      vertex -17.3 6.45125 3.4
    endloop
  endfacet
  facet normal -0 -0.992278 -0.124035
    outer loop
      vertex 0.599999 6.45125 3.4
      vertex 32.25 6.45 3.41
      vertex -0.599999 6.45125 3.4
    endloop
  endfacet
  facet normal -0 -0.992278 -0.124035
    outer loop
      vertex 17.3 6.45125 3.4
      vertex 32.25 6.45 3.41
      vertex 0.599999 6.45125 3.4
    endloop
  endfacet
  facet normal -0 -0.992278 -0.124035
    outer loop
      vertex 18.5 6.45125 3.4
      vertex 32.25 6.45 3.41
      vertex 17.3 6.45125 3.4
    endloop
  endfacet
  facet normal 1.88518e-17 -0.992278 -0.124035
    outer loop
      vertex 18.5 6.87625 0
      vertex 32.25 6.45 3.41
      vertex 18.5 6.45125 3.4
    endloop
  endfacet
  facet normal 0 -0.992278 -0.124035
    outer loop
      vertex 32.25 6.45 3.41
      vertex 18.5 6.87625 0
      vertex 32.6763 6.87625 0
    endloop
  endfacet
  facet normal -0.0485907 -0.99034 -0.129867
    outer loop
      vertex 32.6763 6.87625 0
      vertex 32.3676 6.44423 3.41
      vertex 32.25 6.45 3.41
    endloop
  endfacet
  facet normal -0.0485907 -0.99034 -0.129867
    outer loop
      vertex 32.3676 6.44423 3.41
      vertex 32.6763 6.87625 0
      vertex 32.7939 6.87048 0
    endloop
  endfacet
  facet normal -0.145346 -0.979341 -0.140588
    outer loop
      vertex 32.7939 6.87048 0
      vertex 32.4841 6.42694 3.41
      vertex 32.3676 6.44423 3.41
    endloop
  endfacet
  facet normal -0.145346 -0.979341 -0.140588
    outer loop
      vertex 32.4841 6.42694 3.41
      vertex 32.7939 6.87048 0
      vertex 32.9104 6.85319 0
    endloop
  endfacet
  facet normal 0 0 -1
    outer loop
      vertex 32.25 -6.45 3.41
      vertex 33.45 -5.25 3.41
      vertex 33.4442 -5.36761 3.41
    endloop
  endfacet
  facet normal -0 0 -1
    outer loop
      vertex 33.45 -5.25 3.41
      vertex 32.25 -6.45 3.41
      vertex 33.45 5.25 3.41
    endloop
  endfacet
  facet normal 0 0 -1
    outer loop
      vertex 32.25 -6.45 3.41
      vertex 33.4442 -5.36761 3.41
      vertex 33.4269 -5.48412 3.41
    endloop
  endfacet
  facet normal 0 0 -1
    outer loop
      vertex 32.25 6.45 3.41
      vertex 33.45 5.25 3.41
      vertex 32.25 -6.45 3.41
    endloop
  endfacet
  facet normal 0 0 -1
    outer loop
      vertex 32.25 -6.45 3.41
      vertex 33.4269 -5.48412 3.41
      vertex 33.3983 -5.59834 3.41
    endloop
  endfacet
  facet normal 0 0 -1
    outer loop
      vertex 33.45 5.25 3.41
      vertex 32.25 6.45 3.41
      vertex 33.4442 5.36761 3.41
    endloop
  endfacet
  facet normal 0 0 -1
    outer loop
      vertex 32.25 -6.45 3.41
      vertex 33.3983 -5.59834 3.41
      vertex 33.3587 -5.70921 3.41
    endloop
  endfacet
  facet normal 0 0 -1
    outer loop
      vertex 33.4442 5.36761 3.41
      vertex 32.25 6.45 3.41
      vertex 33.4269 5.48412 3.41
    endloop
  endfacet
  facet normal 0 0 -1
    outer loop
      vertex 32.25 -6.45 3.41
      vertex 33.3587 -5.70921 3.41
      vertex 33.3083 -5.81567 3.41
    endloop
  endfacet
  facet normal 0 0 -1
    outer loop
      vertex 33.4269 5.48412 3.41
      vertex 32.25 6.45 3.41
      vertex 33.3983 5.59834 3.41
    endloop
  endfacet
  facet normal 0 0 -1
    outer loop
      vertex 32.25 -6.45 3.41
      vertex 33.3083 -5.81567 3.41
      vertex 33.2478 -5.91669 3.41
    endloop
  endfacet
  facet normal 0 0 -1
    outer loop
      vertex 33.3983 5.59834 3.41
      vertex 32.25 6.45 3.41
      vertex 33.3587 5.70921 3.41
    endloop
  endfacet
  facet normal 0 0 -1
    outer loop
      vertex 32.25 -6.45 3.41
      vertex 33.2478 -5.91669 3.41
      vertex 33.1776 -6.01128 3.41
    endloop
  endfacet
  facet normal 0 0 -1
    outer loop
      vertex 33.3587 5.70921 3.41
      vertex 32.25 6.45 3.41
      vertex 33.3083 5.81567 3.41
    endloop
  endfacet
  facet normal 0 0 -1
    outer loop
      vertex 32.25 -6.45 3.41
      vertex 33.1776 -6.01128 3.41
      vertex 33.0985 -6.09853 3.41
    endloop
  endfacet
  facet normal 0 0 -1
    outer loop
      vertex 33.3083 5.81567 3.41
      vertex 32.25 6.45 3.41
      vertex 33.2478 5.91669 3.41
    endloop
  endfacet
  facet normal 0 0 -1
    outer loop
      vertex 32.25 -6.45 3.41
      vertex 33.0985 -6.09853 3.41
      vertex 33.0113 -6.17761 3.41
    endloop
  endfacet
  facet normal 0 0 -1
    outer loop
      vertex 33.2478 5.91669 3.41
      vertex 32.25 6.45 3.41
      vertex 33.1776 6.01128 3.41
    endloop
  endfacet
  facet normal 0 0 -1
    outer loop
      vertex 32.25 -6.45 3.41
      vertex 33.0113 -6.17761 3.41
      vertex 32.9167 -6.24776 3.41
    endloop
  endfacet
  facet normal 0 0 -1
    outer loop
      vertex 33.1776 6.01128 3.41
      vertex 32.25 6.45 3.41
      vertex 33.0985 6.09853 3.41
    endloop
  endfacet
  facet normal 0 0 -1
    outer loop
      vertex 32.25 -6.45 3.41
      vertex 32.9167 -6.24776 3.41
      vertex 32.8157 -6.3083 3.41
    endloop
  endfacet
  facet normal 0 0 -1
    outer loop
      vertex 33.0985 6.09853 3.41
      vertex 32.25 6.45 3.41
      vertex 33.0113 6.17761 3.41
    endloop
  endfacet
  facet normal 0 0 -1
    outer loop
      vertex 32.25 -6.45 3.41
      vertex 32.8157 -6.3083 3.41
      vertex 32.7092 -6.35866 3.41
    endloop
  endfacet
  facet normal 0 0 -1
    outer loop
      vertex 33.0113 6.17761 3.41
      vertex 32.25 6.45 3.41
      vertex 32.9167 6.24776 3.41
    endloop
  endfacet
  facet normal 0 0 -1
    outer loop
      vertex 32.25 -6.45 3.41
      vertex 32.7092 -6.35866 3.41
      vertex 32.5983 -6.39833 3.41
    endloop
  endfacet
  facet normal 0 0 -1
    outer loop
      vertex 32.9167 6.24776 3.41
      vertex 32.25 6.45 3.41
      vertex 32.8157 6.3083 3.41
    endloop
  endfacet
  facet normal 0 0 -1
    outer loop
      vertex 32.25 -6.45 3.41
      vertex 32.5983 -6.39833 3.41
      vertex 32.4841 -6.42694 3.41
    endloop
  endfacet
  facet normal 0 0 -1
    outer loop
      vertex 32.8157 6.3083 3.41
      vertex 32.25 6.45 3.41
      vertex 32.7092 6.35866 3.41
    endloop
  endfacet
  facet normal 0 0 -1
    outer loop
      vertex 32.25 -6.45 3.41
      vertex 32.4841 -6.42694 3.41
      vertex 32.3676 -6.44423 3.41
    endloop
  endfacet
  facet normal 0 0 -1
    outer loop
      vertex 32.7092 6.35866 3.41
      vertex 32.25 6.45 3.41
      vertex 32.5983 6.39833 3.41
    endloop
  endfacet
  facet normal 0 0 -1
    outer loop
      vertex 32.5983 6.39833 3.41
      vertex 32.25 6.45 3.41
      vertex 32.4841 6.42694 3.41
    endloop
  endfacet
  facet normal 0 0 -1
    outer loop
      vertex 32.4841 6.42694 3.41
      vertex 32.25 6.45 3.41
      vertex 32.3676 6.44423 3.41
    endloop
  endfacet
  facet normal 0 0 -1
    outer loop
      vertex -32.25 -6.45 3.41
      vertex 32.25 6.45 3.41
      vertex 32.25 -6.45 3.41
    endloop
  endfacet
  facet normal 0 0 -1
    outer loop
      vertex -32.25 -6.45 3.41
      vertex -32.25 6.45 3.41
      vertex 32.25 6.45 3.41
    endloop
  endfacet
  facet normal 0 0 -1
    outer loop
      vertex -33.45 -5.25 3.41
      vertex -32.25 -6.45 3.41
      vertex -32.3676 -6.44423 3.41
    endloop
  endfacet
  facet normal 0 0 -1
    outer loop
      vertex -32.25 -6.45 3.41
      vertex -33.45 -5.25 3.41
      vertex -32.25 6.45 3.41
    endloop
  endfacet
  facet normal 0 0 -1
    outer loop
      vertex -33.45 -5.25 3.41
      vertex -32.3676 -6.44423 3.41
      vertex -32.4841 -6.42694 3.41
    endloop
  endfacet
  facet normal 0 0 -1
    outer loop
      vertex -33.45 5.25 3.41
      vertex -32.25 6.45 3.41
      vertex -33.45 -5.25 3.41
    endloop
  endfacet
  facet normal 0 0 -1
    outer loop
      vertex -33.45 -5.25 3.41
      vertex -32.4841 -6.42694 3.41
      vertex -32.5983 -6.39833 3.41
    endloop
  endfacet
  facet normal 0 0 -1
    outer loop
      vertex -32.25 6.45 3.41
      vertex -33.45 5.25 3.41
      vertex -32.3676 6.44423 3.41
    endloop
  endfacet
  facet normal 0 0 -1
    outer loop
      vertex -33.45 -5.25 3.41
      vertex -32.5983 -6.39833 3.41
      vertex -32.7092 -6.35866 3.41
    endloop
  endfacet
  facet normal 0 0 -1
    outer loop
      vertex -32.3676 6.44423 3.41
      vertex -33.45 5.25 3.41
      vertex -32.4841 6.42694 3.41
    endloop
  endfacet
  facet normal 0 0 -1
    outer loop
      vertex -33.45 -5.25 3.41
      vertex -32.7092 -6.35866 3.41
      vertex -32.8157 -6.3083 3.41
    endloop
  endfacet
  facet normal 0 0 -1
    outer loop
      vertex -32.4841 6.42694 3.41
      vertex -33.45 5.25 3.41
      vertex -32.5983 6.39833 3.41
    endloop
  endfacet
  facet normal 0 0 -1
    outer loop
      vertex -33.45 -5.25 3.41
      vertex -32.8157 -6.3083 3.41
      vertex -32.9167 -6.24776 3.41
    endloop
  endfacet
  facet normal 0 0 -1
    outer loop
      vertex -32.5983 6.39833 3.41
      vertex -33.45 5.25 3.41
      vertex -32.7092 6.35866 3.41
    endloop
  endfacet
  facet normal 0 0 -1
    outer loop
      vertex -33.45 -5.25 3.41
      vertex -32.9167 -6.24776 3.41
      vertex -33.0113 -6.17761 3.41
    endloop
  endfacet
  facet normal 0 0 -1
    outer loop
      vertex -32.7092 6.35866 3.41
      vertex -33.45 5.25 3.41
      vertex -32.8157 6.3083 3.41
    endloop
  endfacet
  facet normal 0 0 -1
    outer loop
      vertex -33.45 -5.25 3.41
      vertex -33.0113 -6.17761 3.41
      vertex -33.0985 -6.09853 3.41
    endloop
  endfacet
  facet normal 0 0 -1
    outer loop
      vertex -32.8157 6.3083 3.41
      vertex -33.45 5.25 3.41
      vertex -32.9167 6.24776 3.41
    endloop
  endfacet
  facet normal 0 0 -1
    outer loop
      vertex -33.45 -5.25 3.41
      vertex -33.0985 -6.09853 3.41
      vertex -33.1776 -6.01128 3.41
    endloop
  endfacet
  facet normal 0 0 -1
    outer loop
      vertex -32.9167 6.24776 3.41
      vertex -33.45 5.25 3.41
      vertex -33.0113 6.17761 3.41
    endloop
  endfacet
  facet normal 0 0 -1
    outer loop
      vertex -33.45 -5.25 3.41
      vertex -33.1776 -6.01128 3.41
      vertex -33.2478 -5.91669 3.41
    endloop
  endfacet
  facet normal 0 0 -1
    outer loop
      vertex -33.0113 6.17761 3.41
      vertex -33.45 5.25 3.41
      vertex -33.0985 6.09853 3.41
    endloop
  endfacet
  facet normal 0 0 -1
    outer loop
      vertex -33.45 -5.25 3.41
      vertex -33.2478 -5.91669 3.41
      vertex -33.3083 -5.81567 3.41
    endloop
  endfacet
  facet normal 0 0 -1
    outer loop
      vertex -33.0985 6.09853 3.41
      vertex -33.45 5.25 3.41
      vertex -33.1776 6.01128 3.41
    endloop
  endfacet
  facet normal 0 0 -1
    outer loop
      vertex -33.45 -5.25 3.41
      vertex -33.3083 -5.81567 3.41
      vertex -33.3587 -5.70921 3.41
    endloop
  endfacet
  facet normal 0 0 -1
    outer loop
      vertex -33.1776 6.01128 3.41
      vertex -33.45 5.25 3.41
      vertex -33.2478 5.91669 3.41
    endloop
  endfacet
  facet normal 0 0 -1
    outer loop
      vertex -33.45 -5.25 3.41
      vertex -33.3587 -5.70921 3.41
      vertex -33.3983 -5.59834 3.41
    endloop
  endfacet
  facet normal 0 0 -1
    outer loop
      vertex -33.2478 5.91669 3.41
      vertex -33.45 5.25 3.41
      vertex -33.3083 5.81567 3.41
    endloop
  endfacet
  facet normal 0 0 -1
    outer loop
      vertex -33.45 -5.25 3.41
      vertex -33.3983 -5.59834 3.41
      vertex -33.4269 -5.48412 3.41
    endloop
  endfacet
  facet normal 0 0 -1
    outer loop
      vertex -33.3083 5.81567 3.41
      vertex -33.45 5.25 3.41
      vertex -33.3587 5.70921 3.41
    endloop
  endfacet
  facet normal 0 0 -1
    outer loop
      vertex -33.45 -5.25 3.41
      vertex -33.4269 -5.48412 3.41
      vertex -33.4442 -5.36761 3.41
    endloop
  endfacet
  facet normal 0 0 -1
    outer loop
      vertex -33.3587 5.70921 3.41
      vertex -33.45 5.25 3.41
      vertex -33.3983 5.59834 3.41
    endloop
  endfacet
  facet normal 0 0 -1
    outer loop
      vertex -33.3983 5.59834 3.41
      vertex -33.45 5.25 3.41
      vertex -33.4269 5.48412 3.41
    endloop
  endfacet
  facet normal 0 0 -1
    outer loop
      vertex -33.4269 5.48412 3.41
      vertex -33.45 5.25 3.41
      vertex -33.4442 5.36761 3.41
    endloop
  endfacet
  facet normal 0.0485907 0.99034 -0.129867
    outer loop
      vertex -32.6763 -6.87625 0
      vertex -32.3676 -6.44423 3.41
      vertex -32.25 -6.45 3.41
    endloop
  endfacet
  facet normal 0.0485907 0.99034 -0.129867
    outer loop
      vertex -32.3676 -6.44423 3.41
      vertex -32.6763 -6.87625 0
      vertex -32.7939 -6.87048 0
    endloop
  endfacet
  facet normal 0.145346 -0.979341 -0.140588
    outer loop
      vertex -32.7939 6.87048 0
      vertex -32.4841 6.42694 3.41
      vertex -32.9104 6.85319 0
    endloop
  endfacet
  facet normal 0.145346 -0.979341 -0.140588
    outer loop
      vertex -32.4841 6.42694 3.41
      vertex -32.7939 6.87048 0
      vertex -32.3676 6.44423 3.41
    endloop
  endfacet
  facet normal -0.929937 0.33215 -0.157776
    outer loop
      vertex 33.8246 -6.0246 0
      vertex 33.3587 -5.70921 3.41
      vertex 33.3983 -5.59834 3.41
    endloop
  endfacet
  facet normal -0.929666 0.332892 -0.157807
    outer loop
      vertex 33.3587 -5.70921 3.41
      vertex 33.8246 -6.0246 0
      vertex 33.7849 -6.13547 0
    endloop
  endfacet
  facet normal 0.992276 0 -0.124049
    outer loop
      vertex -33.45 -5.25 3.41
      vertex -33.8763 5.67625 0
      vertex -33.45 5.25 3.41
    endloop
  endfacet
  facet normal 0.992276 0 -0.124049
    outer loop
      vertex -33.8763 5.67625 0
      vertex -33.45 -5.25 3.41
      vertex -33.8763 -5.67625 0
    endloop
  endfacet
  facet normal 0.729575 -0.661426 -0.173886
    outer loop
      vertex -33.0985 6.09853 3.41
      vertex -33.6039 6.43753 0
      vertex -33.5248 6.52478 0
    endloop
  endfacet
  facet normal 0.729575 -0.661426 -0.173886
    outer loop
      vertex -33.6039 6.43753 0
      vertex -33.0985 6.09853 3.41
      vertex -33.1776 6.01128 3.41
    endloop
  endfacet
  facet normal 0.891891 -0.421399 -0.164176
    outer loop
      vertex -33.3083 5.81567 3.41
      vertex -33.7849 6.13547 0
      vertex -33.7346 6.24193 0
    endloop
  endfacet
  facet normal 0.891564 -0.422082 -0.164194
    outer loop
      vertex -33.7849 6.13547 0
      vertex -33.3083 5.81567 3.41
      vertex -33.3587 5.70921 3.41
    endloop
  endfacet
  facet normal 0.421934 -0.891635 -0.164193
    outer loop
      vertex -33.1355 6.78491 0
      vertex -32.8157 6.3083 3.41
      vertex -33.2419 6.73456 0
    endloop
  endfacet
  facet normal 0.421679 -0.891756 -0.164186
    outer loop
      vertex -32.8157 6.3083 3.41
      vertex -33.1355 6.78491 0
      vertex -32.7092 6.35866 3.41
    endloop
  endfacet
  facet normal 0.990322 0.0488383 -0.12991
    outer loop
      vertex -33.4442 -5.36761 3.41
      vertex -33.8763 -5.67625 0
      vertex -33.45 -5.25 3.41
    endloop
  endfacet
  facet normal 0.990323 0.0488341 -0.129909
    outer loop
      vertex -33.8763 -5.67625 0
      vertex -33.4442 -5.36761 3.41
      vertex -33.8705 -5.79387 0
    endloop
  endfacet
  facet normal 0.845178 -0.507057 -0.169017
    outer loop
      vertex -33.2478 5.91669 3.41
      vertex -33.7346 6.24193 0
      vertex -33.674 6.34294 0
    endloop
  endfacet
  facet normal 0.845571 -0.506405 -0.169011
    outer loop
      vertex -33.7346 6.24193 0
      vertex -33.2478 5.91669 3.41
      vertex -33.3083 5.81567 3.41
    endloop
  endfacet
  facet normal 0.990323 -0.0488341 -0.129909
    outer loop
      vertex -33.4442 5.36761 3.41
      vertex -33.8763 5.67625 0
      vertex -33.8705 5.79387 0
    endloop
  endfacet
  facet normal 0.990322 -0.0488383 -0.12991
    outer loop
      vertex -33.8763 5.67625 0
      vertex -33.4442 5.36761 3.41
      vertex -33.45 5.25 3.41
    endloop
  endfacet
  facet normal 0.929666 -0.332892 -0.157807
    outer loop
      vertex -33.3587 5.70921 3.41
      vertex -33.8246 6.0246 0
      vertex -33.7849 6.13547 0
    endloop
  endfacet
  facet normal 0.929937 -0.33215 -0.157776
    outer loop
      vertex -33.8246 6.0246 0
      vertex -33.3587 5.70921 3.41
      vertex -33.3983 5.59834 3.41
    endloop
  endfacet
  facet normal 0.240269 -0.959059 -0.14992
    outer loop
      vertex -32.9104 6.85319 0
      vertex -32.5983 6.39833 3.41
      vertex -33.0246 6.82458 0
    endloop
  endfacet
  facet normal 0.240269 -0.959059 -0.14992
    outer loop
      vertex -32.5983 6.39833 3.41
      vertex -32.9104 6.85319 0
      vertex -32.4841 6.42694 3.41
    endloop
  endfacet
  facet normal -0.791413 -0.586511 -0.172252
    outer loop
      vertex 33.674 6.34294 0
      vertex 33.1776 6.01128 3.41
      vertex 33.6039 6.43753 0
    endloop
  endfacet
  facet normal -0.791014 -0.587051 -0.172246
    outer loop
      vertex 33.1776 6.01128 3.41
      vertex 33.674 6.34294 0
      vertex 33.2478 5.91669 3.41
    endloop
  endfacet
  facet normal -0.506787 0.845342 -0.169009
    outer loop
      vertex 33.2419 -6.73456 0
      vertex 32.9167 -6.24776 3.41
      vertex 33.3429 -6.67401 0
    endloop
  endfacet
  facet normal -0.506725 0.845379 -0.169008
    outer loop
      vertex 32.9167 -6.24776 3.41
      vertex 33.2419 -6.73456 0
      vertex 32.8157 -6.3083 3.41
    endloop
  endfacet
  facet normal -0.729575 0.661426 -0.173886
    outer loop
      vertex 33.6039 -6.43753 0
      vertex 33.0985 -6.09853 3.41
      vertex 33.1776 -6.01128 3.41
    endloop
  endfacet
  facet normal -0.729575 0.661426 -0.173886
    outer loop
      vertex 33.0985 -6.09853 3.41
      vertex 33.6039 -6.43753 0
      vertex 33.5248 -6.52478 0
    endloop
  endfacet
  facet normal -0.240269 0.959059 -0.14992
    outer loop
      vertex 32.9104 -6.85319 0
      vertex 32.5983 -6.39833 3.41
      vertex 33.0246 -6.82458 0
    endloop
  endfacet
  facet normal -0.240269 0.959059 -0.14992
    outer loop
      vertex 32.5983 -6.39833 3.41
      vertex 32.9104 -6.85319 0
      vertex 32.4841 -6.42694 3.41
    endloop
  endfacet
  facet normal -0.990323 -0.0488341 -0.129909
    outer loop
      vertex 33.8763 5.67625 0
      vertex 33.4442 5.36761 3.41
      vertex 33.8705 5.79387 0
    endloop
  endfacet
  facet normal -0.990322 -0.0488383 -0.12991
    outer loop
      vertex 33.4442 5.36761 3.41
      vertex 33.8763 5.67625 0
      vertex 33.45 5.25 3.41
    endloop
  endfacet
  facet normal -0.421679 -0.891756 -0.164186
    outer loop
      vertex 33.1355 6.78491 0
      vertex 32.8157 6.3083 3.41
      vertex 32.7092 6.35866 3.41
    endloop
  endfacet
  facet normal -0.421934 -0.891635 -0.164193
    outer loop
      vertex 32.8157 6.3083 3.41
      vertex 33.1355 6.78491 0
      vertex 33.2419 6.73456 0
    endloop
  endfacet
  facet normal 0.145346 0.979341 -0.140588
    outer loop
      vertex -32.7939 -6.87048 0
      vertex -32.4841 -6.42694 3.41
      vertex -32.3676 -6.44423 3.41
    endloop
  endfacet
  facet normal 0.145346 0.979341 -0.140588
    outer loop
      vertex -32.4841 -6.42694 3.41
      vertex -32.7939 -6.87048 0
      vertex -32.9104 -6.85319 0
    endloop
  endfacet
  facet normal 0.959089 0.24015 -0.149919
    outer loop
      vertex -33.3983 -5.59834 3.41
      vertex -33.8532 -5.91037 0
      vertex -33.4269 -5.48412 3.41
    endloop
  endfacet
  facet normal 0.959094 0.24013 -0.149918
    outer loop
      vertex -33.8532 -5.91037 0
      vertex -33.3983 -5.59834 3.41
      vertex -33.8246 -6.0246 0
    endloop
  endfacet
  facet normal 0.959094 -0.24013 -0.149918
    outer loop
      vertex -33.3983 5.59834 3.41
      vertex -33.8532 5.91037 0
      vertex -33.8246 6.0246 0
    endloop
  endfacet
  facet normal 0.959089 -0.24015 -0.149919
    outer loop
      vertex -33.8532 5.91037 0
      vertex -33.3983 5.59834 3.41
      vertex -33.4269 5.48412 3.41
    endloop
  endfacet
  facet normal 0.979326 -0.145428 -0.140609
    outer loop
      vertex -33.4269 5.48412 3.41
      vertex -33.8705 5.79387 0
      vertex -33.8532 5.91037 0
    endloop
  endfacet
  facet normal 0.979328 -0.145416 -0.140608
    outer loop
      vertex -33.8705 5.79387 0
      vertex -33.4269 5.48412 3.41
      vertex -33.4442 5.36761 3.41
    endloop
  endfacet
  facet normal 0.791413 -0.586511 -0.172252
    outer loop
      vertex -33.1776 6.01128 3.41
      vertex -33.674 6.34294 0
      vertex -33.6039 6.43753 0
    endloop
  endfacet
  facet normal 0.791014 -0.587051 -0.172246
    outer loop
      vertex -33.674 6.34294 0
      vertex -33.1776 6.01128 3.41
      vertex -33.2478 5.91669 3.41
    endloop
  endfacet
  facet normal 0.586742 -0.791244 -0.17224
    outer loop
      vertex -33.3429 6.67401 0
      vertex -33.0113 6.17761 3.41
      vertex -33.4375 6.60386 0
    endloop
  endfacet
  facet normal 0.586742 -0.791244 -0.17224
    outer loop
      vertex -33.0113 6.17761 3.41
      vertex -33.3429 6.67401 0
      vertex -32.9167 6.24776 3.41
    endloop
  endfacet
  facet normal 0.506787 -0.845342 -0.169009
    outer loop
      vertex -33.2419 6.73456 0
      vertex -32.9167 6.24776 3.41
      vertex -33.3429 6.67401 0
    endloop
  endfacet
  facet normal 0.506725 -0.845379 -0.169008
    outer loop
      vertex -32.9167 6.24776 3.41
      vertex -33.2419 6.73456 0
      vertex -32.8157 6.3083 3.41
    endloop
  endfacet
  facet normal 0.661126 -0.729847 -0.173881
    outer loop
      vertex -33.4375 6.60386 0
      vertex -33.0985 6.09853 3.41
      vertex -33.5248 6.52478 0
    endloop
  endfacet
  facet normal 0.661544 -0.729472 -0.173867
    outer loop
      vertex -33.0985 6.09853 3.41
      vertex -33.4375 6.60386 0
      vertex -33.0113 6.17761 3.41
    endloop
  endfacet
  facet normal 0.33259 -0.929776 -0.157801
    outer loop
      vertex -33.0246 6.82458 0
      vertex -32.7092 6.35866 3.41
      vertex -33.1355 6.78491 0
    endloop
  endfacet
  facet normal 0.33259 -0.929776 -0.157801
    outer loop
      vertex -32.7092 6.35866 3.41
      vertex -33.0246 6.82458 0
      vertex -32.5983 6.39833 3.41
    endloop
  endfacet
  facet normal -0.506725 -0.845379 -0.169008
    outer loop
      vertex 33.2419 6.73456 0
      vertex 32.9167 6.24776 3.41
      vertex 32.8157 6.3083 3.41
    endloop
  endfacet
  facet normal -0.506787 -0.845342 -0.169009
    outer loop
      vertex 32.9167 6.24776 3.41
      vertex 33.2419 6.73456 0
      vertex 33.3429 6.67401 0
    endloop
  endfacet
  facet normal -0.661544 -0.729472 -0.173867
    outer loop
      vertex 33.4375 6.60386 0
      vertex 33.0985 6.09853 3.41
      vertex 33.0113 6.17761 3.41
    endloop
  endfacet
  facet normal -0.661126 -0.729847 -0.173881
    outer loop
      vertex 33.0985 6.09853 3.41
      vertex 33.4375 6.60386 0
      vertex 33.5248 6.52478 0
    endloop
  endfacet
  facet normal -0.661126 0.729847 -0.173881
    outer loop
      vertex 33.4375 -6.60386 0
      vertex 33.0985 -6.09853 3.41
      vertex 33.5248 -6.52478 0
    endloop
  endfacet
  facet normal -0.661544 0.729472 -0.173867
    outer loop
      vertex 33.0985 -6.09853 3.41
      vertex 33.4375 -6.60386 0
      vertex 33.0113 -6.17761 3.41
    endloop
  endfacet
  facet normal -0.33259 0.929776 -0.157801
    outer loop
      vertex 33.0246 -6.82458 0
      vertex 32.7092 -6.35866 3.41
      vertex 33.1355 -6.78491 0
    endloop
  endfacet
  facet normal -0.33259 0.929776 -0.157801
    outer loop
      vertex 32.7092 -6.35866 3.41
      vertex 33.0246 -6.82458 0
      vertex 32.5983 -6.39833 3.41
    endloop
  endfacet
  facet normal -0.421934 0.891635 -0.164193
    outer loop
      vertex 33.1355 -6.78491 0
      vertex 32.8157 -6.3083 3.41
      vertex 33.2419 -6.73456 0
    endloop
  endfacet
  facet normal -0.421679 0.891756 -0.164186
    outer loop
      vertex 32.8157 -6.3083 3.41
      vertex 33.1355 -6.78491 0
      vertex 32.7092 -6.35866 3.41
    endloop
  endfacet
  facet normal -0.586742 0.791244 -0.17224
    outer loop
      vertex 33.3429 -6.67401 0
      vertex 33.0113 -6.17761 3.41
      vertex 33.4375 -6.60386 0
    endloop
  endfacet
  facet normal -0.586742 0.791244 -0.17224
    outer loop
      vertex 33.0113 -6.17761 3.41
      vertex 33.3429 -6.67401 0
      vertex 32.9167 -6.24776 3.41
    endloop
  endfacet
  facet normal -0.891564 0.422082 -0.164194
    outer loop
      vertex 33.7849 -6.13547 0
      vertex 33.3083 -5.81567 3.41
      vertex 33.3587 -5.70921 3.41
    endloop
  endfacet
  facet normal -0.891891 0.421399 -0.164176
    outer loop
      vertex 33.3083 -5.81567 3.41
      vertex 33.7849 -6.13547 0
      vertex 33.7346 -6.24193 0
    endloop
  endfacet
  facet normal -0.791014 0.587051 -0.172246
    outer loop
      vertex 33.674 -6.34294 0
      vertex 33.1776 -6.01128 3.41
      vertex 33.2478 -5.91669 3.41
    endloop
  endfacet
  facet normal -0.791413 0.586511 -0.172252
    outer loop
      vertex 33.1776 -6.01128 3.41
      vertex 33.674 -6.34294 0
      vertex 33.6039 -6.43753 0
    endloop
  endfacet
  facet normal -0.959089 0.24015 -0.149919
    outer loop
      vertex 33.8532 -5.91037 0
      vertex 33.3983 -5.59834 3.41
      vertex 33.4269 -5.48412 3.41
    endloop
  endfacet
  facet normal -0.959094 0.24013 -0.149918
    outer loop
      vertex 33.3983 -5.59834 3.41
      vertex 33.8532 -5.91037 0
      vertex 33.8246 -6.0246 0
    endloop
  endfacet
  facet normal -0.979328 0.145416 -0.140608
    outer loop
      vertex 33.8705 -5.79387 0
      vertex 33.4269 -5.48412 3.41
      vertex 33.4442 -5.36761 3.41
    endloop
  endfacet
  facet normal -0.979326 0.145428 -0.140609
    outer loop
      vertex 33.4269 -5.48412 3.41
      vertex 33.8705 -5.79387 0
      vertex 33.8532 -5.91037 0
    endloop
  endfacet
  facet normal -0.929666 -0.332892 -0.157807
    outer loop
      vertex 33.8246 6.0246 0
      vertex 33.3587 5.70921 3.41
      vertex 33.7849 6.13547 0
    endloop
  endfacet
  facet normal -0.929937 -0.33215 -0.157776
    outer loop
      vertex 33.3587 5.70921 3.41
      vertex 33.8246 6.0246 0
      vertex 33.3983 5.59834 3.41
    endloop
  endfacet
  facet normal -0.33259 -0.929776 -0.157801
    outer loop
      vertex 33.0246 6.82458 0
      vertex 32.7092 6.35866 3.41
      vertex 32.5983 6.39833 3.41
    endloop
  endfacet
  facet normal -0.33259 -0.929776 -0.157801
    outer loop
      vertex 32.7092 6.35866 3.41
      vertex 33.0246 6.82458 0
      vertex 33.1355 6.78491 0
    endloop
  endfacet
  facet normal 0.33259 0.929776 -0.157801
    outer loop
      vertex -33.0246 -6.82458 0
      vertex -32.7092 -6.35866 3.41
      vertex -32.5983 -6.39833 3.41
    endloop
  endfacet
  facet normal 0.33259 0.929776 -0.157801
    outer loop
      vertex -32.7092 -6.35866 3.41
      vertex -33.0246 -6.82458 0
      vertex -33.1355 -6.78491 0
    endloop
  endfacet
  facet normal 0.506725 0.845379 -0.169008
    outer loop
      vertex -33.2419 -6.73456 0
      vertex -32.9167 -6.24776 3.41
      vertex -32.8157 -6.3083 3.41
    endloop
  endfacet
  facet normal 0.506787 0.845342 -0.169009
    outer loop
      vertex -32.9167 -6.24776 3.41
      vertex -33.2419 -6.73456 0
      vertex -33.3429 -6.67401 0
    endloop
  endfacet
  facet normal 0.586742 0.791244 -0.17224
    outer loop
      vertex -33.3429 -6.67401 0
      vertex -33.0113 -6.17761 3.41
      vertex -32.9167 -6.24776 3.41
    endloop
  endfacet
  facet normal 0.586742 0.791244 -0.17224
    outer loop
      vertex -33.0113 -6.17761 3.41
      vertex -33.3429 -6.67401 0
      vertex -33.4375 -6.60386 0
    endloop
  endfacet
  facet normal 0.729575 0.661426 -0.173886
    outer loop
      vertex -33.0985 -6.09853 3.41
      vertex -33.6039 -6.43753 0
      vertex -33.1776 -6.01128 3.41
    endloop
  endfacet
  facet normal 0.729575 0.661426 -0.173886
    outer loop
      vertex -33.6039 -6.43753 0
      vertex -33.0985 -6.09853 3.41
      vertex -33.5248 -6.52478 0
    endloop
  endfacet
  facet normal 0.891564 0.422082 -0.164194
    outer loop
      vertex -33.3083 -5.81567 3.41
      vertex -33.7849 -6.13547 0
      vertex -33.3587 -5.70921 3.41
    endloop
  endfacet
  facet normal 0.891891 0.421399 -0.164176
    outer loop
      vertex -33.7849 -6.13547 0
      vertex -33.3083 -5.81567 3.41
      vertex -33.7346 -6.24193 0
    endloop
  endfacet
  facet normal 0.845571 0.506405 -0.169011
    outer loop
      vertex -33.2478 -5.91669 3.41
      vertex -33.7346 -6.24193 0
      vertex -33.3083 -5.81567 3.41
    endloop
  endfacet
  facet normal 0.845178 0.507057 -0.169017
    outer loop
      vertex -33.7346 -6.24193 0
      vertex -33.2478 -5.91669 3.41
      vertex -33.674 -6.34294 0
    endloop
  endfacet
  facet normal 0.979328 0.145416 -0.140608
    outer loop
      vertex -33.4269 -5.48412 3.41
      vertex -33.8705 -5.79387 0
      vertex -33.4442 -5.36761 3.41
    endloop
  endfacet
  facet normal 0.979326 0.145428 -0.140609
    outer loop
      vertex -33.8705 -5.79387 0
      vertex -33.4269 -5.48412 3.41
      vertex -33.8532 -5.91037 0
    endloop
  endfacet
  facet normal 0.0485907 -0.99034 -0.129867
    outer loop
      vertex -32.6763 6.87625 0
      vertex -32.3676 6.44423 3.41
      vertex -32.7939 6.87048 0
    endloop
  endfacet
  facet normal 0.0485907 -0.99034 -0.129867
    outer loop
      vertex -32.3676 6.44423 3.41
      vertex -32.6763 6.87625 0
      vertex -32.25 6.45 3.41
    endloop
  endfacet
  facet normal -0.586742 -0.791244 -0.17224
    outer loop
      vertex 33.3429 6.67401 0
      vertex 33.0113 6.17761 3.41
      vertex 32.9167 6.24776 3.41
    endloop
  endfacet
  facet normal -0.586742 -0.791244 -0.17224
    outer loop
      vertex 33.0113 6.17761 3.41
      vertex 33.3429 6.67401 0
      vertex 33.4375 6.60386 0
    endloop
  endfacet
  facet normal -0.729575 -0.661426 -0.173886
    outer loop
      vertex 33.6039 6.43753 0
      vertex 33.0985 6.09853 3.41
      vertex 33.5248 6.52478 0
    endloop
  endfacet
  facet normal -0.729575 -0.661426 -0.173886
    outer loop
      vertex 33.0985 6.09853 3.41
      vertex 33.6039 6.43753 0
      vertex 33.1776 6.01128 3.41
    endloop
  endfacet
  facet normal -0.845571 0.506405 -0.169011
    outer loop
      vertex 33.7346 -6.24193 0
      vertex 33.2478 -5.91669 3.41
      vertex 33.3083 -5.81567 3.41
    endloop
  endfacet
  facet normal -0.845178 0.507057 -0.169017
    outer loop
      vertex 33.2478 -5.91669 3.41
      vertex 33.7346 -6.24193 0
      vertex 33.674 -6.34294 0
    endloop
  endfacet
  facet normal -0.891891 -0.421399 -0.164176
    outer loop
      vertex 33.7849 6.13547 0
      vertex 33.3083 5.81567 3.41
      vertex 33.7346 6.24193 0
    endloop
  endfacet
  facet normal -0.891564 -0.422082 -0.164194
    outer loop
      vertex 33.3083 5.81567 3.41
      vertex 33.7849 6.13547 0
      vertex 33.3587 5.70921 3.41
    endloop
  endfacet
  facet normal -0.959094 -0.24013 -0.149918
    outer loop
      vertex 33.8532 5.91037 0
      vertex 33.3983 5.59834 3.41
      vertex 33.8246 6.0246 0
    endloop
  endfacet
  facet normal -0.959089 -0.24015 -0.149919
    outer loop
      vertex 33.3983 5.59834 3.41
      vertex 33.8532 5.91037 0
      vertex 33.4269 5.48412 3.41
    endloop
  endfacet
  facet normal 0.421679 0.891756 -0.164186
    outer loop
      vertex -33.1355 -6.78491 0
      vertex -32.8157 -6.3083 3.41
      vertex -32.7092 -6.35866 3.41
    endloop
  endfacet
  facet normal 0.421934 0.891635 -0.164193
    outer loop
      vertex -32.8157 -6.3083 3.41
      vertex -33.1355 -6.78491 0
      vertex -33.2419 -6.73456 0
    endloop
  endfacet
  facet normal 0.240269 0.959059 -0.14992
    outer loop
      vertex -32.9104 -6.85319 0
      vertex -32.5983 -6.39833 3.41
      vertex -32.4841 -6.42694 3.41
    endloop
  endfacet
  facet normal 0.240269 0.959059 -0.14992
    outer loop
      vertex -32.5983 -6.39833 3.41
      vertex -32.9104 -6.85319 0
      vertex -33.0246 -6.82458 0
    endloop
  endfacet
  facet normal 0.661544 0.729472 -0.173867
    outer loop
      vertex -33.4375 -6.60386 0
      vertex -33.0985 -6.09853 3.41
      vertex -33.0113 -6.17761 3.41
    endloop
  endfacet
  facet normal 0.661126 0.729847 -0.173881
    outer loop
      vertex -33.0985 -6.09853 3.41
      vertex -33.4375 -6.60386 0
      vertex -33.5248 -6.52478 0
    endloop
  endfacet
  facet normal 0.929937 0.33215 -0.157776
    outer loop
      vertex -33.3587 -5.70921 3.41
      vertex -33.8246 -6.0246 0
      vertex -33.3983 -5.59834 3.41
    endloop
  endfacet
  facet normal 0.929666 0.332892 -0.157807
    outer loop
      vertex -33.8246 -6.0246 0
      vertex -33.3587 -5.70921 3.41
      vertex -33.7849 -6.13547 0
    endloop
  endfacet
  facet normal -0.845178 -0.507057 -0.169017
    outer loop
      vertex 33.7346 6.24193 0
      vertex 33.2478 5.91669 3.41
      vertex 33.674 6.34294 0
    endloop
  endfacet
  facet normal -0.845571 -0.506405 -0.169011
    outer loop
      vertex 33.2478 5.91669 3.41
      vertex 33.7346 6.24193 0
      vertex 33.3083 5.81567 3.41
    endloop
  endfacet
  facet normal -0.979326 -0.145428 -0.140609
    outer loop
      vertex 33.8705 5.79387 0
      vertex 33.4269 5.48412 3.41
      vertex 33.8532 5.91037 0
    endloop
  endfacet
  facet normal -0.979328 -0.145416 -0.140608
    outer loop
      vertex 33.4269 5.48412 3.41
      vertex 33.8705 5.79387 0
      vertex 33.4442 5.36761 3.41
    endloop
  endfacet
  facet normal -0.240269 -0.959059 -0.14992
    outer loop
      vertex 32.9104 6.85319 0
      vertex 32.5983 6.39833 3.41
      vertex 32.4841 6.42694 3.41
    endloop
  endfacet
  facet normal -0.240269 -0.959059 -0.14992
    outer loop
      vertex 32.5983 6.39833 3.41
      vertex 32.9104 6.85319 0
      vertex 33.0246 6.82458 0
    endloop
  endfacet
  facet normal 0.791014 0.587051 -0.172246
    outer loop
      vertex -33.1776 -6.01128 3.41
      vertex -33.674 -6.34294 0
      vertex -33.2478 -5.91669 3.41
    endloop
  endfacet
  facet normal 0.791413 0.586511 -0.172252
    outer loop
      vertex -33.674 -6.34294 0
      vertex -33.1776 -6.01128 3.41
      vertex -33.6039 -6.43753 0
    endloop
  endfacet
  facet normal 1 -0 0
    outer loop
      vertex -29 -0.65 3.1
      vertex -29 0.65 0
      vertex -29 0.65 3.1
    endloop
  endfacet
  facet normal 1 0 0
    outer loop
      vertex -29 0.65 0
      vertex -29 -0.65 3.1
      vertex -29 -0.65 0
    endloop
  endfacet
  facet normal 0 0 -1
    outer loop
      vertex -29 -0.65 3.1
      vertex -27.65 0.65 3.1
      vertex -27.65 -0.65 3.1
    endloop
  endfacet
  facet normal -0 0 -1
    outer loop
      vertex -27.65 0.65 3.1
      vertex -29 -0.65 3.1
      vertex -29 0.65 3.1
    endloop
  endfacet
  facet normal 0 0 -1
    outer loop
      vertex -27.65 -0.65 3.1
      vertex -26.35 -0.65 3.1
      vertex -26.35 -2 3.1
    endloop
  endfacet
  facet normal 0 0 -1
    outer loop
      vertex -26.35 -0.65 3.1
      vertex -27.65 -0.65 3.1
      vertex -26.35 0.65 3.1
    endloop
  endfacet
  facet normal 0 0 -1
    outer loop
      vertex -27.65 -0.65 3.1
      vertex -26.35 -2 3.1
      vertex -27.65 -2 3.1
    endloop
  endfacet
  facet normal 0 0 -1
    outer loop
      vertex -27.65 0.65 3.1
      vertex -26.35 0.65 3.1
      vertex -27.65 -0.65 3.1
    endloop
  endfacet
  facet normal 0 0 -1
    outer loop
      vertex -26.35 0.65 3.1
      vertex -27.65 0.65 3.1
      vertex -26.35 2 3.1
    endloop
  endfacet
  facet normal -0 0 -1
    outer loop
      vertex -26.35 2 3.1
      vertex -27.65 0.65 3.1
      vertex -27.65 2 3.1
    endloop
  endfacet
  facet normal 0 0 -1
    outer loop
      vertex -26.35 -0.65 3.1
      vertex -25 0.65 3.1
      vertex -25 -0.65 3.1
    endloop
  endfacet
  facet normal -0 0 -1
    outer loop
      vertex -25 0.65 3.1
      vertex -26.35 -0.65 3.1
      vertex -26.35 0.65 3.1
    endloop
  endfacet
  facet normal -1 0 0
    outer loop
      vertex -25 -0.65 0
      vertex -25 0.65 3.1
      vertex -25 0.65 0
    endloop
  endfacet
  facet normal -1 -0 0
    outer loop
      vertex -25 0.65 3.1
      vertex -25 -0.65 0
      vertex -25 -0.65 3.1
    endloop
  endfacet
  facet normal 0 1 -0
    outer loop
      vertex -25 -0.65 0
      vertex -26.35 -0.65 3.1
      vertex -25 -0.65 3.1
    endloop
  endfacet
  facet normal 0 1 0
    outer loop
      vertex -26.35 -0.65 3.1
      vertex -25 -0.65 0
      vertex -26.35 -0.65 0
    endloop
  endfacet
  facet normal 0 1 -0
    outer loop
      vertex -27.65 -0.65 0
      vertex -29 -0.65 3.1
      vertex -27.65 -0.65 3.1
    endloop
  endfacet
  facet normal 0 1 0
    outer loop
      vertex -29 -0.65 3.1
      vertex -27.65 -0.65 0
      vertex -29 -0.65 0
    endloop
  endfacet
  facet normal 0 -1 0
    outer loop
      vertex -26.35 0.65 0
      vertex -25 0.65 3.1
      vertex -26.35 0.65 3.1
    endloop
  endfacet
  facet normal 0 -1 -0
    outer loop
      vertex -25 0.65 3.1
      vertex -26.35 0.65 0
      vertex -25 0.65 0
    endloop
  endfacet
  facet normal 0 -1 0
    outer loop
      vertex -29 0.65 0
      vertex -27.65 0.65 3.1
      vertex -29 0.65 3.1
    endloop
  endfacet
  facet normal 0 -1 -0
    outer loop
      vertex -27.65 0.65 3.1
      vertex -29 0.65 0
      vertex -27.65 0.65 0
    endloop
  endfacet
  facet normal 1 -0 0
    outer loop
      vertex -27.65 -2 3.1
      vertex -27.65 -0.65 0
      vertex -27.65 -0.65 3.1
    endloop
  endfacet
  facet normal 1 0 0
    outer loop
      vertex -27.65 -0.65 0
      vertex -27.65 -2 3.1
      vertex -27.65 -2 0
    endloop
  endfacet
  facet normal 1 -0 0
    outer loop
      vertex -27.65 0.65 3.1
      vertex -27.65 2 0
      vertex -27.65 2 3.1
    endloop
  endfacet
  facet normal 1 0 0
    outer loop
      vertex -27.65 2 0
      vertex -27.65 0.65 3.1
      vertex -27.65 0.65 0
    endloop
  endfacet
  facet normal -1 0 0
    outer loop
      vertex -26.35 -2 0
      vertex -26.35 -0.65 3.1
      vertex -26.35 -0.65 0
    endloop
  endfacet
  facet normal -1 -0 0
    outer loop
      vertex -26.35 -0.65 3.1
      vertex -26.35 -2 0
      vertex -26.35 -2 3.1
    endloop
  endfacet
  facet normal -1 0 0
    outer loop
      vertex -26.35 0.65 0
      vertex -26.35 2 3.1
      vertex -26.35 2 0
    endloop
  endfacet
  facet normal -1 -0 0
    outer loop
      vertex -26.35 2 3.1
      vertex -26.35 0.65 0
      vertex -26.35 0.65 3.1
    endloop
  endfacet
  facet normal 0 -1 0
    outer loop
      vertex -27.65 2 0
      vertex -26.35 2 3.1
      vertex -27.65 2 3.1
    endloop
  endfacet
  facet normal 0 -1 -0
    outer loop
      vertex -26.35 2 3.1
      vertex -27.65 2 0
      vertex -26.35 2 0
    endloop
  endfacet
  facet normal 0 1 -0
    outer loop
      vertex -26.35 -2 0
      vertex -27.65 -2 3.1
      vertex -26.35 -2 3.1
    endloop
  endfacet
  facet normal 0 1 0
    outer loop
      vertex -27.65 -2 3.1
      vertex -26.35 -2 0
      vertex -27.65 -2 0
    endloop
  endfacet
  facet normal 0.671625 0.740891 -0
    outer loop
      vertex -24.8787 2.12132 0
      vertex -25.0968 2.31903 3.4
      vertex -24.8787 2.12132 3.4
    endloop
  endfacet
  facet normal 0.671625 0.740891 0
    outer loop
      vertex -25.0968 2.31903 3.4
      vertex -24.8787 2.12132 0
      vertex -25.0968 2.31903 0
    endloop
  endfacet
  facet normal 0.998803 -0.0489125 0
    outer loop
      vertex -24.0144 -0.294051 3.4
      vertex -24 0 0
      vertex -24 0 3.4
    endloop
  endfacet
  facet normal 0.998803 -0.0489125 0
    outer loop
      vertex -24 0 0
      vertex -24.0144 -0.294051 3.4
      vertex -24.0144 -0.294051 0
    endloop
  endfacet
  facet normal -0.336986 0.94151 0
    outer loop
      vertex -27.8709 2.87082 0
      vertex -28.148 2.77164 3.4
      vertex -27.8709 2.87082 3.4
    endloop
  endfacet
  facet normal -0.336986 0.94151 0
    outer loop
      vertex -28.148 2.77164 3.4
      vertex -27.8709 2.87082 0
      vertex -28.148 2.77164 0
    endloop
  endfacet
  facet normal -0.904088 0.427347 0
    outer loop
      vertex -29.7716 1.14805 0
      vertex -29.6458 1.41419 3.4
      vertex -29.6458 1.41419 0
    endloop
  endfacet
  facet normal -0.904088 0.427347 0
    outer loop
      vertex -29.6458 1.41419 3.4
      vertex -29.7716 1.14805 0
      vertex -29.7716 1.14805 3.4
    endloop
  endfacet
  facet normal -0.427491 -0.90402 0
    outer loop
      vertex -28.4142 -2.64576 0
      vertex -28.148 -2.77164 3.4
      vertex -28.4142 -2.64576 3.4
    endloop
  endfacet
  facet normal -0.427491 -0.90402 -0
    outer loop
      vertex -28.148 -2.77164 3.4
      vertex -28.4142 -2.64576 0
      vertex -28.148 -2.77164 0
    endloop
  endfacet
  facet normal 0.904088 0.427347 0
    outer loop
      vertex -24.2284 1.14805 3.4
      vertex -24.3542 1.41419 0
      vertex -24.3542 1.41419 3.4
    endloop
  endfacet
  facet normal 0.904088 0.427347 0
    outer loop
      vertex -24.3542 1.41419 0
      vertex -24.2284 1.14805 3.4
      vertex -24.2284 1.14805 0
    endloop
  endfacet
  facet normal 0.857661 0.514216 0
    outer loop
      vertex -24.3542 1.41419 3.4
      vertex -24.5056 1.66671 0
      vertex -24.5056 1.66671 3.4
    endloop
  endfacet
  facet normal 0.857661 0.514216 0
    outer loop
      vertex -24.5056 1.66671 0
      vertex -24.3542 1.41419 3.4
      vertex -24.3542 1.41419 0
    endloop
  endfacet
  facet normal 0.427491 0.90402 -0
    outer loop
      vertex -25.5858 2.64576 0
      vertex -25.852 2.77164 3.4
      vertex -25.5858 2.64576 3.4
    endloop
  endfacet
  facet normal 0.427491 0.90402 0
    outer loop
      vertex -25.852 2.77164 3.4
      vertex -25.5858 2.64576 0
      vertex -25.852 2.77164 0
    endloop
  endfacet
  facet normal 0.146712 0.989179 -0
    outer loop
      vertex -26.4147 2.94236 0
      vertex -26.7059 2.98555 3.4
      vertex -26.4147 2.94236 3.4
    endloop
  endfacet
  facet normal 0.146712 0.989179 0
    outer loop
      vertex -26.7059 2.98555 3.4
      vertex -26.4147 2.94236 0
      vertex -26.7059 2.98555 0
    endloop
  endfacet
  facet normal -0.989176 0.146736 0
    outer loop
      vertex -29.9856 0.294051 0
      vertex -29.9424 0.585271 3.4
      vertex -29.9424 0.585271 0
    endloop
  endfacet
  facet normal -0.989176 0.146736 0
    outer loop
      vertex -29.9424 0.585271 3.4
      vertex -29.9856 0.294051 0
      vertex -29.9856 0.294051 3.4
    endloop
  endfacet
  facet normal -0.740969 0.671539 0
    outer loop
      vertex -29.319 1.90318 0
      vertex -29.1213 2.12132 3.4
      vertex -29.1213 2.12132 0
    endloop
  endfacet
  facet normal -0.740969 0.671539 0
    outer loop
      vertex -29.1213 2.12132 3.4
      vertex -29.319 1.90318 0
      vertex -29.319 1.90318 3.4
    endloop
  endfacet
  facet normal -0.146712 0.989179 0
    outer loop
      vertex -27.2941 2.98555 0
      vertex -27.5853 2.94236 3.4
      vertex -27.2941 2.98555 3.4
    endloop
  endfacet
  facet normal -0.146712 0.989179 0
    outer loop
      vertex -27.5853 2.94236 3.4
      vertex -27.2941 2.98555 0
      vertex -27.5853 2.94236 0
    endloop
  endfacet
  facet normal 0.941525 -0.336942 0
    outer loop
      vertex -24.2284 -1.14805 3.4
      vertex -24.1292 -0.870853 0
      vertex -24.1292 -0.870853 3.4
    endloop
  endfacet
  facet normal 0.941525 -0.336942 0
    outer loop
      vertex -24.1292 -0.870853 0
      vertex -24.2284 -1.14805 3.4
      vertex -24.2284 -1.14805 0
    endloop
  endfacet
  facet normal -0.146712 -0.989179 0
    outer loop
      vertex -27.5853 -2.94236 0
      vertex -27.2941 -2.98555 3.4
      vertex -27.5853 -2.94236 3.4
    endloop
  endfacet
  facet normal -0.146712 -0.989179 -0
    outer loop
      vertex -27.2941 -2.98555 3.4
      vertex -27.5853 -2.94236 0
      vertex -27.2941 -2.98555 0
    endloop
  endfacet
  facet normal -0.671625 -0.740891 0
    outer loop
      vertex -29.1213 -2.12132 0
      vertex -28.9032 -2.31903 3.4
      vertex -29.1213 -2.12132 3.4
    endloop
  endfacet
  facet normal -0.671625 -0.740891 -0
    outer loop
      vertex -28.9032 -2.31903 3.4
      vertex -29.1213 -2.12132 0
      vertex -28.9032 -2.31903 0
    endloop
  endfacet
  facet normal 0 0 -1
    outer loop
      vertex -29 0.65 0
      vertex -27.65 2 0
      vertex -27.65 0.65 0
    endloop
  endfacet
  facet normal 0 0 -1
    outer loop
      vertex -27.65 2 0
      vertex -28.148 2.77164 0
      vertex -27.8709 2.87082 0
    endloop
  endfacet
  facet normal 0 0 -1
    outer loop
      vertex -27.65 2 0
      vertex -28.4142 2.64576 0
      vertex -28.148 2.77164 0
    endloop
  endfacet
  facet normal 0 0 -1
    outer loop
      vertex -27.65 2 0
      vertex -28.6667 2.49441 0
      vertex -28.4142 2.64576 0
    endloop
  endfacet
  facet normal 0 0 -1
    outer loop
      vertex -27.65 2 0
      vertex -28.9032 2.31903 0
      vertex -28.6667 2.49441 0
    endloop
  endfacet
  facet normal -0 0 -1
    outer loop
      vertex -27.65 2 0
      vertex -29 0.65 0
      vertex -29.1213 2.12132 0
    endloop
  endfacet
  facet normal 0 0 -1
    outer loop
      vertex -27.65 2 0
      vertex -29.1213 2.12132 0
      vertex -28.9032 2.31903 0
    endloop
  endfacet
  facet normal 0 0 -1
    outer loop
      vertex -29.4944 -1.66671 0
      vertex -29 -0.65 0
      vertex -29.319 -1.90318 0
    endloop
  endfacet
  facet normal 0 0 -1
    outer loop
      vertex -29.6458 -1.41419 0
      vertex -29 -0.65 0
      vertex -29.4944 -1.66671 0
    endloop
  endfacet
  facet normal 0 0 -1
    outer loop
      vertex -29 0.65 0
      vertex -29.319 1.90318 0
      vertex -29.1213 2.12132 0
    endloop
  endfacet
  facet normal 0 0 -1
    outer loop
      vertex -29.7716 -1.14805 0
      vertex -29 -0.65 0
      vertex -29.6458 -1.41419 0
    endloop
  endfacet
  facet normal 0 0 -1
    outer loop
      vertex -29 0.65 0
      vertex -29.4944 1.66671 0
      vertex -29.319 1.90318 0
    endloop
  endfacet
  facet normal 0 0 -1
    outer loop
      vertex -29.8708 -0.870853 0
      vertex -29 -0.65 0
      vertex -29.7716 -1.14805 0
    endloop
  endfacet
  facet normal 0 0 -1
    outer loop
      vertex -29 0.65 0
      vertex -29.6458 1.41419 0
      vertex -29.4944 1.66671 0
    endloop
  endfacet
  facet normal 0 0 -1
    outer loop
      vertex -29.9424 -0.585271 0
      vertex -29 -0.65 0
      vertex -29.8708 -0.870853 0
    endloop
  endfacet
  facet normal 0 0 -1
    outer loop
      vertex -29 0.65 0
      vertex -29.7716 1.14805 0
      vertex -29.6458 1.41419 0
    endloop
  endfacet
  facet normal 0 0 -1
    outer loop
      vertex -29.9856 -0.294051 0
      vertex -29 -0.65 0
      vertex -29.9424 -0.585271 0
    endloop
  endfacet
  facet normal 0 0 -1
    outer loop
      vertex -29 0.65 0
      vertex -29.8708 0.870853 0
      vertex -29.7716 1.14805 0
    endloop
  endfacet
  facet normal 0 0 -1
    outer loop
      vertex -30 0 0
      vertex -29 -0.65 0
      vertex -29.9856 -0.294051 0
    endloop
  endfacet
  facet normal -0 0 -1
    outer loop
      vertex -29 0.65 0
      vertex -29.9424 0.585271 0
      vertex -29.8708 0.870853 0
    endloop
  endfacet
  facet normal 0 0 -1
    outer loop
      vertex -29 -0.65 0
      vertex -30 0 0
      vertex -29 0.65 0
    endloop
  endfacet
  facet normal 0 0 -1
    outer loop
      vertex -29 0.65 0
      vertex -29.9856 0.294051 0
      vertex -29.9424 0.585271 0
    endloop
  endfacet
  facet normal 0 0 -1
    outer loop
      vertex -29 0.65 0
      vertex -30 0 0
      vertex -29.9856 0.294051 0
    endloop
  endfacet
  facet normal 0 0 -1
    outer loop
      vertex -26.4147 -2.94236 0
      vertex -26.35 -2 0
      vertex -26.1291 -2.87082 0
    endloop
  endfacet
  facet normal 0 0 -1
    outer loop
      vertex -26.7059 -2.98555 0
      vertex -26.35 -2 0
      vertex -26.4147 -2.94236 0
    endloop
  endfacet
  facet normal 0 0 -1
    outer loop
      vertex -27 -3 0
      vertex -26.35 -2 0
      vertex -26.7059 -2.98555 0
    endloop
  endfacet
  facet normal 0 0 -1
    outer loop
      vertex -27.65 -2 0
      vertex -27 -3 0
      vertex -27.2941 -2.98555 0
    endloop
  endfacet
  facet normal 0 0 -1
    outer loop
      vertex -27.65 -2 0
      vertex -27.2941 -2.98555 0
      vertex -27.5853 -2.94236 0
    endloop
  endfacet
  facet normal 0 0 -1
    outer loop
      vertex -27 -3 0
      vertex -27.65 -2 0
      vertex -26.35 -2 0
    endloop
  endfacet
  facet normal 0 0 -1
    outer loop
      vertex -27.8709 -2.87082 0
      vertex -27.65 -2 0
      vertex -27.5853 -2.94236 0
    endloop
  endfacet
  facet normal 0 0 -1
    outer loop
      vertex -28.148 -2.77164 0
      vertex -27.65 -2 0
      vertex -27.8709 -2.87082 0
    endloop
  endfacet
  facet normal 0 0 -1
    outer loop
      vertex -28.4142 -2.64576 0
      vertex -27.65 -2 0
      vertex -28.148 -2.77164 0
    endloop
  endfacet
  facet normal 0 0 -1
    outer loop
      vertex -28.6667 -2.49441 0
      vertex -27.65 -2 0
      vertex -28.4142 -2.64576 0
    endloop
  endfacet
  facet normal 0 0 -1
    outer loop
      vertex -28.9032 -2.31903 0
      vertex -27.65 -2 0
      vertex -28.6667 -2.49441 0
    endloop
  endfacet
  facet normal 0 0 -1
    outer loop
      vertex -29.1213 -2.12132 0
      vertex -27.65 -2 0
      vertex -28.9032 -2.31903 0
    endloop
  endfacet
  facet normal 0 -0 -1
    outer loop
      vertex -29 -0.65 0
      vertex -27.65 -2 0
      vertex -29.1213 -2.12132 0
    endloop
  endfacet
  facet normal 0 0 -1
    outer loop
      vertex -29.319 -1.90318 0
      vertex -29 -0.65 0
      vertex -29.1213 -2.12132 0
    endloop
  endfacet
  facet normal 0 0 -1
    outer loop
      vertex -27.65 -2 0
      vertex -29 -0.65 0
      vertex -27.65 -0.65 0
    endloop
  endfacet
  facet normal 0 0 -1
    outer loop
      vertex -25 -0.65 0
      vertex -24 0 0
      vertex -24.0144 -0.294051 0
    endloop
  endfacet
  facet normal 0 0 -1
    outer loop
      vertex -25 -0.65 0
      vertex -24.0144 -0.294051 0
      vertex -24.0576 -0.585271 0
    endloop
  endfacet
  facet normal 0 0 -1
    outer loop
      vertex -25 0.65 0
      vertex -24 0 0
      vertex -25 -0.65 0
    endloop
  endfacet
  facet normal 0 0 -1
    outer loop
      vertex -25 -0.65 0
      vertex -24.0576 -0.585271 0
      vertex -24.1292 -0.870853 0
    endloop
  endfacet
  facet normal 0 0 -1
    outer loop
      vertex -24 0 0
      vertex -25 0.65 0
      vertex -24.0144 0.294051 0
    endloop
  endfacet
  facet normal 0 0 -1
    outer loop
      vertex -25 -0.65 0
      vertex -24.1292 -0.870853 0
      vertex -24.2284 -1.14805 0
    endloop
  endfacet
  facet normal 0 0 -1
    outer loop
      vertex -24.0144 0.294051 0
      vertex -25 0.65 0
      vertex -24.0576 0.585271 0
    endloop
  endfacet
  facet normal 0 0 -1
    outer loop
      vertex -25 -0.65 0
      vertex -24.2284 -1.14805 0
      vertex -24.3542 -1.41419 0
    endloop
  endfacet
  facet normal 0 0 -1
    outer loop
      vertex -24.0576 0.585271 0
      vertex -25 0.65 0
      vertex -24.1292 0.870853 0
    endloop
  endfacet
  facet normal 0 0 -1
    outer loop
      vertex -25 -0.65 0
      vertex -24.3542 -1.41419 0
      vertex -24.5056 -1.66671 0
    endloop
  endfacet
  facet normal -0 0 -1
    outer loop
      vertex -24.1292 0.870853 0
      vertex -25 0.65 0
      vertex -24.2284 1.14805 0
    endloop
  endfacet
  facet normal 0 0 -1
    outer loop
      vertex -25 -0.65 0
      vertex -24.5056 -1.66671 0
      vertex -24.681 -1.90318 0
    endloop
  endfacet
  facet normal -0 0 -1
    outer loop
      vertex -24.2284 1.14805 0
      vertex -25 0.65 0
      vertex -24.3542 1.41419 0
    endloop
  endfacet
  facet normal 0 0 -1
    outer loop
      vertex -25 -0.65 0
      vertex -24.681 -1.90318 0
      vertex -24.8787 -2.12132 0
    endloop
  endfacet
  facet normal -0 0 -1
    outer loop
      vertex -24.3542 1.41419 0
      vertex -25 0.65 0
      vertex -24.5056 1.66671 0
    endloop
  endfacet
  facet normal -0 0 -1
    outer loop
      vertex -24.5056 1.66671 0
      vertex -25 0.65 0
      vertex -24.681 1.90318 0
    endloop
  endfacet
  facet normal 0 0 -1
    outer loop
      vertex -26.35 -2 0
      vertex -24.8787 -2.12132 0
      vertex -25.0968 -2.31903 0
    endloop
  endfacet
  facet normal 0 0 -1
    outer loop
      vertex -26.35 -2 0
      vertex -25.0968 -2.31903 0
      vertex -25.3333 -2.49441 0
    endloop
  endfacet
  facet normal 0 0 -1
    outer loop
      vertex -26.35 -2 0
      vertex -25.3333 -2.49441 0
      vertex -25.5858 -2.64576 0
    endloop
  endfacet
  facet normal 0 0 -1
    outer loop
      vertex -26.35 -2 0
      vertex -25.5858 -2.64576 0
      vertex -25.852 -2.77164 0
    endloop
  endfacet
  facet normal 0 0 -1
    outer loop
      vertex -26.35 -2 0
      vertex -25.852 -2.77164 0
      vertex -26.1291 -2.87082 0
    endloop
  endfacet
  facet normal 0 0 -1
    outer loop
      vertex -24.8787 -2.12132 0
      vertex -26.35 -2 0
      vertex -25 -0.65 0
    endloop
  endfacet
  facet normal -0 0 -1
    outer loop
      vertex -25 -0.65 0
      vertex -26.35 -2 0
      vertex -26.35 -0.65 0
    endloop
  endfacet
  facet normal -0 0 -1
    outer loop
      vertex -24.681 1.90318 0
      vertex -25 0.65 0
      vertex -24.8787 2.12132 0
    endloop
  endfacet
  facet normal 0 0 -1
    outer loop
      vertex -26.35 2 0
      vertex -24.8787 2.12132 0
      vertex -25 0.65 0
    endloop
  endfacet
  facet normal -0 0 -1
    outer loop
      vertex -24.8787 2.12132 0
      vertex -26.35 2 0
      vertex -25.0968 2.31903 0
    endloop
  endfacet
  facet normal -0 0 -1
    outer loop
      vertex -25.0968 2.31903 0
      vertex -26.35 2 0
      vertex -25.3333 2.49441 0
    endloop
  endfacet
  facet normal -0 0 -1
    outer loop
      vertex -25.3333 2.49441 0
      vertex -26.35 2 0
      vertex -25.5858 2.64576 0
    endloop
  endfacet
  facet normal -0 0 -1
    outer loop
      vertex -25.5858 2.64576 0
      vertex -26.35 2 0
      vertex -25.852 2.77164 0
    endloop
  endfacet
  facet normal 0 0 -1
    outer loop
      vertex -26.35 2 0
      vertex -25 0.65 0
      vertex -26.35 0.65 0
    endloop
  endfacet
  facet normal -0 0 -1
    outer loop
      vertex -25.852 2.77164 0
      vertex -26.35 2 0
      vertex -26.1291 2.87082 0
    endloop
  endfacet
  facet normal 0 0 -1
    outer loop
      vertex -26.35 2 0
      vertex -26.4147 2.94236 0
      vertex -26.1291 2.87082 0
    endloop
  endfacet
  facet normal 0 0 -1
    outer loop
      vertex -26.35 2 0
      vertex -26.7059 2.98555 0
      vertex -26.4147 2.94236 0
    endloop
  endfacet
  facet normal 0 0 -1
    outer loop
      vertex -26.35 2 0
      vertex -27 3 0
      vertex -26.7059 2.98555 0
    endloop
  endfacet
  facet normal 0 0 -1
    outer loop
      vertex -27.65 2 0
      vertex -27 3 0
      vertex -26.35 2 0
    endloop
  endfacet
  facet normal 0 0 -1
    outer loop
      vertex -27 3 0
      vertex -27.65 2 0
      vertex -27.2941 2.98555 0
    endloop
  endfacet
  facet normal 0 0 -1
    outer loop
      vertex -27.2941 2.98555 0
      vertex -27.65 2 0
      vertex -27.5853 2.94236 0
    endloop
  endfacet
  facet normal 0 0 -1
    outer loop
      vertex -27.5853 2.94236 0
      vertex -27.65 2 0
      vertex -27.8709 2.87082 0
    endloop
  endfacet
  facet normal 0.989176 0.146736 0
    outer loop
      vertex -24.0144 0.294051 3.4
      vertex -24.0576 0.585271 0
      vertex -24.0576 0.585271 3.4
    endloop
  endfacet
  facet normal 0.989176 0.146736 0
    outer loop
      vertex -24.0576 0.585271 0
      vertex -24.0144 0.294051 3.4
      vertex -24.0144 0.294051 0
    endloop
  endfacet
  facet normal 0.969979 0.243189 0
    outer loop
      vertex -24.0576 0.585271 3.4
      vertex -24.1292 0.870853 0
      vertex -24.1292 0.870853 3.4
    endloop
  endfacet
  facet normal 0.969979 0.243189 0
    outer loop
      vertex -24.1292 0.870853 0
      vertex -24.0576 0.585271 3.4
      vertex -24.0576 0.585271 0
    endloop
  endfacet
  facet normal 0.941525 0.336942 0
    outer loop
      vertex -24.1292 0.870853 3.4
      vertex -24.2284 1.14805 0
      vertex -24.2284 1.14805 3.4
    endloop
  endfacet
  facet normal 0.941525 0.336942 0
    outer loop
      vertex -24.2284 1.14805 0
      vertex -24.1292 0.870853 3.4
      vertex -24.1292 0.870853 0
    endloop
  endfacet
  facet normal 0.803172 0.595747 0
    outer loop
      vertex -24.5056 1.66671 3.4
      vertex -24.681 1.90318 0
      vertex -24.681 1.90318 3.4
    endloop
  endfacet
  facet normal 0.803172 0.595747 0
    outer loop
      vertex -24.681 1.90318 0
      vertex -24.5056 1.66671 3.4
      vertex -24.5056 1.66671 0
    endloop
  endfacet
  facet normal 0.740969 0.671539 0
    outer loop
      vertex -24.681 1.90318 3.4
      vertex -24.8787 2.12132 0
      vertex -24.8787 2.12132 3.4
    endloop
  endfacet
  facet normal 0.740969 0.671539 0
    outer loop
      vertex -24.8787 2.12132 0
      vertex -24.681 1.90318 3.4
      vertex -24.681 1.90318 0
    endloop
  endfacet
  facet normal 0.595655 0.803241 -0
    outer loop
      vertex -25.0968 2.31903 0
      vertex -25.3333 2.49441 3.4
      vertex -25.0968 2.31903 3.4
    endloop
  endfacet
  facet normal 0.595655 0.803241 0
    outer loop
      vertex -25.3333 2.49441 3.4
      vertex -25.0968 2.31903 0
      vertex -25.3333 2.49441 0
    endloop
  endfacet
  facet normal 0.0490738 0.998795 -0
    outer loop
      vertex -26.7059 2.98555 0
      vertex -27 3 3.4
      vertex -26.7059 2.98555 3.4
    endloop
  endfacet
  facet normal 0.0490738 0.998795 0
    outer loop
      vertex -27 3 3.4
      vertex -26.7059 2.98555 0
      vertex -27 3 0
    endloop
  endfacet
  facet normal 0.514121 0.857718 -0
    outer loop
      vertex -25.3333 2.49441 0
      vertex -25.5858 2.64576 3.4
      vertex -25.3333 2.49441 3.4
    endloop
  endfacet
  facet normal 0.514121 0.857718 0
    outer loop
      vertex -25.5858 2.64576 3.4
      vertex -25.3333 2.49441 0
      vertex -25.5858 2.64576 0
    endloop
  endfacet
  facet normal 0.336986 0.94151 -0
    outer loop
      vertex -25.852 2.77164 0
      vertex -26.1291 2.87082 3.4
      vertex -25.852 2.77164 3.4
    endloop
  endfacet
  facet normal 0.336986 0.94151 0
    outer loop
      vertex -26.1291 2.87082 3.4
      vertex -25.852 2.77164 0
      vertex -26.1291 2.87082 0
    endloop
  endfacet
  facet normal 0.242983 0.970031 -0
    outer loop
      vertex -26.1291 2.87082 0
      vertex -26.4147 2.94236 3.4
      vertex -26.1291 2.87082 3.4
    endloop
  endfacet
  facet normal 0.242983 0.970031 0
    outer loop
      vertex -26.4147 2.94236 3.4
      vertex -26.1291 2.87082 0
      vertex -26.4147 2.94236 0
    endloop
  endfacet
  facet normal -0.998803 0.0489125 0
    outer loop
      vertex -30 0 0
      vertex -29.9856 0.294051 3.4
      vertex -29.9856 0.294051 0
    endloop
  endfacet
  facet normal -0.998803 0.0489125 0
    outer loop
      vertex -29.9856 0.294051 3.4
      vertex -30 0 0
      vertex -30 0 3.4
    endloop
  endfacet
  facet normal 0 0 1
    outer loop
      vertex -24.0144 0.294051 3.4
      vertex -24.0144 -0.294051 3.4
      vertex -24 0 3.4
    endloop
  endfacet
  facet normal 0 0 1
    outer loop
      vertex -24.0576 0.585271 3.4
      vertex -24.0144 -0.294051 3.4
      vertex -24.0144 0.294051 3.4
    endloop
  endfacet
  facet normal 0 0 1
    outer loop
      vertex -24.0576 0.585271 3.4
      vertex -24.0576 -0.585271 3.4
      vertex -24.0144 -0.294051 3.4
    endloop
  endfacet
  facet normal 0 0 1
    outer loop
      vertex -24.1292 0.870853 3.4
      vertex -24.0576 -0.585271 3.4
      vertex -24.0576 0.585271 3.4
    endloop
  endfacet
  facet normal 0 0 1
    outer loop
      vertex -24.1292 0.870853 3.4
      vertex -24.1292 -0.870853 3.4
      vertex -24.0576 -0.585271 3.4
    endloop
  endfacet
  facet normal 0 0 1
    outer loop
      vertex -24.2284 1.14805 3.4
      vertex -24.1292 -0.870853 3.4
      vertex -24.1292 0.870853 3.4
    endloop
  endfacet
  facet normal 0 0 1
    outer loop
      vertex -24.2284 1.14805 3.4
      vertex -24.2284 -1.14805 3.4
      vertex -24.1292 -0.870853 3.4
    endloop
  endfacet
  facet normal 0 0 1
    outer loop
      vertex -24.3542 1.41419 3.4
      vertex -24.2284 -1.14805 3.4
      vertex -24.2284 1.14805 3.4
    endloop
  endfacet
  facet normal 0 0 1
    outer loop
      vertex -24.3542 1.41419 3.4
      vertex -24.3542 -1.41419 3.4
      vertex -24.2284 -1.14805 3.4
    endloop
  endfacet
  facet normal 0 0 1
    outer loop
      vertex -24.5056 1.66671 3.4
      vertex -24.3542 -1.41419 3.4
      vertex -24.3542 1.41419 3.4
    endloop
  endfacet
  facet normal 0 0 1
    outer loop
      vertex -24.5056 1.66671 3.4
      vertex -24.5056 -1.66671 3.4
      vertex -24.3542 -1.41419 3.4
    endloop
  endfacet
  facet normal 0 0 1
    outer loop
      vertex -24.681 1.90318 3.4
      vertex -24.5056 -1.66671 3.4
      vertex -24.5056 1.66671 3.4
    endloop
  endfacet
  facet normal 0 0 1
    outer loop
      vertex -24.681 1.90318 3.4
      vertex -24.681 -1.90318 3.4
      vertex -24.5056 -1.66671 3.4
    endloop
  endfacet
  facet normal 0 0 1
    outer loop
      vertex -24.8787 2.12132 3.4
      vertex -24.681 -1.90318 3.4
      vertex -24.681 1.90318 3.4
    endloop
  endfacet
  facet normal 0 0 1
    outer loop
      vertex -24.8787 2.12132 3.4
      vertex -24.8787 -2.12132 3.4
      vertex -24.681 -1.90318 3.4
    endloop
  endfacet
  facet normal 0 0 1
    outer loop
      vertex -25.0968 2.31903 3.4
      vertex -24.8787 -2.12132 3.4
      vertex -24.8787 2.12132 3.4
    endloop
  endfacet
  facet normal 0 0 1
    outer loop
      vertex -25.0968 2.31903 3.4
      vertex -25.0968 -2.31903 3.4
      vertex -24.8787 -2.12132 3.4
    endloop
  endfacet
  facet normal 0 0 1
    outer loop
      vertex -25.3333 2.49441 3.4
      vertex -25.0968 -2.31903 3.4
      vertex -25.0968 2.31903 3.4
    endloop
  endfacet
  facet normal 0 0 1
    outer loop
      vertex -25.3333 2.49441 3.4
      vertex -25.3333 -2.49441 3.4
      vertex -25.0968 -2.31903 3.4
    endloop
  endfacet
  facet normal 0 0 1
    outer loop
      vertex -25.5858 2.64576 3.4
      vertex -25.3333 -2.49441 3.4
      vertex -25.3333 2.49441 3.4
    endloop
  endfacet
  facet normal 0 0 1
    outer loop
      vertex -25.5858 2.64576 3.4
      vertex -25.5858 -2.64576 3.4
      vertex -25.3333 -2.49441 3.4
    endloop
  endfacet
  facet normal 0 0 1
    outer loop
      vertex -25.852 2.77164 3.4
      vertex -25.5858 -2.64576 3.4
      vertex -25.5858 2.64576 3.4
    endloop
  endfacet
  facet normal 0 0 1
    outer loop
      vertex -25.852 2.77164 3.4
      vertex -25.852 -2.77164 3.4
      vertex -25.5858 -2.64576 3.4
    endloop
  endfacet
  facet normal 0 0 1
    outer loop
      vertex -26.1291 2.87082 3.4
      vertex -25.852 -2.77164 3.4
      vertex -25.852 2.77164 3.4
    endloop
  endfacet
  facet normal 0 0 1
    outer loop
      vertex -26.1291 2.87082 3.4
      vertex -26.1291 -2.87082 3.4
      vertex -25.852 -2.77164 3.4
    endloop
  endfacet
  facet normal 0 0 1
    outer loop
      vertex -26.4147 2.94236 3.4
      vertex -26.1291 -2.87082 3.4
      vertex -26.1291 2.87082 3.4
    endloop
  endfacet
  facet normal 0 0 1
    outer loop
      vertex -26.4147 2.94236 3.4
      vertex -26.4147 -2.94236 3.4
      vertex -26.1291 -2.87082 3.4
    endloop
  endfacet
  facet normal 0 0 1
    outer loop
      vertex -26.7059 2.98555 3.4
      vertex -26.4147 -2.94236 3.4
      vertex -26.4147 2.94236 3.4
    endloop
  endfacet
  facet normal 0 0 1
    outer loop
      vertex -26.7059 2.98555 3.4
      vertex -26.7059 -2.98555 3.4
      vertex -26.4147 -2.94236 3.4
    endloop
  endfacet
  facet normal 0 0 1
    outer loop
      vertex -27 3 3.4
      vertex -26.7059 -2.98555 3.4
      vertex -26.7059 2.98555 3.4
    endloop
  endfacet
  facet normal 0 0 1
    outer loop
      vertex -27 3 3.4
      vertex -27 -3 3.4
      vertex -26.7059 -2.98555 3.4
    endloop
  endfacet
  facet normal -0 0 1
    outer loop
      vertex -27.2941 2.98555 3.4
      vertex -27 -3 3.4
      vertex -27 3 3.4
    endloop
  endfacet
  facet normal 0 0 1
    outer loop
      vertex -27.2941 2.98555 3.4
      vertex -27.2941 -2.98555 3.4
      vertex -27 -3 3.4
    endloop
  endfacet
  facet normal -0 0 1
    outer loop
      vertex -27.5853 2.94236 3.4
      vertex -27.2941 -2.98555 3.4
      vertex -27.2941 2.98555 3.4
    endloop
  endfacet
  facet normal 0 0 1
    outer loop
      vertex -27.5853 2.94236 3.4
      vertex -27.5853 -2.94236 3.4
      vertex -27.2941 -2.98555 3.4
    endloop
  endfacet
  facet normal -0 0 1
    outer loop
      vertex -27.8709 2.87082 3.4
      vertex -27.5853 -2.94236 3.4
      vertex -27.5853 2.94236 3.4
    endloop
  endfacet
  facet normal 0 0 1
    outer loop
      vertex -27.8709 2.87082 3.4
      vertex -27.8709 -2.87082 3.4
      vertex -27.5853 -2.94236 3.4
    endloop
  endfacet
  facet normal -0 0 1
    outer loop
      vertex -28.148 2.77164 3.4
      vertex -27.8709 -2.87082 3.4
      vertex -27.8709 2.87082 3.4
    endloop
  endfacet
  facet normal 0 0 1
    outer loop
      vertex -28.148 2.77164 3.4
      vertex -28.148 -2.77164 3.4
      vertex -27.8709 -2.87082 3.4
    endloop
  endfacet
  facet normal -0 0 1
    outer loop
      vertex -28.4142 2.64576 3.4
      vertex -28.148 -2.77164 3.4
      vertex -28.148 2.77164 3.4
    endloop
  endfacet
  facet normal 0 0 1
    outer loop
      vertex -28.4142 2.64576 3.4
      vertex -28.4142 -2.64576 3.4
      vertex -28.148 -2.77164 3.4
    endloop
  endfacet
  facet normal -0 0 1
    outer loop
      vertex -28.6667 2.49441 3.4
      vertex -28.4142 -2.64576 3.4
      vertex -28.4142 2.64576 3.4
    endloop
  endfacet
  facet normal 0 0 1
    outer loop
      vertex -28.6667 2.49441 3.4
      vertex -28.6667 -2.49441 3.4
      vertex -28.4142 -2.64576 3.4
    endloop
  endfacet
  facet normal -0 0 1
    outer loop
      vertex -28.9032 2.31903 3.4
      vertex -28.6667 -2.49441 3.4
      vertex -28.6667 2.49441 3.4
    endloop
  endfacet
  facet normal 0 0 1
    outer loop
      vertex -28.9032 2.31903 3.4
      vertex -28.9032 -2.31903 3.4
      vertex -28.6667 -2.49441 3.4
    endloop
  endfacet
  facet normal -0 0 1
    outer loop
      vertex -29.1213 2.12132 3.4
      vertex -28.9032 -2.31903 3.4
      vertex -28.9032 2.31903 3.4
    endloop
  endfacet
  facet normal 0 0 1
    outer loop
      vertex -29.1213 2.12132 3.4
      vertex -29.1213 -2.12132 3.4
      vertex -28.9032 -2.31903 3.4
    endloop
  endfacet
  facet normal -0 0 1
    outer loop
      vertex -29.319 1.90318 3.4
      vertex -29.1213 -2.12132 3.4
      vertex -29.1213 2.12132 3.4
    endloop
  endfacet
  facet normal 0 0 1
    outer loop
      vertex -29.319 1.90318 3.4
      vertex -29.319 -1.90318 3.4
      vertex -29.1213 -2.12132 3.4
    endloop
  endfacet
  facet normal -0 0 1
    outer loop
      vertex -29.4944 1.66671 3.4
      vertex -29.319 -1.90318 3.4
      vertex -29.319 1.90318 3.4
    endloop
  endfacet
  facet normal 0 0 1
    outer loop
      vertex -29.4944 1.66671 3.4
      vertex -29.4944 -1.66671 3.4
      vertex -29.319 -1.90318 3.4
    endloop
  endfacet
  facet normal -0 0 1
    outer loop
      vertex -29.6458 1.41419 3.4
      vertex -29.4944 -1.66671 3.4
      vertex -29.4944 1.66671 3.4
    endloop
  endfacet
  facet normal 0 0 1
    outer loop
      vertex -29.6458 1.41419 3.4
      vertex -29.6458 -1.41419 3.4
      vertex -29.4944 -1.66671 3.4
    endloop
  endfacet
  facet normal -0 0 1
    outer loop
      vertex -29.7716 1.14805 3.4
      vertex -29.6458 -1.41419 3.4
      vertex -29.6458 1.41419 3.4
    endloop
  endfacet
  facet normal 0 0 1
    outer loop
      vertex -29.7716 1.14805 3.4
      vertex -29.7716 -1.14805 3.4
      vertex -29.6458 -1.41419 3.4
    endloop
  endfacet
  facet normal -0 0 1
    outer loop
      vertex -29.8708 0.870853 3.4
      vertex -29.7716 -1.14805 3.4
      vertex -29.7716 1.14805 3.4
    endloop
  endfacet
  facet normal 0 0 1
    outer loop
      vertex -29.8708 0.870853 3.4
      vertex -29.8708 -0.870853 3.4
      vertex -29.7716 -1.14805 3.4
    endloop
  endfacet
  facet normal -0 0 1
    outer loop
      vertex -29.9424 0.585271 3.4
      vertex -29.8708 -0.870853 3.4
      vertex -29.8708 0.870853 3.4
    endloop
  endfacet
  facet normal 0 0 1
    outer loop
      vertex -29.9424 0.585271 3.4
      vertex -29.9424 -0.585271 3.4
      vertex -29.8708 -0.870853 3.4
    endloop
  endfacet
  facet normal -0 0 1
    outer loop
      vertex -29.9856 0.294051 3.4
      vertex -29.9424 -0.585271 3.4
      vertex -29.9424 0.585271 3.4
    endloop
  endfacet
  facet normal 0 0 1
    outer loop
      vertex -29.9856 0.294051 3.4
      vertex -29.9856 -0.294051 3.4
      vertex -29.9424 -0.585271 3.4
    endloop
  endfacet
  facet normal 0 -0 1
    outer loop
      vertex -29.9856 -0.294051 3.4
      vertex -29.9856 0.294051 3.4
      vertex -30 0 3.4
    endloop
  endfacet
  facet normal -0.941525 0.336942 0
    outer loop
      vertex -29.8708 0.870853 0
      vertex -29.7716 1.14805 3.4
      vertex -29.7716 1.14805 0
    endloop
  endfacet
  facet normal -0.941525 0.336942 0
    outer loop
      vertex -29.7716 1.14805 3.4
      vertex -29.8708 0.870853 0
      vertex -29.8708 0.870853 3.4
    endloop
  endfacet
  facet normal -0.969979 0.243189 0
    outer loop
      vertex -29.9424 0.585271 0
      vertex -29.8708 0.870853 3.4
      vertex -29.8708 0.870853 0
    endloop
  endfacet
  facet normal -0.969979 0.243189 0
    outer loop
      vertex -29.8708 0.870853 3.4
      vertex -29.9424 0.585271 0
      vertex -29.9424 0.585271 3.4
    endloop
  endfacet
  facet normal -0.857661 0.514216 0
    outer loop
      vertex -29.6458 1.41419 0
      vertex -29.4944 1.66671 3.4
      vertex -29.4944 1.66671 0
    endloop
  endfacet
  facet normal -0.857661 0.514216 0
    outer loop
      vertex -29.4944 1.66671 3.4
      vertex -29.6458 1.41419 0
      vertex -29.6458 1.41419 3.4
    endloop
  endfacet
  facet normal -0.803172 0.595747 0
    outer loop
      vertex -29.4944 1.66671 0
      vertex -29.319 1.90318 3.4
      vertex -29.319 1.90318 0
    endloop
  endfacet
  facet normal -0.803172 0.595747 0
    outer loop
      vertex -29.319 1.90318 3.4
      vertex -29.4944 1.66671 0
      vertex -29.4944 1.66671 3.4
    endloop
  endfacet
  facet normal -0.242983 0.970031 0
    outer loop
      vertex -27.5853 2.94236 0
      vertex -27.8709 2.87082 3.4
      vertex -27.5853 2.94236 3.4
    endloop
  endfacet
  facet normal -0.242983 0.970031 0
    outer loop
      vertex -27.8709 2.87082 3.4
      vertex -27.5853 2.94236 0
      vertex -27.8709 2.87082 0
    endloop
  endfacet
  facet normal -0.0490738 0.998795 0
    outer loop
      vertex -27 3 0
      vertex -27.2941 2.98555 3.4
      vertex -27 3 3.4
    endloop
  endfacet
  facet normal -0.0490738 0.998795 0
    outer loop
      vertex -27.2941 2.98555 3.4
      vertex -27 3 0
      vertex -27.2941 2.98555 0
    endloop
  endfacet
  facet normal -0.514121 0.857718 0
    outer loop
      vertex -28.4142 2.64576 0
      vertex -28.6667 2.49441 3.4
      vertex -28.4142 2.64576 3.4
    endloop
  endfacet
  facet normal -0.514121 0.857718 0
    outer loop
      vertex -28.6667 2.49441 3.4
      vertex -28.4142 2.64576 0
      vertex -28.6667 2.49441 0
    endloop
  endfacet
  facet normal -0.595655 0.803241 0
    outer loop
      vertex -28.6667 2.49441 0
      vertex -28.9032 2.31903 3.4
      vertex -28.6667 2.49441 3.4
    endloop
  endfacet
  facet normal -0.595655 0.803241 0
    outer loop
      vertex -28.9032 2.31903 3.4
      vertex -28.6667 2.49441 0
      vertex -28.9032 2.31903 0
    endloop
  endfacet
  facet normal -0.427491 0.90402 0
    outer loop
      vertex -28.148 2.77164 0
      vertex -28.4142 2.64576 3.4
      vertex -28.148 2.77164 3.4
    endloop
  endfacet
  facet normal -0.427491 0.90402 0
    outer loop
      vertex -28.4142 2.64576 3.4
      vertex -28.148 2.77164 0
      vertex -28.4142 2.64576 0
    endloop
  endfacet
  facet normal -0.671625 0.740891 0
    outer loop
      vertex -28.9032 2.31903 0
      vertex -29.1213 2.12132 3.4
      vertex -28.9032 2.31903 3.4
    endloop
  endfacet
  facet normal -0.671625 0.740891 0
    outer loop
      vertex -29.1213 2.12132 3.4
      vertex -28.9032 2.31903 0
      vertex -29.1213 2.12132 0
    endloop
  endfacet
  facet normal 0.998803 0.0489125 0
    outer loop
      vertex -24 0 3.4
      vertex -24.0144 0.294051 0
      vertex -24.0144 0.294051 3.4
    endloop
  endfacet
  facet normal 0.998803 0.0489125 0
    outer loop
      vertex -24.0144 0.294051 0
      vertex -24 0 3.4
      vertex -24 0 0
    endloop
  endfacet
  facet normal 0.969979 -0.243189 0
    outer loop
      vertex -24.1292 -0.870853 3.4
      vertex -24.0576 -0.585271 0
      vertex -24.0576 -0.585271 3.4
    endloop
  endfacet
  facet normal 0.969979 -0.243189 0
    outer loop
      vertex -24.0576 -0.585271 0
      vertex -24.1292 -0.870853 3.4
      vertex -24.1292 -0.870853 0
    endloop
  endfacet
  facet normal 0.0490738 -0.998795 0
    outer loop
      vertex -27 -3 0
      vertex -26.7059 -2.98555 3.4
      vertex -27 -3 3.4
    endloop
  endfacet
  facet normal 0.0490738 -0.998795 0
    outer loop
      vertex -26.7059 -2.98555 3.4
      vertex -27 -3 0
      vertex -26.7059 -2.98555 0
    endloop
  endfacet
  facet normal 0.242983 -0.970031 0
    outer loop
      vertex -26.4147 -2.94236 0
      vertex -26.1291 -2.87082 3.4
      vertex -26.4147 -2.94236 3.4
    endloop
  endfacet
  facet normal 0.242983 -0.970031 0
    outer loop
      vertex -26.1291 -2.87082 3.4
      vertex -26.4147 -2.94236 0
      vertex -26.1291 -2.87082 0
    endloop
  endfacet
  facet normal 0.595655 -0.803241 0
    outer loop
      vertex -25.3333 -2.49441 0
      vertex -25.0968 -2.31903 3.4
      vertex -25.3333 -2.49441 3.4
    endloop
  endfacet
  facet normal 0.595655 -0.803241 0
    outer loop
      vertex -25.0968 -2.31903 3.4
      vertex -25.3333 -2.49441 0
      vertex -25.0968 -2.31903 0
    endloop
  endfacet
  facet normal 0.427491 -0.90402 0
    outer loop
      vertex -25.852 -2.77164 0
      vertex -25.5858 -2.64576 3.4
      vertex -25.852 -2.77164 3.4
    endloop
  endfacet
  facet normal 0.427491 -0.90402 0
    outer loop
      vertex -25.5858 -2.64576 3.4
      vertex -25.852 -2.77164 0
      vertex -25.5858 -2.64576 0
    endloop
  endfacet
  facet normal -0.336986 -0.94151 0
    outer loop
      vertex -28.148 -2.77164 0
      vertex -27.8709 -2.87082 3.4
      vertex -28.148 -2.77164 3.4
    endloop
  endfacet
  facet normal -0.336986 -0.94151 -0
    outer loop
      vertex -27.8709 -2.87082 3.4
      vertex -28.148 -2.77164 0
      vertex -27.8709 -2.87082 0
    endloop
  endfacet
  facet normal -0.514121 -0.857718 0
    outer loop
      vertex -28.6667 -2.49441 0
      vertex -28.4142 -2.64576 3.4
      vertex -28.6667 -2.49441 3.4
    endloop
  endfacet
  facet normal -0.514121 -0.857718 -0
    outer loop
      vertex -28.4142 -2.64576 3.4
      vertex -28.6667 -2.49441 0
      vertex -28.4142 -2.64576 0
    endloop
  endfacet
  facet normal -0.969979 -0.243189 0
    outer loop
      vertex -29.8708 -0.870853 0
      vertex -29.9424 -0.585271 3.4
      vertex -29.9424 -0.585271 0
    endloop
  endfacet
  facet normal -0.969979 -0.243189 0
    outer loop
      vertex -29.9424 -0.585271 3.4
      vertex -29.8708 -0.870853 0
      vertex -29.8708 -0.870853 3.4
    endloop
  endfacet
  facet normal -0.998803 -0.0489125 0
    outer loop
      vertex -29.9856 -0.294051 0
      vertex -30 0 3.4
      vertex -30 0 0
    endloop
  endfacet
  facet normal -0.998803 -0.0489125 0
    outer loop
      vertex -30 0 3.4
      vertex -29.9856 -0.294051 0
      vertex -29.9856 -0.294051 3.4
    endloop
  endfacet
  facet normal -0.803172 -0.595747 0
    outer loop
      vertex -29.319 -1.90318 0
      vertex -29.4944 -1.66671 3.4
      vertex -29.4944 -1.66671 0
    endloop
  endfacet
  facet normal -0.803172 -0.595747 0
    outer loop
      vertex -29.4944 -1.66671 3.4
      vertex -29.319 -1.90318 0
      vertex -29.319 -1.90318 3.4
    endloop
  endfacet
  facet normal -0.904088 -0.427347 0
    outer loop
      vertex -29.6458 -1.41419 0
      vertex -29.7716 -1.14805 3.4
      vertex -29.7716 -1.14805 0
    endloop
  endfacet
  facet normal -0.904088 -0.427347 0
    outer loop
      vertex -29.7716 -1.14805 3.4
      vertex -29.6458 -1.41419 0
      vertex -29.6458 -1.41419 3.4
    endloop
  endfacet
  facet normal 0.989176 -0.146736 0
    outer loop
      vertex -24.0576 -0.585271 3.4
      vertex -24.0144 -0.294051 0
      vertex -24.0144 -0.294051 3.4
    endloop
  endfacet
  facet normal 0.989176 -0.146736 0
    outer loop
      vertex -24.0144 -0.294051 0
      vertex -24.0576 -0.585271 3.4
      vertex -24.0576 -0.585271 0
    endloop
  endfacet
  facet normal 0.857661 -0.514216 0
    outer loop
      vertex -24.5056 -1.66671 3.4
      vertex -24.3542 -1.41419 0
      vertex -24.3542 -1.41419 3.4
    endloop
  endfacet
  facet normal 0.857661 -0.514216 0
    outer loop
      vertex -24.3542 -1.41419 0
      vertex -24.5056 -1.66671 3.4
      vertex -24.5056 -1.66671 0
    endloop
  endfacet
  facet normal 0.146712 -0.989179 0
    outer loop
      vertex -26.7059 -2.98555 0
      vertex -26.4147 -2.94236 3.4
      vertex -26.7059 -2.98555 3.4
    endloop
  endfacet
  facet normal 0.146712 -0.989179 0
    outer loop
      vertex -26.4147 -2.94236 3.4
      vertex -26.7059 -2.98555 0
      vertex -26.4147 -2.94236 0
    endloop
  endfacet
  facet normal 0.336986 -0.94151 0
    outer loop
      vertex -26.1291 -2.87082 0
      vertex -25.852 -2.77164 3.4
      vertex -26.1291 -2.87082 3.4
    endloop
  endfacet
  facet normal 0.336986 -0.94151 0
    outer loop
      vertex -25.852 -2.77164 3.4
      vertex -26.1291 -2.87082 0
      vertex -25.852 -2.77164 0
    endloop
  endfacet
  facet normal 0.671625 -0.740891 0
    outer loop
      vertex -25.0968 -2.31903 0
      vertex -24.8787 -2.12132 3.4
      vertex -25.0968 -2.31903 3.4
    endloop
  endfacet
  facet normal 0.671625 -0.740891 0
    outer loop
      vertex -24.8787 -2.12132 3.4
      vertex -25.0968 -2.31903 0
      vertex -24.8787 -2.12132 0
    endloop
  endfacet
  facet normal 0.514121 -0.857718 0
    outer loop
      vertex -25.5858 -2.64576 0
      vertex -25.3333 -2.49441 3.4
      vertex -25.5858 -2.64576 3.4
    endloop
  endfacet
  facet normal 0.514121 -0.857718 0
    outer loop
      vertex -25.3333 -2.49441 3.4
      vertex -25.5858 -2.64576 0
      vertex -25.3333 -2.49441 0
    endloop
  endfacet
  facet normal -0.0490738 -0.998795 0
    outer loop
      vertex -27.2941 -2.98555 0
      vertex -27 -3 3.4
      vertex -27.2941 -2.98555 3.4
    endloop
  endfacet
  facet normal -0.0490738 -0.998795 -0
    outer loop
      vertex -27 -3 3.4
      vertex -27.2941 -2.98555 0
      vertex -27 -3 0
    endloop
  endfacet
  facet normal -0.242983 -0.970031 0
    outer loop
      vertex -27.8709 -2.87082 0
      vertex -27.5853 -2.94236 3.4
      vertex -27.8709 -2.87082 3.4
    endloop
  endfacet
  facet normal -0.242983 -0.970031 -0
    outer loop
      vertex -27.5853 -2.94236 3.4
      vertex -27.8709 -2.87082 0
      vertex -27.5853 -2.94236 0
    endloop
  endfacet
  facet normal -0.595655 -0.803241 0
    outer loop
      vertex -28.9032 -2.31903 0
      vertex -28.6667 -2.49441 3.4
      vertex -28.9032 -2.31903 3.4
    endloop
  endfacet
  facet normal -0.595655 -0.803241 -0
    outer loop
      vertex -28.6667 -2.49441 3.4
      vertex -28.9032 -2.31903 0
      vertex -28.6667 -2.49441 0
    endloop
  endfacet
  facet normal -0.941525 -0.336942 0
    outer loop
      vertex -29.7716 -1.14805 0
      vertex -29.8708 -0.870853 3.4
      vertex -29.8708 -0.870853 0
    endloop
  endfacet
  facet normal -0.941525 -0.336942 0
    outer loop
      vertex -29.8708 -0.870853 3.4
      vertex -29.7716 -1.14805 0
      vertex -29.7716 -1.14805 3.4
    endloop
  endfacet
  facet normal -0.989176 -0.146736 0
    outer loop
      vertex -29.9424 -0.585271 0
      vertex -29.9856 -0.294051 3.4
      vertex -29.9856 -0.294051 0
    endloop
  endfacet
  facet normal -0.989176 -0.146736 0
    outer loop
      vertex -29.9856 -0.294051 3.4
      vertex -29.9424 -0.585271 0
      vertex -29.9424 -0.585271 3.4
    endloop
  endfacet
  facet normal -0.857661 -0.514216 0
    outer loop
      vertex -29.4944 -1.66671 0
      vertex -29.6458 -1.41419 3.4
      vertex -29.6458 -1.41419 0
    endloop
  endfacet
  facet normal -0.857661 -0.514216 0
    outer loop
      vertex -29.6458 -1.41419 3.4
      vertex -29.4944 -1.66671 0
      vertex -29.4944 -1.66671 3.4
    endloop
  endfacet
  facet normal -0.740969 -0.671539 0
    outer loop
      vertex -29.1213 -2.12132 0
      vertex -29.319 -1.90318 3.4
      vertex -29.319 -1.90318 0
    endloop
  endfacet
  facet normal -0.740969 -0.671539 0
    outer loop
      vertex -29.319 -1.90318 3.4
      vertex -29.1213 -2.12132 0
      vertex -29.1213 -2.12132 3.4
    endloop
  endfacet
  facet normal 0.904088 -0.427347 0
    outer loop
      vertex -24.3542 -1.41419 3.4
      vertex -24.2284 -1.14805 0
      vertex -24.2284 -1.14805 3.4
    endloop
  endfacet
  facet normal 0.904088 -0.427347 0
    outer loop
      vertex -24.2284 -1.14805 0
      vertex -24.3542 -1.41419 3.4
      vertex -24.3542 -1.41419 0
    endloop
  endfacet
  facet normal 0.803172 -0.595747 0
    outer loop
      vertex -24.681 -1.90318 3.4
      vertex -24.5056 -1.66671 0
      vertex -24.5056 -1.66671 3.4
    endloop
  endfacet
  facet normal 0.803172 -0.595747 0
    outer loop
      vertex -24.5056 -1.66671 0
      vertex -24.681 -1.90318 3.4
      vertex -24.681 -1.90318 0
    endloop
  endfacet
  facet normal 0.740969 -0.671539 0
    outer loop
      vertex -24.8787 -2.12132 3.4
      vertex -24.681 -1.90318 0
      vertex -24.681 -1.90318 3.4
    endloop
  endfacet
  facet normal 0.740969 -0.671539 0
    outer loop
      vertex -24.681 -1.90318 0
      vertex -24.8787 -2.12132 3.4
      vertex -24.8787 -2.12132 0
    endloop
  endfacet
  facet normal 1 -0 0
    outer loop
      vertex -2 -0.65 3.1
      vertex -2 0.65 0
      vertex -2 0.65 3.1
    endloop
  endfacet
  facet normal 1 0 0
    outer loop
      vertex -2 0.65 0
      vertex -2 -0.65 3.1
      vertex -2 -0.65 0
    endloop
  endfacet
  facet normal 0 0 -1
    outer loop
      vertex 0.599999 -2 3.1
      vertex 0.65 -0.65 3.1
      vertex 0.65 -2 3.1
    endloop
  endfacet
  facet normal -0 0 -1
    outer loop
      vertex 0.65 -0.65 3.1
      vertex 0.599999 -2 3.1
      vertex 0.65 0.65 3.1
    endloop
  endfacet
  facet normal 0 0 -1
    outer loop
      vertex 0.599999 2 3.1
      vertex 0.65 0.65 3.1
      vertex 0.599999 -2 3.1
    endloop
  endfacet
  facet normal 0 0 -1
    outer loop
      vertex 0.65 0.65 3.1
      vertex 0.599999 2 3.1
      vertex 0.65 2 3.1
    endloop
  endfacet
  facet normal 0 0 -1
    outer loop
      vertex 0.65 -0.65 3.1
      vertex 2 0.65 3.1
      vertex 2 -0.65 3.1
    endloop
  endfacet
  facet normal -0 0 -1
    outer loop
      vertex 2 0.65 3.1
      vertex 0.65 -0.65 3.1
      vertex 0.65 0.65 3.1
    endloop
  endfacet
  facet normal 0 0 -1
    outer loop
      vertex -2 -0.65 3.1
      vertex -0.65 0.65 3.1
      vertex -0.65 -0.65 3.1
    endloop
  endfacet
  facet normal -0 0 -1
    outer loop
      vertex -0.65 0.65 3.1
      vertex -2 -0.65 3.1
      vertex -2 0.65 3.1
    endloop
  endfacet
  facet normal 0 0 -1
    outer loop
      vertex -0.65 -0.65 3.1
      vertex -0.599999 -2 3.1
      vertex -0.65 -2 3.1
    endloop
  endfacet
  facet normal 0 0 -1
    outer loop
      vertex -0.599999 -2 3.1
      vertex -0.65 -0.65 3.1
      vertex -0.599999 2 3.1
    endloop
  endfacet
  facet normal 0 0 -1
    outer loop
      vertex -0.65 0.65 3.1
      vertex -0.599999 2 3.1
      vertex -0.65 -0.65 3.1
    endloop
  endfacet
  facet normal -0 0 -1
    outer loop
      vertex -0.599999 2 3.1
      vertex -0.65 0.65 3.1
      vertex -0.65 2 3.1
    endloop
  endfacet
  facet normal -1 0 0
    outer loop
      vertex 2 -0.65 0
      vertex 2 0.65 3.1
      vertex 2 0.65 0
    endloop
  endfacet
  facet normal -1 -0 0
    outer loop
      vertex 2 0.65 3.1
      vertex 2 -0.65 0
      vertex 2 -0.65 3.1
    endloop
  endfacet
  facet normal 0 1 -0
    outer loop
      vertex 2 -0.65 0
      vertex 0.65 -0.65 3.1
      vertex 2 -0.65 3.1
    endloop
  endfacet
  facet normal 0 1 0
    outer loop
      vertex 0.65 -0.65 3.1
      vertex 2 -0.65 0
      vertex 0.65 -0.65 0
    endloop
  endfacet
  facet normal 0 1 -0
    outer loop
      vertex -0.65 -0.65 0
      vertex -2 -0.65 3.1
      vertex -0.65 -0.65 3.1
    endloop
  endfacet
  facet normal 0 1 0
    outer loop
      vertex -2 -0.65 3.1
      vertex -0.65 -0.65 0
      vertex -2 -0.65 0
    endloop
  endfacet
  facet normal 0 -1 0
    outer loop
      vertex 0.65 0.65 0
      vertex 2 0.65 3.1
      vertex 0.65 0.65 3.1
    endloop
  endfacet
  facet normal 0 -1 -0
    outer loop
      vertex 2 0.65 3.1
      vertex 0.65 0.65 0
      vertex 2 0.65 0
    endloop
  endfacet
  facet normal 0 -1 0
    outer loop
      vertex -2 0.65 0
      vertex -0.65 0.65 3.1
      vertex -2 0.65 3.1
    endloop
  endfacet
  facet normal 0 -1 -0
    outer loop
      vertex -0.65 0.65 3.1
      vertex -2 0.65 0
      vertex -0.65 0.65 0
    endloop
  endfacet
  facet normal 1 -0 0
    outer loop
      vertex -0.65 -2 3.1
      vertex -0.65 -0.65 0
      vertex -0.65 -0.65 3.1
    endloop
  endfacet
  facet normal 1 0 0
    outer loop
      vertex -0.65 -0.65 0
      vertex -0.65 -2 3.1
      vertex -0.65 -2 0
    endloop
  endfacet
  facet normal 1 -0 0
    outer loop
      vertex -0.65 0.65 3.1
      vertex -0.65 2 0
      vertex -0.65 2 3.1
    endloop
  endfacet
  facet normal 1 0 0
    outer loop
      vertex -0.65 2 0
      vertex -0.65 0.65 3.1
      vertex -0.65 0.65 0
    endloop
  endfacet
  facet normal -1 0 0
    outer loop
      vertex 0.65 -2 0
      vertex 0.65 -0.65 3.1
      vertex 0.65 -0.65 0
    endloop
  endfacet
  facet normal -1 -0 0
    outer loop
      vertex 0.65 -0.65 3.1
      vertex 0.65 -2 0
      vertex 0.65 -2 3.1
    endloop
  endfacet
  facet normal -1 0 0
    outer loop
      vertex 0.65 0.65 0
      vertex 0.65 2 3.1
      vertex 0.65 2 0
    endloop
  endfacet
  facet normal -1 -0 0
    outer loop
      vertex 0.65 2 3.1
      vertex 0.65 0.65 0
      vertex 0.65 0.65 3.1
    endloop
  endfacet
  facet normal 0 -1 0
    outer loop
      vertex 0.599999 2 0
      vertex 0.65 2 3.1
      vertex 0.599999 2 3.1
    endloop
  endfacet
  facet normal 0 -1 -0
    outer loop
      vertex 0.65 2 3.1
      vertex 0.599999 2 0
      vertex 0.65 2 0
    endloop
  endfacet
  facet normal 0 -1 0
    outer loop
      vertex -0.65 2 0
      vertex -0.599999 2 3.1
      vertex -0.65 2 3.1
    endloop
  endfacet
  facet normal 0 -1 -0
    outer loop
      vertex -0.599999 2 3.1
      vertex -0.65 2 0
      vertex -0.599999 2 0
    endloop
  endfacet
  facet normal 0 1 -0
    outer loop
      vertex 0.65 -2 0
      vertex 0.599999 -2 3.1
      vertex 0.65 -2 3.1
    endloop
  endfacet
  facet normal 0 1 0
    outer loop
      vertex 0.599999 -2 3.1
      vertex 0.65 -2 0
      vertex 0.599999 -2 0
    endloop
  endfacet
  facet normal 0 1 -0
    outer loop
      vertex -0.599999 -2 0
      vertex -0.65 -2 3.1
      vertex -0.599999 -2 3.1
    endloop
  endfacet
  facet normal 0 1 0
    outer loop
      vertex -0.65 -2 3.1
      vertex -0.599999 -2 0
      vertex -0.65 -2 0
    endloop
  endfacet
  facet normal 0.671558 0.740952 -0
    outer loop
      vertex 2.12132 2.12132 0
      vertex 1.90318 2.31903 3.4
      vertex 2.12132 2.12132 3.4
    endloop
  endfacet
  facet normal 0.671558 0.740952 0
    outer loop
      vertex 1.90318 2.31903 3.4
      vertex 2.12132 2.12132 0
      vertex 1.90318 2.31903 0
    endloop
  endfacet
  facet normal 0.998795 -0.0490819 0
    outer loop
      vertex 2.98555 -0.294051 3.4
      vertex 3 0 0
      vertex 3 0 3.4
    endloop
  endfacet
  facet normal 0.998795 -0.0490819 0
    outer loop
      vertex 3 0 0
      vertex 2.98555 -0.294051 3.4
      vertex 2.98555 -0.294051 0
    endloop
  endfacet
  facet normal -0.336882 0.941547 0
    outer loop
      vertex -0.870853 2.87082 0
      vertex -1.14805 2.77164 3.4
      vertex -0.870853 2.87082 3.4
    endloop
  endfacet
  facet normal -0.336882 0.941547 0
    outer loop
      vertex -1.14805 2.77164 3.4
      vertex -0.870853 2.87082 0
      vertex -1.14805 2.77164 0
    endloop
  endfacet
  facet normal -0.903983 0.427569 0
    outer loop
      vertex -2.77164 1.14805 0
      vertex -2.64576 1.41419 3.4
      vertex -2.64576 1.41419 0
    endloop
  endfacet
  facet normal -0.903983 0.427569 0
    outer loop
      vertex -2.64576 1.41419 3.4
      vertex -2.77164 1.14805 0
      vertex -2.77164 1.14805 3.4
    endloop
  endfacet
  facet normal -0.427569 -0.903983 0
    outer loop
      vertex -1.41419 -2.64576 0
      vertex -1.14805 -2.77164 3.4
      vertex -1.41419 -2.64576 3.4
    endloop
  endfacet
  facet normal -0.427569 -0.903983 -0
    outer loop
      vertex -1.14805 -2.77164 3.4
      vertex -1.41419 -2.64576 0
      vertex -1.14805 -2.77164 0
    endloop
  endfacet
  facet normal 0.903983 0.427569 0
    outer loop
      vertex 2.77164 1.14805 3.4
      vertex 2.64576 1.41419 0
      vertex 2.64576 1.41419 3.4
    endloop
  endfacet
  facet normal 0.903983 0.427569 0
    outer loop
      vertex 2.64576 1.41419 0
      vertex 2.77164 1.14805 3.4
      vertex 2.77164 1.14805 0
    endloop
  endfacet
  facet normal 0.857736 0.514091 0
    outer loop
      vertex 2.64576 1.41419 3.4
      vertex 2.49441 1.66671 0
      vertex 2.49441 1.66671 3.4
    endloop
  endfacet
  facet normal 0.857736 0.514091 0
    outer loop
      vertex 2.49441 1.66671 0
      vertex 2.64576 1.41419 3.4
      vertex 2.64576 1.41419 0
    endloop
  endfacet
  facet normal 0.427569 0.903983 -0
    outer loop
      vertex 1.41419 2.64576 0
      vertex 1.14805 2.77164 3.4
      vertex 1.41419 2.64576 3.4
    endloop
  endfacet
  facet normal 0.427569 0.903983 0
    outer loop
      vertex 1.14805 2.77164 3.4
      vertex 1.41419 2.64576 0
      vertex 1.14805 2.77164 0
    endloop
  endfacet
  facet normal -0.989181 0.146703 0
    outer loop
      vertex -2.98555 0.294051 0
      vertex -2.94236 0.585271 3.4
      vertex -2.94236 0.585271 0
    endloop
  endfacet
  facet normal -0.989181 0.146703 0
    outer loop
      vertex -2.94236 0.585271 3.4
      vertex -2.98555 0.294051 0
      vertex -2.98555 0.294051 3.4
    endloop
  endfacet
  facet normal -0.740952 0.671558 0
    outer loop
      vertex -2.31903 1.90318 0
      vertex -2.12132 2.12132 3.4
      vertex -2.12132 2.12132 0
    endloop
  endfacet
  facet normal -0.740952 0.671558 0
    outer loop
      vertex -2.12132 2.12132 3.4
      vertex -2.31903 1.90318 0
      vertex -2.31903 1.90318 3.4
    endloop
  endfacet
  facet normal 0.941547 -0.336882 0
    outer loop
      vertex 2.77164 -1.14805 3.4
      vertex 2.87082 -0.870853 0
      vertex 2.87082 -0.870853 3.4
    endloop
  endfacet
  facet normal 0.941547 -0.336882 0
    outer loop
      vertex 2.87082 -0.870853 0
      vertex 2.77164 -1.14805 3.4
      vertex 2.77164 -1.14805 0
    endloop
  endfacet
  facet normal -0.671558 -0.740952 0
    outer loop
      vertex -2.12132 -2.12132 0
      vertex -1.90318 -2.31903 3.4
      vertex -2.12132 -2.12132 3.4
    endloop
  endfacet
  facet normal -0.671558 -0.740952 -0
    outer loop
      vertex -1.90318 -2.31903 3.4
      vertex -2.12132 -2.12132 0
      vertex -1.90318 -2.31903 0
    endloop
  endfacet
  facet normal 0.989181 0.146703 0
    outer loop
      vertex 2.98555 0.294051 3.4
      vertex 2.94236 0.585271 0
      vertex 2.94236 0.585271 3.4
    endloop
  endfacet
  facet normal 0.989181 0.146703 0
    outer loop
      vertex 2.94236 0.585271 0
      vertex 2.98555 0.294051 3.4
      vertex 2.98555 0.294051 0
    endloop
  endfacet
  facet normal 0.970027 0.242998 0
    outer loop
      vertex 2.94236 0.585271 3.4
      vertex 2.87082 0.870853 0
      vertex 2.87082 0.870853 3.4
    endloop
  endfacet
  facet normal 0.970027 0.242998 0
    outer loop
      vertex 2.87082 0.870853 0
      vertex 2.94236 0.585271 3.4
      vertex 2.94236 0.585271 0
    endloop
  endfacet
  facet normal 0.941547 0.336882 0
    outer loop
      vertex 2.87082 0.870853 3.4
      vertex 2.77164 1.14805 0
      vertex 2.77164 1.14805 3.4
    endloop
  endfacet
  facet normal 0.941547 0.336882 0
    outer loop
      vertex 2.77164 1.14805 0
      vertex 2.87082 0.870853 3.4
      vertex 2.87082 0.870853 0
    endloop
  endfacet
  facet normal 0.803204 0.595703 0
    outer loop
      vertex 2.49441 1.66671 3.4
      vertex 2.31903 1.90318 0
      vertex 2.31903 1.90318 3.4
    endloop
  endfacet
  facet normal 0.803204 0.595703 0
    outer loop
      vertex 2.31903 1.90318 0
      vertex 2.49441 1.66671 3.4
      vertex 2.49441 1.66671 0
    endloop
  endfacet
  facet normal 0.740952 0.671558 0
    outer loop
      vertex 2.31903 1.90318 3.4
      vertex 2.12132 2.12132 0
      vertex 2.12132 2.12132 3.4
    endloop
  endfacet
  facet normal 0.740952 0.671558 0
    outer loop
      vertex 2.12132 2.12132 0
      vertex 2.31903 1.90318 3.4
      vertex 2.31903 1.90318 0
    endloop
  endfacet
  facet normal 0.595703 0.803204 -0
    outer loop
      vertex 1.90318 2.31903 0
      vertex 1.66671 2.49441 3.4
      vertex 1.90318 2.31903 3.4
    endloop
  endfacet
  facet normal 0.595703 0.803204 0
    outer loop
      vertex 1.66671 2.49441 3.4
      vertex 1.90318 2.31903 0
      vertex 1.66671 2.49441 0
    endloop
  endfacet
  facet normal 0.514091 0.857736 -0
    outer loop
      vertex 1.66671 2.49441 0
      vertex 1.41419 2.64576 3.4
      vertex 1.66671 2.49441 3.4
    endloop
  endfacet
  facet normal 0.514091 0.857736 0
    outer loop
      vertex 1.41419 2.64576 3.4
      vertex 1.66671 2.49441 0
      vertex 1.41419 2.64576 0
    endloop
  endfacet
  facet normal 0.336882 0.941547 -0
    outer loop
      vertex 1.14805 2.77164 0
      vertex 0.870853 2.87082 3.4
      vertex 1.14805 2.77164 3.4
    endloop
  endfacet
  facet normal 0.336882 0.941547 0
    outer loop
      vertex 0.870853 2.87082 3.4
      vertex 1.14805 2.77164 0
      vertex 0.870853 2.87082 0
    endloop
  endfacet
  facet normal 0.242996 0.970027 -0
    outer loop
      vertex 0.870853 2.87082 0
      vertex 0.599999 2.93867 3.4
      vertex 0.870853 2.87082 3.4
    endloop
  endfacet
  facet normal 0.242996 0.970027 0
    outer loop
      vertex 0.599999 2.93867 3.4
      vertex 0.870853 2.87082 0
      vertex 0.599999 2.93867 0
    endloop
  endfacet
  facet normal -0.998795 0.0490819 0
    outer loop
      vertex -3 0 0
      vertex -2.98555 0.294051 3.4
      vertex -2.98555 0.294051 0
    endloop
  endfacet
  facet normal -0.998795 0.0490819 0
    outer loop
      vertex -2.98555 0.294051 3.4
      vertex -3 0 0
      vertex -3 0 3.4
    endloop
  endfacet
  facet normal -0 0 1
    outer loop
      vertex -0.870853 2.87082 3.4
      vertex -0.599999 -2.93867 3.4
      vertex -0.599999 2.93867 3.4
    endloop
  endfacet
  facet normal 0 0 1
    outer loop
      vertex -0.870853 2.87082 3.4
      vertex -0.870853 -2.87082 3.4
      vertex -0.599999 -2.93867 3.4
    endloop
  endfacet
  facet normal -0 0 1
    outer loop
      vertex -1.14805 2.77164 3.4
      vertex -0.870853 -2.87082 3.4
      vertex -0.870853 2.87082 3.4
    endloop
  endfacet
  facet normal 0 0 1
    outer loop
      vertex -1.14805 2.77164 3.4
      vertex -1.14805 -2.77164 3.4
      vertex -0.870853 -2.87082 3.4
    endloop
  endfacet
  facet normal -0 0 1
    outer loop
      vertex -1.41419 2.64576 3.4
      vertex -1.14805 -2.77164 3.4
      vertex -1.14805 2.77164 3.4
    endloop
  endfacet
  facet normal 0 0 1
    outer loop
      vertex -1.41419 2.64576 3.4
      vertex -1.41419 -2.64576 3.4
      vertex -1.14805 -2.77164 3.4
    endloop
  endfacet
  facet normal -0 0 1
    outer loop
      vertex -1.66671 2.49441 3.4
      vertex -1.41419 -2.64576 3.4
      vertex -1.41419 2.64576 3.4
    endloop
  endfacet
  facet normal 0 0 1
    outer loop
      vertex -1.66671 2.49441 3.4
      vertex -1.66671 -2.49441 3.4
      vertex -1.41419 -2.64576 3.4
    endloop
  endfacet
  facet normal -0 0 1
    outer loop
      vertex -1.90318 2.31903 3.4
      vertex -1.66671 -2.49441 3.4
      vertex -1.66671 2.49441 3.4
    endloop
  endfacet
  facet normal 0 0 1
    outer loop
      vertex -1.90318 2.31903 3.4
      vertex -1.90318 -2.31903 3.4
      vertex -1.66671 -2.49441 3.4
    endloop
  endfacet
  facet normal -0 0 1
    outer loop
      vertex -2.12132 2.12132 3.4
      vertex -1.90318 -2.31903 3.4
      vertex -1.90318 2.31903 3.4
    endloop
  endfacet
  facet normal 0 0 1
    outer loop
      vertex -2.12132 2.12132 3.4
      vertex -2.12132 -2.12132 3.4
      vertex -1.90318 -2.31903 3.4
    endloop
  endfacet
  facet normal -0 0 1
    outer loop
      vertex -2.31903 1.90318 3.4
      vertex -2.12132 -2.12132 3.4
      vertex -2.12132 2.12132 3.4
    endloop
  endfacet
  facet normal 0 0 1
    outer loop
      vertex -2.31903 1.90318 3.4
      vertex -2.31903 -1.90318 3.4
      vertex -2.12132 -2.12132 3.4
    endloop
  endfacet
  facet normal -0 0 1
    outer loop
      vertex -2.49441 1.66671 3.4
      vertex -2.31903 -1.90318 3.4
      vertex -2.31903 1.90318 3.4
    endloop
  endfacet
  facet normal 0 0 1
    outer loop
      vertex -2.49441 1.66671 3.4
      vertex -2.49441 -1.66671 3.4
      vertex -2.31903 -1.90318 3.4
    endloop
  endfacet
  facet normal -0 0 1
    outer loop
      vertex -2.64576 1.41419 3.4
      vertex -2.49441 -1.66671 3.4
      vertex -2.49441 1.66671 3.4
    endloop
  endfacet
  facet normal 0 0 1
    outer loop
      vertex -2.64576 1.41419 3.4
      vertex -2.64576 -1.41419 3.4
      vertex -2.49441 -1.66671 3.4
    endloop
  endfacet
  facet normal -0 0 1
    outer loop
      vertex -2.77164 1.14805 3.4
      vertex -2.64576 -1.41419 3.4
      vertex -2.64576 1.41419 3.4
    endloop
  endfacet
  facet normal 0 0 1
    outer loop
      vertex -2.77164 1.14805 3.4
      vertex -2.77164 -1.14805 3.4
      vertex -2.64576 -1.41419 3.4
    endloop
  endfacet
  facet normal -0 0 1
    outer loop
      vertex -2.87082 0.870853 3.4
      vertex -2.77164 -1.14805 3.4
      vertex -2.77164 1.14805 3.4
    endloop
  endfacet
  facet normal 0 0 1
    outer loop
      vertex -2.87082 0.870853 3.4
      vertex -2.87082 -0.870853 3.4
      vertex -2.77164 -1.14805 3.4
    endloop
  endfacet
  facet normal -0 0 1
    outer loop
      vertex -2.94236 0.585271 3.4
      vertex -2.87082 -0.870853 3.4
      vertex -2.87082 0.870853 3.4
    endloop
  endfacet
  facet normal 0 0 1
    outer loop
      vertex -2.94236 0.585271 3.4
      vertex -2.94236 -0.585271 3.4
      vertex -2.87082 -0.870853 3.4
    endloop
  endfacet
  facet normal -0 0 1
    outer loop
      vertex -2.98555 0.294051 3.4
      vertex -2.94236 -0.585271 3.4
      vertex -2.94236 0.585271 3.4
    endloop
  endfacet
  facet normal 0 0 1
    outer loop
      vertex -2.98555 0.294051 3.4
      vertex -2.98555 -0.294051 3.4
      vertex -2.94236 -0.585271 3.4
    endloop
  endfacet
  facet normal 0 -0 1
    outer loop
      vertex -2.98555 -0.294051 3.4
      vertex -2.98555 0.294051 3.4
      vertex -3 0 3.4
    endloop
  endfacet
  facet normal 0 0 1
    outer loop
      vertex -0.599999 2.93867 3.4
      vertex 0.599999 2.93867 3.4
      vertex 0.599999 6.45125 3.4
    endloop
  endfacet
  facet normal 0 0 1
    outer loop
      vertex 0.599999 2.93867 3.4
      vertex -0.599999 2.93867 3.4
      vertex 0.599999 -2.93867 3.4
    endloop
  endfacet
  facet normal 0 0 1
    outer loop
      vertex -0.599999 2.93867 3.4
      vertex 0.599999 6.45125 3.4
      vertex -0.599999 6.45125 3.4
    endloop
  endfacet
  facet normal 0 0 1
    outer loop
      vertex -0.599999 -2.93867 3.4
      vertex 0.599999 -2.93867 3.4
      vertex -0.599999 2.93867 3.4
    endloop
  endfacet
  facet normal 0 0 1
    outer loop
      vertex 0.599999 -2.93867 3.4
      vertex -0.599999 -2.93867 3.4
      vertex 0.599999 -6.45125 3.4
    endloop
  endfacet
  facet normal 0 0 1
    outer loop
      vertex 0.599999 -6.45125 3.4
      vertex -0.599999 -2.93867 3.4
      vertex -0.599999 -6.45125 3.4
    endloop
  endfacet
  facet normal 0 0 1
    outer loop
      vertex 2.98555 0.294051 3.4
      vertex 2.98555 -0.294051 3.4
      vertex 3 0 3.4
    endloop
  endfacet
  facet normal 0 0 1
    outer loop
      vertex 2.94236 0.585271 3.4
      vertex 2.98555 -0.294051 3.4
      vertex 2.98555 0.294051 3.4
    endloop
  endfacet
  facet normal 0 0 1
    outer loop
      vertex 2.94236 0.585271 3.4
      vertex 2.94236 -0.585271 3.4
      vertex 2.98555 -0.294051 3.4
    endloop
  endfacet
  facet normal 0 0 1
    outer loop
      vertex 2.87082 0.870853 3.4
      vertex 2.94236 -0.585271 3.4
      vertex 2.94236 0.585271 3.4
    endloop
  endfacet
  facet normal 0 0 1
    outer loop
      vertex 2.87082 0.870853 3.4
      vertex 2.87082 -0.870853 3.4
      vertex 2.94236 -0.585271 3.4
    endloop
  endfacet
  facet normal 0 0 1
    outer loop
      vertex 2.77164 1.14805 3.4
      vertex 2.87082 -0.870853 3.4
      vertex 2.87082 0.870853 3.4
    endloop
  endfacet
  facet normal 0 0 1
    outer loop
      vertex 2.77164 1.14805 3.4
      vertex 2.77164 -1.14805 3.4
      vertex 2.87082 -0.870853 3.4
    endloop
  endfacet
  facet normal 0 0 1
    outer loop
      vertex 2.64576 1.41419 3.4
      vertex 2.77164 -1.14805 3.4
      vertex 2.77164 1.14805 3.4
    endloop
  endfacet
  facet normal 0 0 1
    outer loop
      vertex 2.64576 1.41419 3.4
      vertex 2.64576 -1.41419 3.4
      vertex 2.77164 -1.14805 3.4
    endloop
  endfacet
  facet normal 0 0 1
    outer loop
      vertex 2.49441 1.66671 3.4
      vertex 2.64576 -1.41419 3.4
      vertex 2.64576 1.41419 3.4
    endloop
  endfacet
  facet normal 0 0 1
    outer loop
      vertex 2.49441 1.66671 3.4
      vertex 2.49441 -1.66671 3.4
      vertex 2.64576 -1.41419 3.4
    endloop
  endfacet
  facet normal 0 0 1
    outer loop
      vertex 2.31903 1.90318 3.4
      vertex 2.49441 -1.66671 3.4
      vertex 2.49441 1.66671 3.4
    endloop
  endfacet
  facet normal 0 0 1
    outer loop
      vertex 2.31903 1.90318 3.4
      vertex 2.31903 -1.90318 3.4
      vertex 2.49441 -1.66671 3.4
    endloop
  endfacet
  facet normal 0 0 1
    outer loop
      vertex 2.12132 2.12132 3.4
      vertex 2.31903 -1.90318 3.4
      vertex 2.31903 1.90318 3.4
    endloop
  endfacet
  facet normal 0 0 1
    outer loop
      vertex 2.12132 2.12132 3.4
      vertex 2.12132 -2.12132 3.4
      vertex 2.31903 -1.90318 3.4
    endloop
  endfacet
  facet normal 0 0 1
    outer loop
      vertex 1.90318 2.31903 3.4
      vertex 2.12132 -2.12132 3.4
      vertex 2.12132 2.12132 3.4
    endloop
  endfacet
  facet normal 0 0 1
    outer loop
      vertex 1.90318 2.31903 3.4
      vertex 1.90318 -2.31903 3.4
      vertex 2.12132 -2.12132 3.4
    endloop
  endfacet
  facet normal 0 0 1
    outer loop
      vertex 1.66671 2.49441 3.4
      vertex 1.90318 -2.31903 3.4
      vertex 1.90318 2.31903 3.4
    endloop
  endfacet
  facet normal 0 0 1
    outer loop
      vertex 1.66671 2.49441 3.4
      vertex 1.66671 -2.49441 3.4
      vertex 1.90318 -2.31903 3.4
    endloop
  endfacet
  facet normal 0 0 1
    outer loop
      vertex 1.41419 2.64576 3.4
      vertex 1.66671 -2.49441 3.4
      vertex 1.66671 2.49441 3.4
    endloop
  endfacet
  facet normal 0 0 1
    outer loop
      vertex 1.41419 2.64576 3.4
      vertex 1.41419 -2.64576 3.4
      vertex 1.66671 -2.49441 3.4
    endloop
  endfacet
  facet normal 0 0 1
    outer loop
      vertex 1.14805 2.77164 3.4
      vertex 1.41419 -2.64576 3.4
      vertex 1.41419 2.64576 3.4
    endloop
  endfacet
  facet normal 0 0 1
    outer loop
      vertex 1.14805 2.77164 3.4
      vertex 1.14805 -2.77164 3.4
      vertex 1.41419 -2.64576 3.4
    endloop
  endfacet
  facet normal 0 0 1
    outer loop
      vertex 0.870853 2.87082 3.4
      vertex 1.14805 -2.77164 3.4
      vertex 1.14805 2.77164 3.4
    endloop
  endfacet
  facet normal 0 0 1
    outer loop
      vertex 0.870853 2.87082 3.4
      vertex 0.870853 -2.87082 3.4
      vertex 1.14805 -2.77164 3.4
    endloop
  endfacet
  facet normal 0 0 1
    outer loop
      vertex 0.599999 2.93867 3.4
      vertex 0.870853 -2.87082 3.4
      vertex 0.870853 2.87082 3.4
    endloop
  endfacet
  facet normal 0 0 1
    outer loop
      vertex 0.870853 -2.87082 3.4
      vertex 0.599999 2.93867 3.4
      vertex 0.599999 -2.93867 3.4
    endloop
  endfacet
  facet normal -0.941547 0.336882 0
    outer loop
      vertex -2.87082 0.870853 0
      vertex -2.77164 1.14805 3.4
      vertex -2.77164 1.14805 0
    endloop
  endfacet
  facet normal -0.941547 0.336882 0
    outer loop
      vertex -2.77164 1.14805 3.4
      vertex -2.87082 0.870853 0
      vertex -2.87082 0.870853 3.4
    endloop
  endfacet
  facet normal -0.970027 0.242998 0
    outer loop
      vertex -2.94236 0.585271 0
      vertex -2.87082 0.870853 3.4
      vertex -2.87082 0.870853 0
    endloop
  endfacet
  facet normal -0.970027 0.242998 0
    outer loop
      vertex -2.87082 0.870853 3.4
      vertex -2.94236 0.585271 0
      vertex -2.94236 0.585271 3.4
    endloop
  endfacet
  facet normal -0.857736 0.514091 0
    outer loop
      vertex -2.64576 1.41419 0
      vertex -2.49441 1.66671 3.4
      vertex -2.49441 1.66671 0
    endloop
  endfacet
  facet normal -0.857736 0.514091 0
    outer loop
      vertex -2.49441 1.66671 3.4
      vertex -2.64576 1.41419 0
      vertex -2.64576 1.41419 3.4
    endloop
  endfacet
  facet normal -0.803204 0.595703 0
    outer loop
      vertex -2.49441 1.66671 0
      vertex -2.31903 1.90318 3.4
      vertex -2.31903 1.90318 0
    endloop
  endfacet
  facet normal -0.803204 0.595703 0
    outer loop
      vertex -2.31903 1.90318 3.4
      vertex -2.49441 1.66671 0
      vertex -2.49441 1.66671 3.4
    endloop
  endfacet
  facet normal -0.242996 0.970027 0
    outer loop
      vertex -0.599999 2.93867 0
      vertex -0.870853 2.87082 3.4
      vertex -0.599999 2.93867 3.4
    endloop
  endfacet
  facet normal -0.242996 0.970027 0
    outer loop
      vertex -0.870853 2.87082 3.4
      vertex -0.599999 2.93867 0
      vertex -0.870853 2.87082 0
    endloop
  endfacet
  facet normal -0.514091 0.857736 0
    outer loop
      vertex -1.41419 2.64576 0
      vertex -1.66671 2.49441 3.4
      vertex -1.41419 2.64576 3.4
    endloop
  endfacet
  facet normal -0.514091 0.857736 0
    outer loop
      vertex -1.66671 2.49441 3.4
      vertex -1.41419 2.64576 0
      vertex -1.66671 2.49441 0
    endloop
  endfacet
  facet normal -0.595703 0.803204 0
    outer loop
      vertex -1.66671 2.49441 0
      vertex -1.90318 2.31903 3.4
      vertex -1.66671 2.49441 3.4
    endloop
  endfacet
  facet normal -0.595703 0.803204 0
    outer loop
      vertex -1.90318 2.31903 3.4
      vertex -1.66671 2.49441 0
      vertex -1.90318 2.31903 0
    endloop
  endfacet
  facet normal -0.427569 0.903983 0
    outer loop
      vertex -1.14805 2.77164 0
      vertex -1.41419 2.64576 3.4
      vertex -1.14805 2.77164 3.4
    endloop
  endfacet
  facet normal -0.427569 0.903983 0
    outer loop
      vertex -1.41419 2.64576 3.4
      vertex -1.14805 2.77164 0
      vertex -1.41419 2.64576 0
    endloop
  endfacet
  facet normal -0.671558 0.740952 0
    outer loop
      vertex -1.90318 2.31903 0
      vertex -2.12132 2.12132 3.4
      vertex -1.90318 2.31903 3.4
    endloop
  endfacet
  facet normal -0.671558 0.740952 0
    outer loop
      vertex -2.12132 2.12132 3.4
      vertex -1.90318 2.31903 0
      vertex -2.12132 2.12132 0
    endloop
  endfacet
  facet normal 0.998795 0.0490819 0
    outer loop
      vertex 3 0 3.4
      vertex 2.98555 0.294051 0
      vertex 2.98555 0.294051 3.4
    endloop
  endfacet
  facet normal 0.998795 0.0490819 0
    outer loop
      vertex 2.98555 0.294051 0
      vertex 3 0 3.4
      vertex 3 0 0
    endloop
  endfacet
  facet normal 0.970027 -0.242998 0
    outer loop
      vertex 2.87082 -0.870853 3.4
      vertex 2.94236 -0.585271 0
      vertex 2.94236 -0.585271 3.4
    endloop
  endfacet
  facet normal 0.970027 -0.242998 0
    outer loop
      vertex 2.94236 -0.585271 0
      vertex 2.87082 -0.870853 3.4
      vertex 2.87082 -0.870853 0
    endloop
  endfacet
  facet normal 0.242996 -0.970027 0
    outer loop
      vertex 0.599999 -2.93867 0
      vertex 0.870853 -2.87082 3.4
      vertex 0.599999 -2.93867 3.4
    endloop
  endfacet
  facet normal 0.242996 -0.970027 0
    outer loop
      vertex 0.870853 -2.87082 3.4
      vertex 0.599999 -2.93867 0
      vertex 0.870853 -2.87082 0
    endloop
  endfacet
  facet normal 0.595703 -0.803204 0
    outer loop
      vertex 1.66671 -2.49441 0
      vertex 1.90318 -2.31903 3.4
      vertex 1.66671 -2.49441 3.4
    endloop
  endfacet
  facet normal 0.595703 -0.803204 0
    outer loop
      vertex 1.90318 -2.31903 3.4
      vertex 1.66671 -2.49441 0
      vertex 1.90318 -2.31903 0
    endloop
  endfacet
  facet normal 0.427569 -0.903983 0
    outer loop
      vertex 1.14805 -2.77164 0
      vertex 1.41419 -2.64576 3.4
      vertex 1.14805 -2.77164 3.4
    endloop
  endfacet
  facet normal 0.427569 -0.903983 0
    outer loop
      vertex 1.41419 -2.64576 3.4
      vertex 1.14805 -2.77164 0
      vertex 1.41419 -2.64576 0
    endloop
  endfacet
  facet normal -0.336882 -0.941547 0
    outer loop
      vertex -1.14805 -2.77164 0
      vertex -0.870853 -2.87082 3.4
      vertex -1.14805 -2.77164 3.4
    endloop
  endfacet
  facet normal -0.336882 -0.941547 -0
    outer loop
      vertex -0.870853 -2.87082 3.4
      vertex -1.14805 -2.77164 0
      vertex -0.870853 -2.87082 0
    endloop
  endfacet
  facet normal -0.514091 -0.857736 0
    outer loop
      vertex -1.66671 -2.49441 0
      vertex -1.41419 -2.64576 3.4
      vertex -1.66671 -2.49441 3.4
    endloop
  endfacet
  facet normal -0.514091 -0.857736 -0
    outer loop
      vertex -1.41419 -2.64576 3.4
      vertex -1.66671 -2.49441 0
      vertex -1.41419 -2.64576 0
    endloop
  endfacet
  facet normal -0.970027 -0.242998 0
    outer loop
      vertex -2.87082 -0.870853 0
      vertex -2.94236 -0.585271 3.4
      vertex -2.94236 -0.585271 0
    endloop
  endfacet
  facet normal -0.970027 -0.242998 0
    outer loop
      vertex -2.94236 -0.585271 3.4
      vertex -2.87082 -0.870853 0
      vertex -2.87082 -0.870853 3.4
    endloop
  endfacet
  facet normal -0.998795 -0.0490819 0
    outer loop
      vertex -2.98555 -0.294051 0
      vertex -3 0 3.4
      vertex -3 0 0
    endloop
  endfacet
  facet normal -0.998795 -0.0490819 0
    outer loop
      vertex -3 0 3.4
      vertex -2.98555 -0.294051 0
      vertex -2.98555 -0.294051 3.4
    endloop
  endfacet
  facet normal -0.803204 -0.595703 0
    outer loop
      vertex -2.31903 -1.90318 0
      vertex -2.49441 -1.66671 3.4
      vertex -2.49441 -1.66671 0
    endloop
  endfacet
  facet normal -0.803204 -0.595703 0
    outer loop
      vertex -2.49441 -1.66671 3.4
      vertex -2.31903 -1.90318 0
      vertex -2.31903 -1.90318 3.4
    endloop
  endfacet
  facet normal -0.903983 -0.427569 0
    outer loop
      vertex -2.64576 -1.41419 0
      vertex -2.77164 -1.14805 3.4
      vertex -2.77164 -1.14805 0
    endloop
  endfacet
  facet normal -0.903983 -0.427569 0
    outer loop
      vertex -2.77164 -1.14805 3.4
      vertex -2.64576 -1.41419 0
      vertex -2.64576 -1.41419 3.4
    endloop
  endfacet
  facet normal 0.989181 -0.146703 0
    outer loop
      vertex 2.94236 -0.585271 3.4
      vertex 2.98555 -0.294051 0
      vertex 2.98555 -0.294051 3.4
    endloop
  endfacet
  facet normal 0.989181 -0.146703 0
    outer loop
      vertex 2.98555 -0.294051 0
      vertex 2.94236 -0.585271 3.4
      vertex 2.94236 -0.585271 0
    endloop
  endfacet
  facet normal 0.857736 -0.514091 0
    outer loop
      vertex 2.49441 -1.66671 3.4
      vertex 2.64576 -1.41419 0
      vertex 2.64576 -1.41419 3.4
    endloop
  endfacet
  facet normal 0.857736 -0.514091 0
    outer loop
      vertex 2.64576 -1.41419 0
      vertex 2.49441 -1.66671 3.4
      vertex 2.49441 -1.66671 0
    endloop
  endfacet
  facet normal 0.336882 -0.941547 0
    outer loop
      vertex 0.870853 -2.87082 0
      vertex 1.14805 -2.77164 3.4
      vertex 0.870853 -2.87082 3.4
    endloop
  endfacet
  facet normal 0.336882 -0.941547 0
    outer loop
      vertex 1.14805 -2.77164 3.4
      vertex 0.870853 -2.87082 0
      vertex 1.14805 -2.77164 0
    endloop
  endfacet
  facet normal 0.671558 -0.740952 0
    outer loop
      vertex 1.90318 -2.31903 0
      vertex 2.12132 -2.12132 3.4
      vertex 1.90318 -2.31903 3.4
    endloop
  endfacet
  facet normal 0.671558 -0.740952 0
    outer loop
      vertex 2.12132 -2.12132 3.4
      vertex 1.90318 -2.31903 0
      vertex 2.12132 -2.12132 0
    endloop
  endfacet
  facet normal 0.514091 -0.857736 0
    outer loop
      vertex 1.41419 -2.64576 0
      vertex 1.66671 -2.49441 3.4
      vertex 1.41419 -2.64576 3.4
    endloop
  endfacet
  facet normal 0.514091 -0.857736 0
    outer loop
      vertex 1.66671 -2.49441 3.4
      vertex 1.41419 -2.64576 0
      vertex 1.66671 -2.49441 0
    endloop
  endfacet
  facet normal -0.242996 -0.970027 0
    outer loop
      vertex -0.870853 -2.87082 0
      vertex -0.599999 -2.93867 3.4
      vertex -0.870853 -2.87082 3.4
    endloop
  endfacet
  facet normal -0.242996 -0.970027 -0
    outer loop
      vertex -0.599999 -2.93867 3.4
      vertex -0.870853 -2.87082 0
      vertex -0.599999 -2.93867 0
    endloop
  endfacet
  facet normal -0.595703 -0.803204 0
    outer loop
      vertex -1.90318 -2.31903 0
      vertex -1.66671 -2.49441 3.4
      vertex -1.90318 -2.31903 3.4
    endloop
  endfacet
  facet normal -0.595703 -0.803204 -0
    outer loop
      vertex -1.66671 -2.49441 3.4
      vertex -1.90318 -2.31903 0
      vertex -1.66671 -2.49441 0
    endloop
  endfacet
  facet normal -0.941547 -0.336882 0
    outer loop
      vertex -2.77164 -1.14805 0
      vertex -2.87082 -0.870853 3.4
      vertex -2.87082 -0.870853 0
    endloop
  endfacet
  facet normal -0.941547 -0.336882 0
    outer loop
      vertex -2.87082 -0.870853 3.4
      vertex -2.77164 -1.14805 0
      vertex -2.77164 -1.14805 3.4
    endloop
  endfacet
  facet normal -0.989181 -0.146703 0
    outer loop
      vertex -2.94236 -0.585271 0
      vertex -2.98555 -0.294051 3.4
      vertex -2.98555 -0.294051 0
    endloop
  endfacet
  facet normal -0.989181 -0.146703 0
    outer loop
      vertex -2.98555 -0.294051 3.4
      vertex -2.94236 -0.585271 0
      vertex -2.94236 -0.585271 3.4
    endloop
  endfacet
  facet normal -0.857736 -0.514091 0
    outer loop
      vertex -2.49441 -1.66671 0
      vertex -2.64576 -1.41419 3.4
      vertex -2.64576 -1.41419 0
    endloop
  endfacet
  facet normal -0.857736 -0.514091 0
    outer loop
      vertex -2.64576 -1.41419 3.4
      vertex -2.49441 -1.66671 0
      vertex -2.49441 -1.66671 3.4
    endloop
  endfacet
  facet normal -0.740952 -0.671558 0
    outer loop
      vertex -2.12132 -2.12132 0
      vertex -2.31903 -1.90318 3.4
      vertex -2.31903 -1.90318 0
    endloop
  endfacet
  facet normal -0.740952 -0.671558 0
    outer loop
      vertex -2.31903 -1.90318 3.4
      vertex -2.12132 -2.12132 0
      vertex -2.12132 -2.12132 3.4
    endloop
  endfacet
  facet normal 0.903983 -0.427569 0
    outer loop
      vertex 2.64576 -1.41419 3.4
      vertex 2.77164 -1.14805 0
      vertex 2.77164 -1.14805 3.4
    endloop
  endfacet
  facet normal 0.903983 -0.427569 0
    outer loop
      vertex 2.77164 -1.14805 0
      vertex 2.64576 -1.41419 3.4
      vertex 2.64576 -1.41419 0
    endloop
  endfacet
  facet normal 0.803204 -0.595703 0
    outer loop
      vertex 2.31903 -1.90318 3.4
      vertex 2.49441 -1.66671 0
      vertex 2.49441 -1.66671 3.4
    endloop
  endfacet
  facet normal 0.803204 -0.595703 0
    outer loop
      vertex 2.49441 -1.66671 0
      vertex 2.31903 -1.90318 3.4
      vertex 2.31903 -1.90318 0
    endloop
  endfacet
  facet normal 0.740952 -0.671558 0
    outer loop
      vertex 2.12132 -2.12132 3.4
      vertex 2.31903 -1.90318 0
      vertex 2.31903 -1.90318 3.4
    endloop
  endfacet
  facet normal 0.740952 -0.671558 0
    outer loop
      vertex 2.31903 -1.90318 0
      vertex 2.12132 -2.12132 3.4
      vertex 2.12132 -2.12132 0
    endloop
  endfacet
  facet normal 1 -0 0
    outer loop
      vertex 25 -0.65 3.1
      vertex 25 0.65 0
      vertex 25 0.65 3.1
    endloop
  endfacet
  facet normal 1 0 0
    outer loop
      vertex 25 0.65 0
      vertex 25 -0.65 3.1
      vertex 25 -0.65 0
    endloop
  endfacet
  facet normal 0 0 -1
    outer loop
      vertex 25 -0.65 3.1
      vertex 26.35 0.65 3.1
      vertex 26.35 -0.65 3.1
    endloop
  endfacet
  facet normal -0 0 -1
    outer loop
      vertex 26.35 0.65 3.1
      vertex 25 -0.65 3.1
      vertex 25 0.65 3.1
    endloop
  endfacet
  facet normal 0 0 -1
    outer loop
      vertex 26.35 -0.65 3.1
      vertex 27.65 -0.65 3.1
      vertex 27.65 -2 3.1
    endloop
  endfacet
  facet normal 0 0 -1
    outer loop
      vertex 27.65 -0.65 3.1
      vertex 26.35 -0.65 3.1
      vertex 27.65 0.65 3.1
    endloop
  endfacet
  facet normal 0 0 -1
    outer loop
      vertex 26.35 -0.65 3.1
      vertex 27.65 -2 3.1
      vertex 26.35 -2 3.1
    endloop
  endfacet
  facet normal 0 0 -1
    outer loop
      vertex 26.35 0.65 3.1
      vertex 27.65 0.65 3.1
      vertex 26.35 -0.65 3.1
    endloop
  endfacet
  facet normal 0 0 -1
    outer loop
      vertex 27.65 0.65 3.1
      vertex 26.35 0.65 3.1
      vertex 27.65 2 3.1
    endloop
  endfacet
  facet normal -0 0 -1
    outer loop
      vertex 27.65 2 3.1
      vertex 26.35 0.65 3.1
      vertex 26.35 2 3.1
    endloop
  endfacet
  facet normal 0 0 -1
    outer loop
      vertex 27.65 -0.65 3.1
      vertex 29 0.65 3.1
      vertex 29 -0.65 3.1
    endloop
  endfacet
  facet normal -0 0 -1
    outer loop
      vertex 29 0.65 3.1
      vertex 27.65 -0.65 3.1
      vertex 27.65 0.65 3.1
    endloop
  endfacet
  facet normal -1 0 0
    outer loop
      vertex 29 -0.65 0
      vertex 29 0.65 3.1
      vertex 29 0.65 0
    endloop
  endfacet
  facet normal -1 -0 0
    outer loop
      vertex 29 0.65 3.1
      vertex 29 -0.65 0
      vertex 29 -0.65 3.1
    endloop
  endfacet
  facet normal 0 1 -0
    outer loop
      vertex 29 -0.65 0
      vertex 27.65 -0.65 3.1
      vertex 29 -0.65 3.1
    endloop
  endfacet
  facet normal 0 1 0
    outer loop
      vertex 27.65 -0.65 3.1
      vertex 29 -0.65 0
      vertex 27.65 -0.65 0
    endloop
  endfacet
  facet normal 0 1 -0
    outer loop
      vertex 26.35 -0.65 0
      vertex 25 -0.65 3.1
      vertex 26.35 -0.65 3.1
    endloop
  endfacet
  facet normal 0 1 0
    outer loop
      vertex 25 -0.65 3.1
      vertex 26.35 -0.65 0
      vertex 25 -0.65 0
    endloop
  endfacet
  facet normal 0 -1 0
    outer loop
      vertex 27.65 0.65 0
      vertex 29 0.65 3.1
      vertex 27.65 0.65 3.1
    endloop
  endfacet
  facet normal 0 -1 -0
    outer loop
      vertex 29 0.65 3.1
      vertex 27.65 0.65 0
      vertex 29 0.65 0
    endloop
  endfacet
  facet normal 0 -1 0
    outer loop
      vertex 25 0.65 0
      vertex 26.35 0.65 3.1
      vertex 25 0.65 3.1
    endloop
  endfacet
  facet normal 0 -1 -0
    outer loop
      vertex 26.35 0.65 3.1
      vertex 25 0.65 0
      vertex 26.35 0.65 0
    endloop
  endfacet
  facet normal 1 -0 0
    outer loop
      vertex 26.35 -2 3.1
      vertex 26.35 -0.65 0
      vertex 26.35 -0.65 3.1
    endloop
  endfacet
  facet normal 1 0 0
    outer loop
      vertex 26.35 -0.65 0
      vertex 26.35 -2 3.1
      vertex 26.35 -2 0
    endloop
  endfacet
  facet normal 1 -0 0
    outer loop
      vertex 26.35 0.65 3.1
      vertex 26.35 2 0
      vertex 26.35 2 3.1
    endloop
  endfacet
  facet normal 1 0 0
    outer loop
      vertex 26.35 2 0
      vertex 26.35 0.65 3.1
      vertex 26.35 0.65 0
    endloop
  endfacet
  facet normal -1 0 0
    outer loop
      vertex 27.65 -2 0
      vertex 27.65 -0.65 3.1
      vertex 27.65 -0.65 0
    endloop
  endfacet
  facet normal -1 -0 0
    outer loop
      vertex 27.65 -0.65 3.1
      vertex 27.65 -2 0
      vertex 27.65 -2 3.1
    endloop
  endfacet
  facet normal -1 0 0
    outer loop
      vertex 27.65 0.65 0
      vertex 27.65 2 3.1
      vertex 27.65 2 0
    endloop
  endfacet
  facet normal -1 -0 0
    outer loop
      vertex 27.65 2 3.1
      vertex 27.65 0.65 0
      vertex 27.65 0.65 3.1
    endloop
  endfacet
  facet normal 0 -1 0
    outer loop
      vertex 26.35 2 0
      vertex 27.65 2 3.1
      vertex 26.35 2 3.1
    endloop
  endfacet
  facet normal 0 -1 -0
    outer loop
      vertex 27.65 2 3.1
      vertex 26.35 2 0
      vertex 27.65 2 0
    endloop
  endfacet
  facet normal 0 1 -0
    outer loop
      vertex 27.65 -2 0
      vertex 26.35 -2 3.1
      vertex 27.65 -2 3.1
    endloop
  endfacet
  facet normal 0 1 0
    outer loop
      vertex 26.35 -2 3.1
      vertex 27.65 -2 0
      vertex 26.35 -2 0
    endloop
  endfacet
  facet normal 0.671625 0.740891 -0
    outer loop
      vertex 29.1213 2.12132 0
      vertex 28.9032 2.31903 3.4
      vertex 29.1213 2.12132 3.4
    endloop
  endfacet
  facet normal 0.671625 0.740891 0
    outer loop
      vertex 28.9032 2.31903 3.4
      vertex 29.1213 2.12132 0
      vertex 28.9032 2.31903 0
    endloop
  endfacet
  facet normal 0.998803 -0.0489125 0
    outer loop
      vertex 29.9856 -0.294051 3.4
      vertex 30 0 0
      vertex 30 0 3.4
    endloop
  endfacet
  facet normal 0.998803 -0.0489125 0
    outer loop
      vertex 30 0 0
      vertex 29.9856 -0.294051 3.4
      vertex 29.9856 -0.294051 0
    endloop
  endfacet
  facet normal -0.336986 0.94151 0
    outer loop
      vertex 26.1291 2.87082 0
      vertex 25.852 2.77164 3.4
      vertex 26.1291 2.87082 3.4
    endloop
  endfacet
  facet normal -0.336986 0.94151 0
    outer loop
      vertex 25.852 2.77164 3.4
      vertex 26.1291 2.87082 0
      vertex 25.852 2.77164 0
    endloop
  endfacet
  facet normal -0.904088 0.427347 0
    outer loop
      vertex 24.2284 1.14805 0
      vertex 24.3542 1.41419 3.4
      vertex 24.3542 1.41419 0
    endloop
  endfacet
  facet normal -0.904088 0.427347 0
    outer loop
      vertex 24.3542 1.41419 3.4
      vertex 24.2284 1.14805 0
      vertex 24.2284 1.14805 3.4
    endloop
  endfacet
  facet normal -0.427491 -0.90402 0
    outer loop
      vertex 25.5858 -2.64576 0
      vertex 25.852 -2.77164 3.4
      vertex 25.5858 -2.64576 3.4
    endloop
  endfacet
  facet normal -0.427491 -0.90402 -0
    outer loop
      vertex 25.852 -2.77164 3.4
      vertex 25.5858 -2.64576 0
      vertex 25.852 -2.77164 0
    endloop
  endfacet
  facet normal 0.904088 0.427347 0
    outer loop
      vertex 29.7716 1.14805 3.4
      vertex 29.6458 1.41419 0
      vertex 29.6458 1.41419 3.4
    endloop
  endfacet
  facet normal 0.904088 0.427347 0
    outer loop
      vertex 29.6458 1.41419 0
      vertex 29.7716 1.14805 3.4
      vertex 29.7716 1.14805 0
    endloop
  endfacet
  facet normal 0.857661 0.514216 0
    outer loop
      vertex 29.6458 1.41419 3.4
      vertex 29.4944 1.66671 0
      vertex 29.4944 1.66671 3.4
    endloop
  endfacet
  facet normal 0.857661 0.514216 0
    outer loop
      vertex 29.4944 1.66671 0
      vertex 29.6458 1.41419 3.4
      vertex 29.6458 1.41419 0
    endloop
  endfacet
  facet normal 0.427491 0.90402 -0
    outer loop
      vertex 28.4142 2.64576 0
      vertex 28.148 2.77164 3.4
      vertex 28.4142 2.64576 3.4
    endloop
  endfacet
  facet normal 0.427491 0.90402 0
    outer loop
      vertex 28.148 2.77164 3.4
      vertex 28.4142 2.64576 0
      vertex 28.148 2.77164 0
    endloop
  endfacet
  facet normal 0.146712 0.989179 -0
    outer loop
      vertex 27.5853 2.94236 0
      vertex 27.2941 2.98555 3.4
      vertex 27.5853 2.94236 3.4
    endloop
  endfacet
  facet normal 0.146712 0.989179 0
    outer loop
      vertex 27.2941 2.98555 3.4
      vertex 27.5853 2.94236 0
      vertex 27.2941 2.98555 0
    endloop
  endfacet
  facet normal -0.989176 0.146736 0
    outer loop
      vertex 24.0144 0.294051 0
      vertex 24.0576 0.585271 3.4
      vertex 24.0576 0.585271 0
    endloop
  endfacet
  facet normal -0.989176 0.146736 0
    outer loop
      vertex 24.0576 0.585271 3.4
      vertex 24.0144 0.294051 0
      vertex 24.0144 0.294051 3.4
    endloop
  endfacet
  facet normal -0.740969 0.671539 0
    outer loop
      vertex 24.681 1.90318 0
      vertex 24.8787 2.12132 3.4
      vertex 24.8787 2.12132 0
    endloop
  endfacet
  facet normal -0.740969 0.671539 0
    outer loop
      vertex 24.8787 2.12132 3.4
      vertex 24.681 1.90318 0
      vertex 24.681 1.90318 3.4
    endloop
  endfacet
  facet normal -0.146712 0.989179 0
    outer loop
      vertex 26.7059 2.98555 0
      vertex 26.4147 2.94236 3.4
      vertex 26.7059 2.98555 3.4
    endloop
  endfacet
  facet normal -0.146712 0.989179 0
    outer loop
      vertex 26.4147 2.94236 3.4
      vertex 26.7059 2.98555 0
      vertex 26.4147 2.94236 0
    endloop
  endfacet
  facet normal 0.941525 -0.336942 0
    outer loop
      vertex 29.7716 -1.14805 3.4
      vertex 29.8708 -0.870853 0
      vertex 29.8708 -0.870853 3.4
    endloop
  endfacet
  facet normal 0.941525 -0.336942 0
    outer loop
      vertex 29.8708 -0.870853 0
      vertex 29.7716 -1.14805 3.4
      vertex 29.7716 -1.14805 0
    endloop
  endfacet
  facet normal -0.146712 -0.989179 0
    outer loop
      vertex 26.4147 -2.94236 0
      vertex 26.7059 -2.98555 3.4
      vertex 26.4147 -2.94236 3.4
    endloop
  endfacet
  facet normal -0.146712 -0.989179 -0
    outer loop
      vertex 26.7059 -2.98555 3.4
      vertex 26.4147 -2.94236 0
      vertex 26.7059 -2.98555 0
    endloop
  endfacet
  facet normal -0.671625 -0.740891 0
    outer loop
      vertex 24.8787 -2.12132 0
      vertex 25.0968 -2.31903 3.4
      vertex 24.8787 -2.12132 3.4
    endloop
  endfacet
  facet normal -0.671625 -0.740891 -0
    outer loop
      vertex 25.0968 -2.31903 3.4
      vertex 24.8787 -2.12132 0
      vertex 25.0968 -2.31903 0
    endloop
  endfacet
  facet normal 0 0 -1
    outer loop
      vertex 25 0.65 0
      vertex 26.35 2 0
      vertex 26.35 0.65 0
    endloop
  endfacet
  facet normal 0 0 -1
    outer loop
      vertex 26.35 2 0
      vertex 25.852 2.77164 0
      vertex 26.1291 2.87082 0
    endloop
  endfacet
  facet normal 0 0 -1
    outer loop
      vertex 26.35 2 0
      vertex 25.5858 2.64576 0
      vertex 25.852 2.77164 0
    endloop
  endfacet
  facet normal 0 0 -1
    outer loop
      vertex 26.35 2 0
      vertex 25.3333 2.49441 0
      vertex 25.5858 2.64576 0
    endloop
  endfacet
  facet normal 0 0 -1
    outer loop
      vertex 26.35 2 0
      vertex 25.0968 2.31903 0
      vertex 25.3333 2.49441 0
    endloop
  endfacet
  facet normal -0 0 -1
    outer loop
      vertex 26.35 2 0
      vertex 25 0.65 0
      vertex 24.8787 2.12132 0
    endloop
  endfacet
  facet normal 0 0 -1
    outer loop
      vertex 26.35 2 0
      vertex 24.8787 2.12132 0
      vertex 25.0968 2.31903 0
    endloop
  endfacet
  facet normal 0 0 -1
    outer loop
      vertex 24.5056 -1.66671 0
      vertex 25 -0.65 0
      vertex 24.681 -1.90318 0
    endloop
  endfacet
  facet normal 0 0 -1
    outer loop
      vertex 24.3542 -1.41419 0
      vertex 25 -0.65 0
      vertex 24.5056 -1.66671 0
    endloop
  endfacet
  facet normal 0 0 -1
    outer loop
      vertex 25 0.65 0
      vertex 24.681 1.90318 0
      vertex 24.8787 2.12132 0
    endloop
  endfacet
  facet normal 0 0 -1
    outer loop
      vertex 24.2284 -1.14805 0
      vertex 25 -0.65 0
      vertex 24.3542 -1.41419 0
    endloop
  endfacet
  facet normal 0 0 -1
    outer loop
      vertex 25 0.65 0
      vertex 24.5056 1.66671 0
      vertex 24.681 1.90318 0
    endloop
  endfacet
  facet normal 0 0 -1
    outer loop
      vertex 24.1292 -0.870853 0
      vertex 25 -0.65 0
      vertex 24.2284 -1.14805 0
    endloop
  endfacet
  facet normal 0 0 -1
    outer loop
      vertex 25 0.65 0
      vertex 24.3542 1.41419 0
      vertex 24.5056 1.66671 0
    endloop
  endfacet
  facet normal 0 0 -1
    outer loop
      vertex 24.0576 -0.585271 0
      vertex 25 -0.65 0
      vertex 24.1292 -0.870853 0
    endloop
  endfacet
  facet normal 0 0 -1
    outer loop
      vertex 25 0.65 0
      vertex 24.2284 1.14805 0
      vertex 24.3542 1.41419 0
    endloop
  endfacet
  facet normal 0 0 -1
    outer loop
      vertex 24.0144 -0.294051 0
      vertex 25 -0.65 0
      vertex 24.0576 -0.585271 0
    endloop
  endfacet
  facet normal 0 0 -1
    outer loop
      vertex 25 0.65 0
      vertex 24.1292 0.870853 0
      vertex 24.2284 1.14805 0
    endloop
  endfacet
  facet normal 0 0 -1
    outer loop
      vertex 24 0 0
      vertex 25 -0.65 0
      vertex 24.0144 -0.294051 0
    endloop
  endfacet
  facet normal -0 0 -1
    outer loop
      vertex 25 0.65 0
      vertex 24.0576 0.585271 0
      vertex 24.1292 0.870853 0
    endloop
  endfacet
  facet normal 0 0 -1
    outer loop
      vertex 25 -0.65 0
      vertex 24 0 0
      vertex 25 0.65 0
    endloop
  endfacet
  facet normal 0 0 -1
    outer loop
      vertex 25 0.65 0
      vertex 24.0144 0.294051 0
      vertex 24.0576 0.585271 0
    endloop
  endfacet
  facet normal 0 0 -1
    outer loop
      vertex 25 0.65 0
      vertex 24 0 0
      vertex 24.0144 0.294051 0
    endloop
  endfacet
  facet normal 0 0 -1
    outer loop
      vertex 27.5853 -2.94236 0
      vertex 27.65 -2 0
      vertex 27.8709 -2.87082 0
    endloop
  endfacet
  facet normal 0 0 -1
    outer loop
      vertex 27.2941 -2.98555 0
      vertex 27.65 -2 0
      vertex 27.5853 -2.94236 0
    endloop
  endfacet
  facet normal 0 0 -1
    outer loop
      vertex 27 -3 0
      vertex 27.65 -2 0
      vertex 27.2941 -2.98555 0
    endloop
  endfacet
  facet normal 0 0 -1
    outer loop
      vertex 26.35 -2 0
      vertex 27 -3 0
      vertex 26.7059 -2.98555 0
    endloop
  endfacet
  facet normal 0 0 -1
    outer loop
      vertex 26.35 -2 0
      vertex 26.7059 -2.98555 0
      vertex 26.4147 -2.94236 0
    endloop
  endfacet
  facet normal 0 0 -1
    outer loop
      vertex 27 -3 0
      vertex 26.35 -2 0
      vertex 27.65 -2 0
    endloop
  endfacet
  facet normal 0 0 -1
    outer loop
      vertex 26.1291 -2.87082 0
      vertex 26.35 -2 0
      vertex 26.4147 -2.94236 0
    endloop
  endfacet
  facet normal 0 0 -1
    outer loop
      vertex 25.852 -2.77164 0
      vertex 26.35 -2 0
      vertex 26.1291 -2.87082 0
    endloop
  endfacet
  facet normal 0 0 -1
    outer loop
      vertex 25.5858 -2.64576 0
      vertex 26.35 -2 0
      vertex 25.852 -2.77164 0
    endloop
  endfacet
  facet normal 0 0 -1
    outer loop
      vertex 25.3333 -2.49441 0
      vertex 26.35 -2 0
      vertex 25.5858 -2.64576 0
    endloop
  endfacet
  facet normal 0 0 -1
    outer loop
      vertex 25.0968 -2.31903 0
      vertex 26.35 -2 0
      vertex 25.3333 -2.49441 0
    endloop
  endfacet
  facet normal 0 0 -1
    outer loop
      vertex 24.8787 -2.12132 0
      vertex 26.35 -2 0
      vertex 25.0968 -2.31903 0
    endloop
  endfacet
  facet normal 0 -0 -1
    outer loop
      vertex 25 -0.65 0
      vertex 26.35 -2 0
      vertex 24.8787 -2.12132 0
    endloop
  endfacet
  facet normal 0 0 -1
    outer loop
      vertex 24.681 -1.90318 0
      vertex 25 -0.65 0
      vertex 24.8787 -2.12132 0
    endloop
  endfacet
  facet normal 0 0 -1
    outer loop
      vertex 26.35 -2 0
      vertex 25 -0.65 0
      vertex 26.35 -0.65 0
    endloop
  endfacet
  facet normal 0 0 -1
    outer loop
      vertex 29 -0.65 0
      vertex 30 0 0
      vertex 29.9856 -0.294051 0
    endloop
  endfacet
  facet normal 0 0 -1
    outer loop
      vertex 29 -0.65 0
      vertex 29.9856 -0.294051 0
      vertex 29.9424 -0.585271 0
    endloop
  endfacet
  facet normal 0 0 -1
    outer loop
      vertex 29 0.65 0
      vertex 30 0 0
      vertex 29 -0.65 0
    endloop
  endfacet
  facet normal 0 0 -1
    outer loop
      vertex 29 -0.65 0
      vertex 29.9424 -0.585271 0
      vertex 29.8708 -0.870853 0
    endloop
  endfacet
  facet normal 0 0 -1
    outer loop
      vertex 30 0 0
      vertex 29 0.65 0
      vertex 29.9856 0.294051 0
    endloop
  endfacet
  facet normal 0 0 -1
    outer loop
      vertex 29 -0.65 0
      vertex 29.8708 -0.870853 0
      vertex 29.7716 -1.14805 0
    endloop
  endfacet
  facet normal 0 0 -1
    outer loop
      vertex 29.9856 0.294051 0
      vertex 29 0.65 0
      vertex 29.9424 0.585271 0
    endloop
  endfacet
  facet normal 0 0 -1
    outer loop
      vertex 29 -0.65 0
      vertex 29.7716 -1.14805 0
      vertex 29.6458 -1.41419 0
    endloop
  endfacet
  facet normal 0 0 -1
    outer loop
      vertex 29.9424 0.585271 0
      vertex 29 0.65 0
      vertex 29.8708 0.870853 0
    endloop
  endfacet
  facet normal 0 0 -1
    outer loop
      vertex 29 -0.65 0
      vertex 29.6458 -1.41419 0
      vertex 29.4944 -1.66671 0
    endloop
  endfacet
  facet normal -0 0 -1
    outer loop
      vertex 29.8708 0.870853 0
      vertex 29 0.65 0
      vertex 29.7716 1.14805 0
    endloop
  endfacet
  facet normal 0 0 -1
    outer loop
      vertex 29 -0.65 0
      vertex 29.4944 -1.66671 0
      vertex 29.319 -1.90318 0
    endloop
  endfacet
  facet normal -0 0 -1
    outer loop
      vertex 29.7716 1.14805 0
      vertex 29 0.65 0
      vertex 29.6458 1.41419 0
    endloop
  endfacet
  facet normal 0 0 -1
    outer loop
      vertex 29 -0.65 0
      vertex 29.319 -1.90318 0
      vertex 29.1213 -2.12132 0
    endloop
  endfacet
  facet normal -0 0 -1
    outer loop
      vertex 29.6458 1.41419 0
      vertex 29 0.65 0
      vertex 29.4944 1.66671 0
    endloop
  endfacet
  facet normal -0 0 -1
    outer loop
      vertex 29.4944 1.66671 0
      vertex 29 0.65 0
      vertex 29.319 1.90318 0
    endloop
  endfacet
  facet normal 0 0 -1
    outer loop
      vertex 27.65 -2 0
      vertex 29.1213 -2.12132 0
      vertex 28.9032 -2.31903 0
    endloop
  endfacet
  facet normal 0 0 -1
    outer loop
      vertex 27.65 -2 0
      vertex 28.9032 -2.31903 0
      vertex 28.6667 -2.49441 0
    endloop
  endfacet
  facet normal 0 0 -1
    outer loop
      vertex 27.65 -2 0
      vertex 28.6667 -2.49441 0
      vertex 28.4142 -2.64576 0
    endloop
  endfacet
  facet normal 0 0 -1
    outer loop
      vertex 27.65 -2 0
      vertex 28.4142 -2.64576 0
      vertex 28.148 -2.77164 0
    endloop
  endfacet
  facet normal 0 0 -1
    outer loop
      vertex 27.65 -2 0
      vertex 28.148 -2.77164 0
      vertex 27.8709 -2.87082 0
    endloop
  endfacet
  facet normal 0 0 -1
    outer loop
      vertex 29.1213 -2.12132 0
      vertex 27.65 -2 0
      vertex 29 -0.65 0
    endloop
  endfacet
  facet normal -0 0 -1
    outer loop
      vertex 29 -0.65 0
      vertex 27.65 -2 0
      vertex 27.65 -0.65 0
    endloop
  endfacet
  facet normal -0 0 -1
    outer loop
      vertex 29.319 1.90318 0
      vertex 29 0.65 0
      vertex 29.1213 2.12132 0
    endloop
  endfacet
  facet normal 0 0 -1
    outer loop
      vertex 27.65 2 0
      vertex 29.1213 2.12132 0
      vertex 29 0.65 0
    endloop
  endfacet
  facet normal -0 0 -1
    outer loop
      vertex 29.1213 2.12132 0
      vertex 27.65 2 0
      vertex 28.9032 2.31903 0
    endloop
  endfacet
  facet normal -0 0 -1
    outer loop
      vertex 28.9032 2.31903 0
      vertex 27.65 2 0
      vertex 28.6667 2.49441 0
    endloop
  endfacet
  facet normal -0 0 -1
    outer loop
      vertex 28.6667 2.49441 0
      vertex 27.65 2 0
      vertex 28.4142 2.64576 0
    endloop
  endfacet
  facet normal -0 0 -1
    outer loop
      vertex 28.4142 2.64576 0
      vertex 27.65 2 0
      vertex 28.148 2.77164 0
    endloop
  endfacet
  facet normal 0 0 -1
    outer loop
      vertex 27.65 2 0
      vertex 29 0.65 0
      vertex 27.65 0.65 0
    endloop
  endfacet
  facet normal -0 0 -1
    outer loop
      vertex 28.148 2.77164 0
      vertex 27.65 2 0
      vertex 27.8709 2.87082 0
    endloop
  endfacet
  facet normal 0 0 -1
    outer loop
      vertex 27.65 2 0
      vertex 27.5853 2.94236 0
      vertex 27.8709 2.87082 0
    endloop
  endfacet
  facet normal 0 0 -1
    outer loop
      vertex 27.65 2 0
      vertex 27.2941 2.98555 0
      vertex 27.5853 2.94236 0
    endloop
  endfacet
  facet normal 0 0 -1
    outer loop
      vertex 27.65 2 0
      vertex 27 3 0
      vertex 27.2941 2.98555 0
    endloop
  endfacet
  facet normal 0 0 -1
    outer loop
      vertex 26.35 2 0
      vertex 27 3 0
      vertex 27.65 2 0
    endloop
  endfacet
  facet normal 0 0 -1
    outer loop
      vertex 27 3 0
      vertex 26.35 2 0
      vertex 26.7059 2.98555 0
    endloop
  endfacet
  facet normal 0 0 -1
    outer loop
      vertex 26.7059 2.98555 0
      vertex 26.35 2 0
      vertex 26.4147 2.94236 0
    endloop
  endfacet
  facet normal 0 0 -1
    outer loop
      vertex 26.4147 2.94236 0
      vertex 26.35 2 0
      vertex 26.1291 2.87082 0
    endloop
  endfacet
  facet normal 0.989176 0.146736 0
    outer loop
      vertex 29.9856 0.294051 3.4
      vertex 29.9424 0.585271 0
      vertex 29.9424 0.585271 3.4
    endloop
  endfacet
  facet normal 0.989176 0.146736 0
    outer loop
      vertex 29.9424 0.585271 0
      vertex 29.9856 0.294051 3.4
      vertex 29.9856 0.294051 0
    endloop
  endfacet
  facet normal 0.969979 0.243189 0
    outer loop
      vertex 29.9424 0.585271 3.4
      vertex 29.8708 0.870853 0
      vertex 29.8708 0.870853 3.4
    endloop
  endfacet
  facet normal 0.969979 0.243189 0
    outer loop
      vertex 29.8708 0.870853 0
      vertex 29.9424 0.585271 3.4
      vertex 29.9424 0.585271 0
    endloop
  endfacet
  facet normal 0.941525 0.336942 0
    outer loop
      vertex 29.8708 0.870853 3.4
      vertex 29.7716 1.14805 0
      vertex 29.7716 1.14805 3.4
    endloop
  endfacet
  facet normal 0.941525 0.336942 0
    outer loop
      vertex 29.7716 1.14805 0
      vertex 29.8708 0.870853 3.4
      vertex 29.8708 0.870853 0
    endloop
  endfacet
  facet normal 0.803172 0.595747 0
    outer loop
      vertex 29.4944 1.66671 3.4
      vertex 29.319 1.90318 0
      vertex 29.319 1.90318 3.4
    endloop
  endfacet
  facet normal 0.803172 0.595747 0
    outer loop
      vertex 29.319 1.90318 0
      vertex 29.4944 1.66671 3.4
      vertex 29.4944 1.66671 0
    endloop
  endfacet
  facet normal 0.740969 0.671539 0
    outer loop
      vertex 29.319 1.90318 3.4
      vertex 29.1213 2.12132 0
      vertex 29.1213 2.12132 3.4
    endloop
  endfacet
  facet normal 0.740969 0.671539 0
    outer loop
      vertex 29.1213 2.12132 0
      vertex 29.319 1.90318 3.4
      vertex 29.319 1.90318 0
    endloop
  endfacet
  facet normal 0.595655 0.803241 -0
    outer loop
      vertex 28.9032 2.31903 0
      vertex 28.6667 2.49441 3.4
      vertex 28.9032 2.31903 3.4
    endloop
  endfacet
  facet normal 0.595655 0.803241 0
    outer loop
      vertex 28.6667 2.49441 3.4
      vertex 28.9032 2.31903 0
      vertex 28.6667 2.49441 0
    endloop
  endfacet
  facet normal 0.0490738 0.998795 -0
    outer loop
      vertex 27.2941 2.98555 0
      vertex 27 3 3.4
      vertex 27.2941 2.98555 3.4
    endloop
  endfacet
  facet normal 0.0490738 0.998795 0
    outer loop
      vertex 27 3 3.4
      vertex 27.2941 2.98555 0
      vertex 27 3 0
    endloop
  endfacet
  facet normal 0.514121 0.857718 -0
    outer loop
      vertex 28.6667 2.49441 0
      vertex 28.4142 2.64576 3.4
      vertex 28.6667 2.49441 3.4
    endloop
  endfacet
  facet normal 0.514121 0.857718 0
    outer loop
      vertex 28.4142 2.64576 3.4
      vertex 28.6667 2.49441 0
      vertex 28.4142 2.64576 0
    endloop
  endfacet
  facet normal 0.336986 0.94151 -0
    outer loop
      vertex 28.148 2.77164 0
      vertex 27.8709 2.87082 3.4
      vertex 28.148 2.77164 3.4
    endloop
  endfacet
  facet normal 0.336986 0.94151 0
    outer loop
      vertex 27.8709 2.87082 3.4
      vertex 28.148 2.77164 0
      vertex 27.8709 2.87082 0
    endloop
  endfacet
  facet normal 0.242983 0.970031 -0
    outer loop
      vertex 27.8709 2.87082 0
      vertex 27.5853 2.94236 3.4
      vertex 27.8709 2.87082 3.4
    endloop
  endfacet
  facet normal 0.242983 0.970031 0
    outer loop
      vertex 27.5853 2.94236 3.4
      vertex 27.8709 2.87082 0
      vertex 27.5853 2.94236 0
    endloop
  endfacet
  facet normal -0.998803 0.0489125 0
    outer loop
      vertex 24 0 0
      vertex 24.0144 0.294051 3.4
      vertex 24.0144 0.294051 0
    endloop
  endfacet
  facet normal -0.998803 0.0489125 0
    outer loop
      vertex 24.0144 0.294051 3.4
      vertex 24 0 0
      vertex 24 0 3.4
    endloop
  endfacet
  facet normal 0 0 1
    outer loop
      vertex 29.9856 0.294051 3.4
      vertex 29.9856 -0.294051 3.4
      vertex 30 0 3.4
    endloop
  endfacet
  facet normal 0 0 1
    outer loop
      vertex 29.9424 0.585271 3.4
      vertex 29.9856 -0.294051 3.4
      vertex 29.9856 0.294051 3.4
    endloop
  endfacet
  facet normal 0 0 1
    outer loop
      vertex 29.9424 0.585271 3.4
      vertex 29.9424 -0.585271 3.4
      vertex 29.9856 -0.294051 3.4
    endloop
  endfacet
  facet normal 0 0 1
    outer loop
      vertex 29.8708 0.870853 3.4
      vertex 29.9424 -0.585271 3.4
      vertex 29.9424 0.585271 3.4
    endloop
  endfacet
  facet normal 0 0 1
    outer loop
      vertex 29.8708 0.870853 3.4
      vertex 29.8708 -0.870853 3.4
      vertex 29.9424 -0.585271 3.4
    endloop
  endfacet
  facet normal 0 0 1
    outer loop
      vertex 29.7716 1.14805 3.4
      vertex 29.8708 -0.870853 3.4
      vertex 29.8708 0.870853 3.4
    endloop
  endfacet
  facet normal 0 0 1
    outer loop
      vertex 29.7716 1.14805 3.4
      vertex 29.7716 -1.14805 3.4
      vertex 29.8708 -0.870853 3.4
    endloop
  endfacet
  facet normal 0 0 1
    outer loop
      vertex 29.6458 1.41419 3.4
      vertex 29.7716 -1.14805 3.4
      vertex 29.7716 1.14805 3.4
    endloop
  endfacet
  facet normal 0 0 1
    outer loop
      vertex 29.6458 1.41419 3.4
      vertex 29.6458 -1.41419 3.4
      vertex 29.7716 -1.14805 3.4
    endloop
  endfacet
  facet normal 0 0 1
    outer loop
      vertex 29.4944 1.66671 3.4
      vertex 29.6458 -1.41419 3.4
      vertex 29.6458 1.41419 3.4
    endloop
  endfacet
  facet normal 0 0 1
    outer loop
      vertex 29.4944 1.66671 3.4
      vertex 29.4944 -1.66671 3.4
      vertex 29.6458 -1.41419 3.4
    endloop
  endfacet
  facet normal 0 0 1
    outer loop
      vertex 29.319 1.90318 3.4
      vertex 29.4944 -1.66671 3.4
      vertex 29.4944 1.66671 3.4
    endloop
  endfacet
  facet normal 0 0 1
    outer loop
      vertex 29.319 1.90318 3.4
      vertex 29.319 -1.90318 3.4
      vertex 29.4944 -1.66671 3.4
    endloop
  endfacet
  facet normal 0 0 1
    outer loop
      vertex 29.1213 2.12132 3.4
      vertex 29.319 -1.90318 3.4
      vertex 29.319 1.90318 3.4
    endloop
  endfacet
  facet normal 0 0 1
    outer loop
      vertex 29.1213 2.12132 3.4
      vertex 29.1213 -2.12132 3.4
      vertex 29.319 -1.90318 3.4
    endloop
  endfacet
  facet normal 0 0 1
    outer loop
      vertex 28.9032 2.31903 3.4
      vertex 29.1213 -2.12132 3.4
      vertex 29.1213 2.12132 3.4
    endloop
  endfacet
  facet normal 0 0 1
    outer loop
      vertex 28.9032 2.31903 3.4
      vertex 28.9032 -2.31903 3.4
      vertex 29.1213 -2.12132 3.4
    endloop
  endfacet
  facet normal 0 0 1
    outer loop
      vertex 28.6667 2.49441 3.4
      vertex 28.9032 -2.31903 3.4
      vertex 28.9032 2.31903 3.4
    endloop
  endfacet
  facet normal 0 0 1
    outer loop
      vertex 28.6667 2.49441 3.4
      vertex 28.6667 -2.49441 3.4
      vertex 28.9032 -2.31903 3.4
    endloop
  endfacet
  facet normal 0 0 1
    outer loop
      vertex 28.4142 2.64576 3.4
      vertex 28.6667 -2.49441 3.4
      vertex 28.6667 2.49441 3.4
    endloop
  endfacet
  facet normal 0 0 1
    outer loop
      vertex 28.4142 2.64576 3.4
      vertex 28.4142 -2.64576 3.4
      vertex 28.6667 -2.49441 3.4
    endloop
  endfacet
  facet normal 0 0 1
    outer loop
      vertex 28.148 2.77164 3.4
      vertex 28.4142 -2.64576 3.4
      vertex 28.4142 2.64576 3.4
    endloop
  endfacet
  facet normal 0 0 1
    outer loop
      vertex 28.148 2.77164 3.4
      vertex 28.148 -2.77164 3.4
      vertex 28.4142 -2.64576 3.4
    endloop
  endfacet
  facet normal 0 0 1
    outer loop
      vertex 27.8709 2.87082 3.4
      vertex 28.148 -2.77164 3.4
      vertex 28.148 2.77164 3.4
    endloop
  endfacet
  facet normal 0 0 1
    outer loop
      vertex 27.8709 2.87082 3.4
      vertex 27.8709 -2.87082 3.4
      vertex 28.148 -2.77164 3.4
    endloop
  endfacet
  facet normal 0 0 1
    outer loop
      vertex 27.5853 2.94236 3.4
      vertex 27.8709 -2.87082 3.4
      vertex 27.8709 2.87082 3.4
    endloop
  endfacet
  facet normal 0 0 1
    outer loop
      vertex 27.5853 2.94236 3.4
      vertex 27.5853 -2.94236 3.4
      vertex 27.8709 -2.87082 3.4
    endloop
  endfacet
  facet normal 0 0 1
    outer loop
      vertex 27.2941 2.98555 3.4
      vertex 27.5853 -2.94236 3.4
      vertex 27.5853 2.94236 3.4
    endloop
  endfacet
  facet normal 0 0 1
    outer loop
      vertex 27.2941 2.98555 3.4
      vertex 27.2941 -2.98555 3.4
      vertex 27.5853 -2.94236 3.4
    endloop
  endfacet
  facet normal 0 0 1
    outer loop
      vertex 27 3 3.4
      vertex 27.2941 -2.98555 3.4
      vertex 27.2941 2.98555 3.4
    endloop
  endfacet
  facet normal 0 0 1
    outer loop
      vertex 27 3 3.4
      vertex 27 -3 3.4
      vertex 27.2941 -2.98555 3.4
    endloop
  endfacet
  facet normal -0 0 1
    outer loop
      vertex 26.7059 2.98555 3.4
      vertex 27 -3 3.4
      vertex 27 3 3.4
    endloop
  endfacet
  facet normal 0 0 1
    outer loop
      vertex 26.7059 2.98555 3.4
      vertex 26.7059 -2.98555 3.4
      vertex 27 -3 3.4
    endloop
  endfacet
  facet normal -0 0 1
    outer loop
      vertex 26.4147 2.94236 3.4
      vertex 26.7059 -2.98555 3.4
      vertex 26.7059 2.98555 3.4
    endloop
  endfacet
  facet normal 0 0 1
    outer loop
      vertex 26.4147 2.94236 3.4
      vertex 26.4147 -2.94236 3.4
      vertex 26.7059 -2.98555 3.4
    endloop
  endfacet
  facet normal -0 0 1
    outer loop
      vertex 26.1291 2.87082 3.4
      vertex 26.4147 -2.94236 3.4
      vertex 26.4147 2.94236 3.4
    endloop
  endfacet
  facet normal 0 0 1
    outer loop
      vertex 26.1291 2.87082 3.4
      vertex 26.1291 -2.87082 3.4
      vertex 26.4147 -2.94236 3.4
    endloop
  endfacet
  facet normal -0 0 1
    outer loop
      vertex 25.852 2.77164 3.4
      vertex 26.1291 -2.87082 3.4
      vertex 26.1291 2.87082 3.4
    endloop
  endfacet
  facet normal 0 0 1
    outer loop
      vertex 25.852 2.77164 3.4
      vertex 25.852 -2.77164 3.4
      vertex 26.1291 -2.87082 3.4
    endloop
  endfacet
  facet normal -0 0 1
    outer loop
      vertex 25.5858 2.64576 3.4
      vertex 25.852 -2.77164 3.4
      vertex 25.852 2.77164 3.4
    endloop
  endfacet
  facet normal 0 0 1
    outer loop
      vertex 25.5858 2.64576 3.4
      vertex 25.5858 -2.64576 3.4
      vertex 25.852 -2.77164 3.4
    endloop
  endfacet
  facet normal -0 0 1
    outer loop
      vertex 25.3333 2.49441 3.4
      vertex 25.5858 -2.64576 3.4
      vertex 25.5858 2.64576 3.4
    endloop
  endfacet
  facet normal 0 0 1
    outer loop
      vertex 25.3333 2.49441 3.4
      vertex 25.3333 -2.49441 3.4
      vertex 25.5858 -2.64576 3.4
    endloop
  endfacet
  facet normal -0 0 1
    outer loop
      vertex 25.0968 2.31903 3.4
      vertex 25.3333 -2.49441 3.4
      vertex 25.3333 2.49441 3.4
    endloop
  endfacet
  facet normal 0 0 1
    outer loop
      vertex 25.0968 2.31903 3.4
      vertex 25.0968 -2.31903 3.4
      vertex 25.3333 -2.49441 3.4
    endloop
  endfacet
  facet normal -0 0 1
    outer loop
      vertex 24.8787 2.12132 3.4
      vertex 25.0968 -2.31903 3.4
      vertex 25.0968 2.31903 3.4
    endloop
  endfacet
  facet normal 0 0 1
    outer loop
      vertex 24.8787 2.12132 3.4
      vertex 24.8787 -2.12132 3.4
      vertex 25.0968 -2.31903 3.4
    endloop
  endfacet
  facet normal -0 0 1
    outer loop
      vertex 24.681 1.90318 3.4
      vertex 24.8787 -2.12132 3.4
      vertex 24.8787 2.12132 3.4
    endloop
  endfacet
  facet normal 0 0 1
    outer loop
      vertex 24.681 1.90318 3.4
      vertex 24.681 -1.90318 3.4
      vertex 24.8787 -2.12132 3.4
    endloop
  endfacet
  facet normal -0 0 1
    outer loop
      vertex 24.5056 1.66671 3.4
      vertex 24.681 -1.90318 3.4
      vertex 24.681 1.90318 3.4
    endloop
  endfacet
  facet normal 0 0 1
    outer loop
      vertex 24.5056 1.66671 3.4
      vertex 24.5056 -1.66671 3.4
      vertex 24.681 -1.90318 3.4
    endloop
  endfacet
  facet normal -0 0 1
    outer loop
      vertex 24.3542 1.41419 3.4
      vertex 24.5056 -1.66671 3.4
      vertex 24.5056 1.66671 3.4
    endloop
  endfacet
  facet normal 0 0 1
    outer loop
      vertex 24.3542 1.41419 3.4
      vertex 24.3542 -1.41419 3.4
      vertex 24.5056 -1.66671 3.4
    endloop
  endfacet
  facet normal -0 0 1
    outer loop
      vertex 24.2284 1.14805 3.4
      vertex 24.3542 -1.41419 3.4
      vertex 24.3542 1.41419 3.4
    endloop
  endfacet
  facet normal 0 0 1
    outer loop
      vertex 24.2284 1.14805 3.4
      vertex 24.2284 -1.14805 3.4
      vertex 24.3542 -1.41419 3.4
    endloop
  endfacet
  facet normal -0 0 1
    outer loop
      vertex 24.1292 0.870853 3.4
      vertex 24.2284 -1.14805 3.4
      vertex 24.2284 1.14805 3.4
    endloop
  endfacet
  facet normal 0 0 1
    outer loop
      vertex 24.1292 0.870853 3.4
      vertex 24.1292 -0.870853 3.4
      vertex 24.2284 -1.14805 3.4
    endloop
  endfacet
  facet normal -0 0 1
    outer loop
      vertex 24.0576 0.585271 3.4
      vertex 24.1292 -0.870853 3.4
      vertex 24.1292 0.870853 3.4
    endloop
  endfacet
  facet normal 0 0 1
    outer loop
      vertex 24.0576 0.585271 3.4
      vertex 24.0576 -0.585271 3.4
      vertex 24.1292 -0.870853 3.4
    endloop
  endfacet
  facet normal -0 0 1
    outer loop
      vertex 24.0144 0.294051 3.4
      vertex 24.0576 -0.585271 3.4
      vertex 24.0576 0.585271 3.4
    endloop
  endfacet
  facet normal 0 0 1
    outer loop
      vertex 24.0144 0.294051 3.4
      vertex 24.0144 -0.294051 3.4
      vertex 24.0576 -0.585271 3.4
    endloop
  endfacet
  facet normal 0 -0 1
    outer loop
      vertex 24.0144 -0.294051 3.4
      vertex 24.0144 0.294051 3.4
      vertex 24 0 3.4
    endloop
  endfacet
  facet normal -0.941525 0.336942 0
    outer loop
      vertex 24.1292 0.870853 0
      vertex 24.2284 1.14805 3.4
      vertex 24.2284 1.14805 0
    endloop
  endfacet
  facet normal -0.941525 0.336942 0
    outer loop
      vertex 24.2284 1.14805 3.4
      vertex 24.1292 0.870853 0
      vertex 24.1292 0.870853 3.4
    endloop
  endfacet
  facet normal -0.969979 0.243189 0
    outer loop
      vertex 24.0576 0.585271 0
      vertex 24.1292 0.870853 3.4
      vertex 24.1292 0.870853 0
    endloop
  endfacet
  facet normal -0.969979 0.243189 0
    outer loop
      vertex 24.1292 0.870853 3.4
      vertex 24.0576 0.585271 0
      vertex 24.0576 0.585271 3.4
    endloop
  endfacet
  facet normal -0.857661 0.514216 0
    outer loop
      vertex 24.3542 1.41419 0
      vertex 24.5056 1.66671 3.4
      vertex 24.5056 1.66671 0
    endloop
  endfacet
  facet normal -0.857661 0.514216 0
    outer loop
      vertex 24.5056 1.66671 3.4
      vertex 24.3542 1.41419 0
      vertex 24.3542 1.41419 3.4
    endloop
  endfacet
  facet normal -0.803172 0.595747 0
    outer loop
      vertex 24.5056 1.66671 0
      vertex 24.681 1.90318 3.4
      vertex 24.681 1.90318 0
    endloop
  endfacet
  facet normal -0.803172 0.595747 0
    outer loop
      vertex 24.681 1.90318 3.4
      vertex 24.5056 1.66671 0
      vertex 24.5056 1.66671 3.4
    endloop
  endfacet
  facet normal -0.242983 0.970031 0
    outer loop
      vertex 26.4147 2.94236 0
      vertex 26.1291 2.87082 3.4
      vertex 26.4147 2.94236 3.4
    endloop
  endfacet
  facet normal -0.242983 0.970031 0
    outer loop
      vertex 26.1291 2.87082 3.4
      vertex 26.4147 2.94236 0
      vertex 26.1291 2.87082 0
    endloop
  endfacet
  facet normal -0.0490738 0.998795 0
    outer loop
      vertex 27 3 0
      vertex 26.7059 2.98555 3.4
      vertex 27 3 3.4
    endloop
  endfacet
  facet normal -0.0490738 0.998795 0
    outer loop
      vertex 26.7059 2.98555 3.4
      vertex 27 3 0
      vertex 26.7059 2.98555 0
    endloop
  endfacet
  facet normal -0.514121 0.857718 0
    outer loop
      vertex 25.5858 2.64576 0
      vertex 25.3333 2.49441 3.4
      vertex 25.5858 2.64576 3.4
    endloop
  endfacet
  facet normal -0.514121 0.857718 0
    outer loop
      vertex 25.3333 2.49441 3.4
      vertex 25.5858 2.64576 0
      vertex 25.3333 2.49441 0
    endloop
  endfacet
  facet normal -0.595655 0.803241 0
    outer loop
      vertex 25.3333 2.49441 0
      vertex 25.0968 2.31903 3.4
      vertex 25.3333 2.49441 3.4
    endloop
  endfacet
  facet normal -0.595655 0.803241 0
    outer loop
      vertex 25.0968 2.31903 3.4
      vertex 25.3333 2.49441 0
      vertex 25.0968 2.31903 0
    endloop
  endfacet
  facet normal -0.427491 0.90402 0
    outer loop
      vertex 25.852 2.77164 0
      vertex 25.5858 2.64576 3.4
      vertex 25.852 2.77164 3.4
    endloop
  endfacet
  facet normal -0.427491 0.90402 0
    outer loop
      vertex 25.5858 2.64576 3.4
      vertex 25.852 2.77164 0
      vertex 25.5858 2.64576 0
    endloop
  endfacet
  facet normal -0.671625 0.740891 0
    outer loop
      vertex 25.0968 2.31903 0
      vertex 24.8787 2.12132 3.4
      vertex 25.0968 2.31903 3.4
    endloop
  endfacet
  facet normal -0.671625 0.740891 0
    outer loop
      vertex 24.8787 2.12132 3.4
      vertex 25.0968 2.31903 0
      vertex 24.8787 2.12132 0
    endloop
  endfacet
  facet normal 0.998803 0.0489125 0
    outer loop
      vertex 30 0 3.4
      vertex 29.9856 0.294051 0
      vertex 29.9856 0.294051 3.4
    endloop
  endfacet
  facet normal 0.998803 0.0489125 0
    outer loop
      vertex 29.9856 0.294051 0
      vertex 30 0 3.4
      vertex 30 0 0
    endloop
  endfacet
  facet normal 0.969979 -0.243189 0
    outer loop
      vertex 29.8708 -0.870853 3.4
      vertex 29.9424 -0.585271 0
      vertex 29.9424 -0.585271 3.4
    endloop
  endfacet
  facet normal 0.969979 -0.243189 0
    outer loop
      vertex 29.9424 -0.585271 0
      vertex 29.8708 -0.870853 3.4
      vertex 29.8708 -0.870853 0
    endloop
  endfacet
  facet normal 0.0490738 -0.998795 0
    outer loop
      vertex 27 -3 0
      vertex 27.2941 -2.98555 3.4
      vertex 27 -3 3.4
    endloop
  endfacet
  facet normal 0.0490738 -0.998795 0
    outer loop
      vertex 27.2941 -2.98555 3.4
      vertex 27 -3 0
      vertex 27.2941 -2.98555 0
    endloop
  endfacet
  facet normal 0.242983 -0.970031 0
    outer loop
      vertex 27.5853 -2.94236 0
      vertex 27.8709 -2.87082 3.4
      vertex 27.5853 -2.94236 3.4
    endloop
  endfacet
  facet normal 0.242983 -0.970031 0
    outer loop
      vertex 27.8709 -2.87082 3.4
      vertex 27.5853 -2.94236 0
      vertex 27.8709 -2.87082 0
    endloop
  endfacet
  facet normal 0.595655 -0.803241 0
    outer loop
      vertex 28.6667 -2.49441 0
      vertex 28.9032 -2.31903 3.4
      vertex 28.6667 -2.49441 3.4
    endloop
  endfacet
  facet normal 0.595655 -0.803241 0
    outer loop
      vertex 28.9032 -2.31903 3.4
      vertex 28.6667 -2.49441 0
      vertex 28.9032 -2.31903 0
    endloop
  endfacet
  facet normal 0.427491 -0.90402 0
    outer loop
      vertex 28.148 -2.77164 0
      vertex 28.4142 -2.64576 3.4
      vertex 28.148 -2.77164 3.4
    endloop
  endfacet
  facet normal 0.427491 -0.90402 0
    outer loop
      vertex 28.4142 -2.64576 3.4
      vertex 28.148 -2.77164 0
      vertex 28.4142 -2.64576 0
    endloop
  endfacet
  facet normal -0.336986 -0.94151 0
    outer loop
      vertex 25.852 -2.77164 0
      vertex 26.1291 -2.87082 3.4
      vertex 25.852 -2.77164 3.4
    endloop
  endfacet
  facet normal -0.336986 -0.94151 -0
    outer loop
      vertex 26.1291 -2.87082 3.4
      vertex 25.852 -2.77164 0
      vertex 26.1291 -2.87082 0
    endloop
  endfacet
  facet normal -0.514121 -0.857718 0
    outer loop
      vertex 25.3333 -2.49441 0
      vertex 25.5858 -2.64576 3.4
      vertex 25.3333 -2.49441 3.4
    endloop
  endfacet
  facet normal -0.514121 -0.857718 -0
    outer loop
      vertex 25.5858 -2.64576 3.4
      vertex 25.3333 -2.49441 0
      vertex 25.5858 -2.64576 0
    endloop
  endfacet
  facet normal -0.969979 -0.243189 0
    outer loop
      vertex 24.1292 -0.870853 0
      vertex 24.0576 -0.585271 3.4
      vertex 24.0576 -0.585271 0
    endloop
  endfacet
  facet normal -0.969979 -0.243189 0
    outer loop
      vertex 24.0576 -0.585271 3.4
      vertex 24.1292 -0.870853 0
      vertex 24.1292 -0.870853 3.4
    endloop
  endfacet
  facet normal -0.998803 -0.0489125 0
    outer loop
      vertex 24.0144 -0.294051 0
      vertex 24 0 3.4
      vertex 24 0 0
    endloop
  endfacet
  facet normal -0.998803 -0.0489125 0
    outer loop
      vertex 24 0 3.4
      vertex 24.0144 -0.294051 0
      vertex 24.0144 -0.294051 3.4
    endloop
  endfacet
  facet normal -0.803172 -0.595747 0
    outer loop
      vertex 24.681 -1.90318 0
      vertex 24.5056 -1.66671 3.4
      vertex 24.5056 -1.66671 0
    endloop
  endfacet
  facet normal -0.803172 -0.595747 0
    outer loop
      vertex 24.5056 -1.66671 3.4
      vertex 24.681 -1.90318 0
      vertex 24.681 -1.90318 3.4
    endloop
  endfacet
  facet normal -0.904088 -0.427347 0
    outer loop
      vertex 24.3542 -1.41419 0
      vertex 24.2284 -1.14805 3.4
      vertex 24.2284 -1.14805 0
    endloop
  endfacet
  facet normal -0.904088 -0.427347 0
    outer loop
      vertex 24.2284 -1.14805 3.4
      vertex 24.3542 -1.41419 0
      vertex 24.3542 -1.41419 3.4
    endloop
  endfacet
  facet normal 0.989176 -0.146736 0
    outer loop
      vertex 29.9424 -0.585271 3.4
      vertex 29.9856 -0.294051 0
      vertex 29.9856 -0.294051 3.4
    endloop
  endfacet
  facet normal 0.989176 -0.146736 0
    outer loop
      vertex 29.9856 -0.294051 0
      vertex 29.9424 -0.585271 3.4
      vertex 29.9424 -0.585271 0
    endloop
  endfacet
  facet normal 0.857661 -0.514216 0
    outer loop
      vertex 29.4944 -1.66671 3.4
      vertex 29.6458 -1.41419 0
      vertex 29.6458 -1.41419 3.4
    endloop
  endfacet
  facet normal 0.857661 -0.514216 0
    outer loop
      vertex 29.6458 -1.41419 0
      vertex 29.4944 -1.66671 3.4
      vertex 29.4944 -1.66671 0
    endloop
  endfacet
  facet normal 0.146712 -0.989179 0
    outer loop
      vertex 27.2941 -2.98555 0
      vertex 27.5853 -2.94236 3.4
      vertex 27.2941 -2.98555 3.4
    endloop
  endfacet
  facet normal 0.146712 -0.989179 0
    outer loop
      vertex 27.5853 -2.94236 3.4
      vertex 27.2941 -2.98555 0
      vertex 27.5853 -2.94236 0
    endloop
  endfacet
  facet normal 0.336986 -0.94151 0
    outer loop
      vertex 27.8709 -2.87082 0
      vertex 28.148 -2.77164 3.4
      vertex 27.8709 -2.87082 3.4
    endloop
  endfacet
  facet normal 0.336986 -0.94151 0
    outer loop
      vertex 28.148 -2.77164 3.4
      vertex 27.8709 -2.87082 0
      vertex 28.148 -2.77164 0
    endloop
  endfacet
  facet normal 0.671625 -0.740891 0
    outer loop
      vertex 28.9032 -2.31903 0
      vertex 29.1213 -2.12132 3.4
      vertex 28.9032 -2.31903 3.4
    endloop
  endfacet
  facet normal 0.671625 -0.740891 0
    outer loop
      vertex 29.1213 -2.12132 3.4
      vertex 28.9032 -2.31903 0
      vertex 29.1213 -2.12132 0
    endloop
  endfacet
  facet normal 0.514121 -0.857718 0
    outer loop
      vertex 28.4142 -2.64576 0
      vertex 28.6667 -2.49441 3.4
      vertex 28.4142 -2.64576 3.4
    endloop
  endfacet
  facet normal 0.514121 -0.857718 0
    outer loop
      vertex 28.6667 -2.49441 3.4
      vertex 28.4142 -2.64576 0
      vertex 28.6667 -2.49441 0
    endloop
  endfacet
  facet normal -0.0490738 -0.998795 0
    outer loop
      vertex 26.7059 -2.98555 0
      vertex 27 -3 3.4
      vertex 26.7059 -2.98555 3.4
    endloop
  endfacet
  facet normal -0.0490738 -0.998795 -0
    outer loop
      vertex 27 -3 3.4
      vertex 26.7059 -2.98555 0
      vertex 27 -3 0
    endloop
  endfacet
  facet normal -0.242983 -0.970031 0
    outer loop
      vertex 26.1291 -2.87082 0
      vertex 26.4147 -2.94236 3.4
      vertex 26.1291 -2.87082 3.4
    endloop
  endfacet
  facet normal -0.242983 -0.970031 -0
    outer loop
      vertex 26.4147 -2.94236 3.4
      vertex 26.1291 -2.87082 0
      vertex 26.4147 -2.94236 0
    endloop
  endfacet
  facet normal -0.595655 -0.803241 0
    outer loop
      vertex 25.0968 -2.31903 0
      vertex 25.3333 -2.49441 3.4
      vertex 25.0968 -2.31903 3.4
    endloop
  endfacet
  facet normal -0.595655 -0.803241 -0
    outer loop
      vertex 25.3333 -2.49441 3.4
      vertex 25.0968 -2.31903 0
      vertex 25.3333 -2.49441 0
    endloop
  endfacet
  facet normal -0.941525 -0.336942 0
    outer loop
      vertex 24.2284 -1.14805 0
      vertex 24.1292 -0.870853 3.4
      vertex 24.1292 -0.870853 0
    endloop
  endfacet
  facet normal -0.941525 -0.336942 0
    outer loop
      vertex 24.1292 -0.870853 3.4
      vertex 24.2284 -1.14805 0
      vertex 24.2284 -1.14805 3.4
    endloop
  endfacet
  facet normal -0.989176 -0.146736 0
    outer loop
      vertex 24.0576 -0.585271 0
      vertex 24.0144 -0.294051 3.4
      vertex 24.0144 -0.294051 0
    endloop
  endfacet
  facet normal -0.989176 -0.146736 0
    outer loop
      vertex 24.0144 -0.294051 3.4
      vertex 24.0576 -0.585271 0
      vertex 24.0576 -0.585271 3.4
    endloop
  endfacet
  facet normal -0.857661 -0.514216 0
    outer loop
      vertex 24.5056 -1.66671 0
      vertex 24.3542 -1.41419 3.4
      vertex 24.3542 -1.41419 0
    endloop
  endfacet
  facet normal -0.857661 -0.514216 0
    outer loop
      vertex 24.3542 -1.41419 3.4
      vertex 24.5056 -1.66671 0
      vertex 24.5056 -1.66671 3.4
    endloop
  endfacet
  facet normal -0.740969 -0.671539 0
    outer loop
      vertex 24.8787 -2.12132 0
      vertex 24.681 -1.90318 3.4
      vertex 24.681 -1.90318 0
    endloop
  endfacet
  facet normal -0.740969 -0.671539 0
    outer loop
      vertex 24.681 -1.90318 3.4
      vertex 24.8787 -2.12132 0
      vertex 24.8787 -2.12132 3.4
    endloop
  endfacet
  facet normal 0.904088 -0.427347 0
    outer loop
      vertex 29.6458 -1.41419 3.4
      vertex 29.7716 -1.14805 0
      vertex 29.7716 -1.14805 3.4
    endloop
  endfacet
  facet normal 0.904088 -0.427347 0
    outer loop
      vertex 29.7716 -1.14805 0
      vertex 29.6458 -1.41419 3.4
      vertex 29.6458 -1.41419 0
    endloop
  endfacet
  facet normal 0.803172 -0.595747 0
    outer loop
      vertex 29.319 -1.90318 3.4
      vertex 29.4944 -1.66671 0
      vertex 29.4944 -1.66671 3.4
    endloop
  endfacet
  facet normal 0.803172 -0.595747 0
    outer loop
      vertex 29.4944 -1.66671 0
      vertex 29.319 -1.90318 3.4
      vertex 29.319 -1.90318 0
    endloop
  endfacet
  facet normal 0.740969 -0.671539 0
    outer loop
      vertex 29.1213 -2.12132 3.4
      vertex 29.319 -1.90318 0
      vertex 29.319 -1.90318 3.4
    endloop
  endfacet
  facet normal 0.740969 -0.671539 0
    outer loop
      vertex 29.319 -1.90318 0
      vertex 29.1213 -2.12132 3.4
      vertex 29.1213 -2.12132 0
    endloop
  endfacet
  facet normal -1 0 0
    outer loop
      vertex -18.5 6.87625 0
      vertex -18.5 -6.45125 3.4
      vertex -18.5 6.45125 3.4
    endloop
  endfacet
  facet normal -1 0 -0
    outer loop
      vertex -18.5 -6.45125 3.4
      vertex -18.5 6.87625 0
      vertex -18.5 -6.87625 0
    endloop
  endfacet
  facet normal -0 0 1
    outer loop
      vertex -18.5 6.45125 3.4
      vertex -17.3 -6.45125 3.4
      vertex -17.3 6.45125 3.4
    endloop
  endfacet
  facet normal 0 0 1
    outer loop
      vertex -17.3 -6.45125 3.4
      vertex -18.5 6.45125 3.4
      vertex -18.5 -6.45125 3.4
    endloop
  endfacet
  facet normal 1 -0 0
    outer loop
      vertex -17.3 -6.45125 3.4
      vertex -17.3 6.87625 0
      vertex -17.3 6.45125 3.4
    endloop
  endfacet
  facet normal 1 0 0
    outer loop
      vertex -17.3 6.87625 0
      vertex -17.3 -6.45125 3.4
      vertex -17.3 -6.87625 0
    endloop
  endfacet
  facet normal -1 0 0
    outer loop
      vertex -0.599999 2.93867 0
      vertex -0.599999 6.45125 3.4
      vertex -0.599999 6.87625 0
    endloop
  endfacet
  facet normal -1 -0 0
    outer loop
      vertex -0.599999 6.45125 3.4
      vertex -0.599999 2.93867 0
      vertex -0.599999 2.93867 3.4
    endloop
  endfacet
  facet normal -1 0 0
    outer loop
      vertex -0.599999 -2.93867 0
      vertex -0.599999 -6.45125 3.4
      vertex -0.599999 -2.93867 3.4
    endloop
  endfacet
  facet normal -1 0 -0
    outer loop
      vertex -0.599999 -6.45125 3.4
      vertex -0.599999 -2.93867 0
      vertex -0.599999 -6.87625 0
    endloop
  endfacet
  facet normal -1 0 0
    outer loop
      vertex -0.599999 -2 0
      vertex -0.599999 2 3.1
      vertex -0.599999 2 0
    endloop
  endfacet
  facet normal -1 -0 0
    outer loop
      vertex -0.599999 2 3.1
      vertex -0.599999 -2 0
      vertex -0.599999 -2 3.1
    endloop
  endfacet
  facet normal 1 0 0
    outer loop
      vertex 0.599999 2.93867 0
      vertex 0.599999 6.45125 3.4
      vertex 0.599999 2.93867 3.4
    endloop
  endfacet
  facet normal 1 0 0
    outer loop
      vertex 0.599999 6.45125 3.4
      vertex 0.599999 2.93867 0
      vertex 0.599999 6.87625 0
    endloop
  endfacet
  facet normal 1 -0 0
    outer loop
      vertex 0.599999 -6.45125 3.4
      vertex 0.599999 -2.93867 0
      vertex 0.599999 -2.93867 3.4
    endloop
  endfacet
  facet normal 1 0 0
    outer loop
      vertex 0.599999 -2.93867 0
      vertex 0.599999 -6.45125 3.4
      vertex 0.599999 -6.87625 0
    endloop
  endfacet
  facet normal 1 -0 0
    outer loop
      vertex 0.599999 -2 3.1
      vertex 0.599999 2 0
      vertex 0.599999 2 3.1
    endloop
  endfacet
  facet normal 1 0 0
    outer loop
      vertex 0.599999 2 0
      vertex 0.599999 -2 3.1
      vertex 0.599999 -2 0
    endloop
  endfacet
  facet normal -1 0 0
    outer loop
      vertex 17.3 6.87625 0
      vertex 17.3 -6.45125 3.4
      vertex 17.3 6.45125 3.4
    endloop
  endfacet
  facet normal -1 0 -0
    outer loop
      vertex 17.3 -6.45125 3.4
      vertex 17.3 6.87625 0
      vertex 17.3 -6.87625 0
    endloop
  endfacet
  facet normal -0 0 1
    outer loop
      vertex 17.3 6.45125 3.4
      vertex 18.5 -6.45125 3.4
      vertex 18.5 6.45125 3.4
    endloop
  endfacet
  facet normal 0 0 1
    outer loop
      vertex 18.5 -6.45125 3.4
      vertex 17.3 6.45125 3.4
      vertex 17.3 -6.45125 3.4
    endloop
  endfacet
  facet normal 1 -0 0
    outer loop
      vertex 18.5 -6.45125 3.4
      vertex 18.5 6.87625 0
      vertex 18.5 6.45125 3.4
    endloop
  endfacet
  facet normal 1 0 0
    outer loop
      vertex 18.5 6.87625 0
      vertex 18.5 -6.45125 3.4
      vertex 18.5 -6.87625 0
    endloop
  endfacet
endsolid OpenSCAD_Model
